/*
SQLyog Ultimate v12.09 (64 bit)
MySQL - 8.0.22 : Database - mogu_blog_business
*********************************************************************
*/


/*!40101 SET NAMES utf8 */;

/*!40101 SET SQL_MODE=''*/;

/*!40014 SET @OLD_UNIQUE_CHECKS=@@UNIQUE_CHECKS, UNIQUE_CHECKS=0 */;
/*!40014 SET @OLD_FOREIGN_KEY_CHECKS=@@FOREIGN_KEY_CHECKS, FOREIGN_KEY_CHECKS=0 */;
/*!40101 SET @OLD_SQL_MODE=@@SQL_MODE, SQL_MODE='NO_AUTO_VALUE_ON_ZERO' */;
/*!40111 SET @OLD_SQL_NOTES=@@SQL_NOTES, SQL_NOTES=0 */;
CREATE DATABASE /*!32312 IF NOT EXISTS*/`mogu_blog_business` /*!40100 DEFAULT CHARACTER SET utf8mb4 COLLATE utf8mb4_0900_ai_ci */ /*!80016 DEFAULT ENCRYPTION='N' */;

USE `mogu_blog_business`;

/*Table structure for table `t_admin` */

DROP TABLE IF EXISTS `t_admin`;

CREATE TABLE `t_admin` (
  `uid` varchar(32) NOT NULL COMMENT '唯一uid',
  `user_name` varchar(255) NOT NULL COMMENT '用户名',
  `pass_word` varchar(255) NOT NULL COMMENT '密码',
  `gender` varchar(1) DEFAULT NULL COMMENT '性别(1:男2:女)',
  `avatar` varchar(100) DEFAULT NULL COMMENT '个人头像',
  `email` varchar(60) DEFAULT NULL COMMENT '邮箱',
  `birthday` date DEFAULT NULL COMMENT '出生年月日',
  `mobile` varchar(11) DEFAULT NULL COMMENT '手机',
  `valid_code` varchar(50) DEFAULT NULL COMMENT '邮箱验证码',
  `summary` varchar(200) DEFAULT NULL COMMENT '自我简介最多150字',
  `login_count` int unsigned DEFAULT '0' COMMENT '登录次数',
  `last_login_time` datetime DEFAULT NULL COMMENT '最后登录时间',
  `last_login_ip` varchar(50) DEFAULT '127.0.0.1' COMMENT '最后登录IP',
  `status` tinyint unsigned NOT NULL DEFAULT '1' COMMENT '状态',
  `create_time` timestamp NULL DEFAULT NULL COMMENT '创建时间',
  `update_time` timestamp NULL DEFAULT NULL COMMENT '更新时间',
  `nick_name` varchar(255) DEFAULT NULL COMMENT '昵称',
  `qq_number` varchar(255) DEFAULT NULL COMMENT 'QQ号',
  `we_chat` varchar(255) DEFAULT NULL COMMENT '微信号',
  `occupation` varchar(255) DEFAULT NULL COMMENT '职业',
  `github` varchar(255) DEFAULT NULL COMMENT 'github地址',
  `gitee` varchar(255) DEFAULT NULL COMMENT 'gitee地址',
  `role_uid` varchar(32) DEFAULT NULL COMMENT '拥有的角色uid',
  `person_resume` text COMMENT '履历',
  `user_uid` varchar(32) DEFAULT NULL COMMENT '管理员绑定的用户【绑定的用户后，将以该用户的名义进行创作】',
  PRIMARY KEY (`uid`)
) ENGINE=InnoDB DEFAULT CHARSET=utf8 COMMENT='管理员表';

/*Data for the table `t_admin` */

insert  into `t_admin`(`uid`,`user_name`,`pass_word`,`gender`,`avatar`,`email`,`birthday`,`mobile`,`valid_code`,`summary`,`login_count`,`last_login_time`,`last_login_ip`,`status`,`create_time`,`update_time`,`nick_name`,`qq_number`,`we_chat`,`occupation`,`github`,`gitee`,`role_uid`,`person_resume`,`user_uid`) values ('1f01cd1d2f474743b241d74008b12333','admin','$2a$10$B0n1cVKwXok9fu9WKmw6wuuLriYmtnaUGfpHdch6OCAtFxa8zmljO','1','20c3d4696b46016d37f07df756b7a2e2',NULL,NULL,NULL,NULL,'种树最好的时候是十年前，其次是现在！',822,'2021-12-18 19:36:33','39.182.27.13',1,'2021-06-10 20:48:24','2021-12-18 19:36:33','admin',NULL,NULL,'Java开发工程师','https://github.com/moxi624/mogu_blog_v2','https://gitee.com/moxi159753/mogu_blog_v2','434994947c5a4ee3a710cd277357c7c3','<h2>源码&amp;文档</h2>\n\n<p>目前蘑菇博客源码已经开源至<a href=\"https://gitee.com/moxi159753/mogu_blog_v2\" target=\"_blank\">码云</a>和<a href=\"https://github.com/moxi624/mogu_blog_v2\" target=\"_blank\">Github</a>中，感兴趣的小伙伴可以star fork关注一下下~</p>\n\n<p>Gitee地址：<a href=\"https://gitee.com/moxi159753/mogu_blog_v2\" target=\"_blank\">https://gitee.com/moxi159753/mogu_blog_v2</a></p>\n\n<p>Github地址：<a href=\"https://github.com/moxi624/mogu_blog_v2\" target=\"_blank\">https://github.com/moxi624/mogu_blog_v2</a></p>\n\n<p>文档地址：<a href=\"http://moxi159753.gitee.io/mogu_blog_doc\" target=\"_blank\">http://moxi159753.gitee.io/mogu_blog_doc</a></p>\n\n<p>备用文档地址：<a href=\"http://doc.moguit.cn/\" target=\"_blank\">http://doc.moguit.cn</a></p>\n\n<p>蘑菇博客笔记：<a href=\"https://gitee.com/moxi159753/LearningNotes\">https://gitee.com/moxi159753/LearningNotes</a></p>\n\n<h2>关于本站</h2>\n\n<p>本站目前部署在阿里云的轻量应用服务器，配置为1核2G5M，学生价为114元/年</p>\n\n<p>因为目前采用的配置比较低，有一些服务都没有启动，目前只启动的服务有 mogu-eureka，mogu-picture，mogu-sms，mogu-web，mogu-admin</p>\n\n<p>如果您想开启全部功能的话 ，推荐采用2核4G的云服务器进行本项目的部署</p>\n\n<p>最低配置：1核2G (需要开启虚拟内存)</p>\n\n<p>推荐配置：2核4G</p>\n\n<blockquote>\n<p>【阿里云】云服务器狂欢特惠，1核2G 5M轻量级应用服务器114元/年【博主使用】&nbsp;<a href=\"https://www.aliyun.com/minisite/goods?userCode=w7aungxw\">点我进入</a></p>\n\n<p>【阿里云】亿元补贴，充值返卷，万份飞天礼包等你来抢，2核2G 最低仅需86元/年&nbsp;<a href=\"https://www.aliyun.com/purchasing/2021?userCode=w7aungxw\">点我传送</a></p>\n\n<p>【腾讯云】云产品限时秒杀，爆款1核2G云服务器，首年99元（老用户重新用微信QQ注册即可）&nbsp;<a href=\"https://curl.qcloud.com/zry6xub9\">点我进入</a></p>\n</blockquote>\n\n<p>&nbsp;</p>\n\n<hr />\n<h2>友链申请</h2>\n\n<p>如果您想和蘑菇博客交换友链，可以登录后，在个人中心的友链申请处进行申请（我会收到邮件通知~），或者也可以在留言板上进行留言，我看到后也会添加上去~</p>\n\n<ul>\n	<li>请确定贵站可以稳定运营，原创文章数量超过20篇</li>\n	<li>原创博客优先，技术类博客优先</li>\n	<li>申请前请先添加下方蘑菇博客友链</li>\n</ul>\n\n<blockquote>\n<p>网站名称：蘑菇博客</p>\n\n<p>网站LOGO：<a href=\"http://picture.moguit.cn/blog/admin/png/2020/11/9/1604885496928.png\" target=\"_blank\">点我查看</a></p>\n\n<p>网站简介：蘑菇博客 - 专注于技术分享的博客平台</p>\n\n<p>网站地址：http://www.moguit.cn</p>\n</blockquote>\n\n<h2>关于我</h2>\n\n<p><strong>陌溪</strong>&nbsp;是一个从三本院校一路摸滚翻爬上来的程序员。目前就职于&nbsp;<strong>字节跳动的Data广告部门</strong>，是字节跳动全线产品的商业变现研发团队。这两天创建了一个&nbsp;<strong>微信公众号【陌溪教你学编程】</strong>，未来将会在公众号上持续性的输出很多原创小知识以及学习资源，欢迎各位小伙伴关注我，和我一起共同学习，同时我也希望各位小伙伴能够给<strong>蘑菇博客</strong>项目<strong>多多 Star支持</strong>，您的<strong>点赞</strong>就是我维护的动力！</p>\n\n<table border=\"1\" cellpadding=\"1\" cellspacing=\"1\">\n	<tbody>\n		<tr>\n			<td>微信公众号【陌溪教你学编程】</td>\n			<td>微信群【陌溪教你学编程】</td>\n		</tr>\n		<tr>\n			<td><img alt=\"\" src=\"http://localhost:8600/blog/admin/jpg/2021/5/28/1622202938766.jpg\" /></td>\n			<td><img alt=\"\" src=\"http://localhost:8600/blog/admin/jpg/2021/5/28/1622202940094.jpg\" /></td>\n		</tr>\n	</tbody>\n</table>\n\n<p>正宗95后，爱编程，爱旅游，爱生活，爱锻炼，从刚研究生入学后，就坚持着写代码</p>\n\n<blockquote>\n<p>意志力和天生才华，都是人们在事实发生了之后再去赋予某个人的优点：杰森是位不可思议的网球选手，因此，他一定生下来就具有这种才华；杰尼年复一年地练习拉小提琴，每天坚持几个小时，因此，他一定有着令人难以置信的意志力。</p>\n\n<p>&mdash;&mdash;《刻意练习：从新手到大师》</p>\n</blockquote>\n\n<p>平时喜欢把学习上遇到的问题以博客的方式记录下来，主要目的是为了巩固自己的知识，在以后遇到问题的时候，能够非常快速的查阅</p>\n\n<blockquote>\n<p>内心没有阳光的人温暖不了别人。用心写博客，知识不是高谈阔论，是现实点点滴滴的积累</p>\n</blockquote>\n\n<p>最近可能随着研究生生涯过半，已经要着手开始写小论文的事情了，博客项目的更新估计会变的比较缓慢，应该不会存在大版本的更新迭代了，不过每天应该会抽出一点点时间，来解决博客存在的问题~</p>\n\n<p>目前博客项目的技术功能也编写的差不多，可能还要做的就是SEO优化，后面一段时间应该注重于网站的稳定性和BUG的解决，要是小伙伴在使用的时候，发现了什么问题，欢迎私聊我，或者在QQ群里提出~</p>\n\n<p>在今年的8、9月份，也该着手于校招了，后面应该更多的时间沉淀在Java的基础学习了</p>\n\n<p><img src=\"http://localhost:8600/blog/admin/jpg/2021/5/28/1622202940219.jpg\" /></p>\n\n<p>回顾2019年，每天也会在项目中，花费一些时间去提交代码，可能有的时候是增加了新功能，有的时候是解决一个BUG，到现在已经成为了一个习惯了，因此博客项目中也添加了比较多的有趣的功能，比如这个文章贡献度</p>\n\n<p><img src=\"http://localhost:8600/blog/admin/jpg/2021/5/28/1622202939943.jpg\" /></p>\n\n<p>哈哈哈，其实它和码云上的代码贡献度是一样的，每次发表一篇博客，就会标记出个点，点越大说明该天发表博客越多，可能是因为自己有些强迫症的原因，不过我也希望能够借此来激励自己养成每天写博客的习惯，通过分享自己学习到的东西，来和各位IT的前辈们共同进步。</p>\n\n<p>当然闲暇之余也会玩玩游戏，有空的时候会在酒馆搓搓炉石~，玩玩农药，有喜欢的小伙伴也可以一起，虽然我贼菜</p>\n\n<hr />\n<h2>项目起因</h2>\n\n<p>本博客项目由我和几个小伙伴参与开发的，最开始的搭建蘑菇博客的初心是为了巩固和学习Java开发的一些知识，因此项目的技术选型都是比较新颖的技术，可能这些技术并不一定适用于博客系统，但是我也想着能尽可能把更多的技术融合进来，毕竟通过自己手把手的操作一遍，也能够算是入门了。我也很庆幸我成功将自己的项目开源出来了，并且坚持下来，蘑菇博客起源是2018年9月，到想在也已经度过了1年半的岁月。我也从最开始只会一点点Jsp和Servlet就出去找工作的傻小子慢慢成长了，在读研之前，我也在公司里呆过，算上来好像将近快一年，很感谢之前在公司里的同事和领导，是他们带我入门企业级的项目开发，让我养成了很多Java项目开发的规范，但是真正在自己手把手搭建一个项目的时候，其实还是有很多的不足之处。</p>\n\n<blockquote>\n<p>苟有恒,何必三更眠五更起,最无益,莫过一日曝十日寒</p>\n</blockquote>\n','42f5053b1dfb317ac679d3d050a6f19e'),('7621746caa93ce605e2de7143a3787b5','mogu2018','$2a$10$mPlEFU73rmV3rIZD0fMjMua5Gcj.YOiKV.F1uyCvXIB3ajG6oBLGK','1','03ca595e91871ed0bfbed6450cdccf5c','1595833114@qq.com',NULL,NULL,NULL,NULL,21,'2021-02-06 16:16:10','122.236.136.91',1,'2020-07-21 22:09:42','2021-12-18 19:32:22','mogu2018',NULL,NULL,NULL,NULL,NULL,'ad92f1639508ca405728f4981770793b','<h2 id=\"测试\">测试</h2>\n',NULL);

/*Table structure for table `t_blog` */

DROP TABLE IF EXISTS `t_blog`;

CREATE TABLE `t_blog` (
  `uid` varchar(32) NOT NULL COMMENT '唯一uid',
  `title` varchar(255) CHARACTER SET utf8mb4 COLLATE utf8mb4_general_ci DEFAULT NULL COMMENT '博客标题',
  `summary` varchar(255) CHARACTER SET utf8mb4 COLLATE utf8mb4_general_ci DEFAULT NULL COMMENT '博客简介',
  `content` text CHARACTER SET utf8mb4 COLLATE utf8mb4_general_ci COMMENT '博客内容',
  `tag_uid` varchar(255) DEFAULT NULL COMMENT '标签uid',
  `click_count` int DEFAULT '0' COMMENT '博客点击数',
  `collect_count` int DEFAULT '0' COMMENT '博客收藏数',
  `file_uid` varchar(255) DEFAULT NULL COMMENT '标题图片uid',
  `status` tinyint unsigned NOT NULL DEFAULT '1' COMMENT '状态',
  `create_time` timestamp NULL DEFAULT NULL COMMENT '创建时间',
  `update_time` timestamp NULL DEFAULT NULL COMMENT '更新时间',
  `admin_uid` varchar(32) DEFAULT NULL COMMENT '管理员uid',
  `is_original` varchar(1) DEFAULT '1' COMMENT '是否原创（0:不是 1：是）',
  `author` varchar(255) CHARACTER SET utf8mb4 COLLATE utf8mb4_general_ci DEFAULT NULL COMMENT '作者',
  `articles_part` varchar(255) DEFAULT NULL COMMENT '文章出处',
  `blog_sort_uid` varchar(32) DEFAULT NULL COMMENT '博客分类UID',
  `level` tinyint(1) DEFAULT '0' COMMENT '推荐等级(0:正常)',
  `is_publish` varchar(1) DEFAULT '1' COMMENT '是否发布：0：否，1：是',
  `sort` int NOT NULL DEFAULT '0' COMMENT '排序字段',
  `open_comment` tinyint(1) NOT NULL DEFAULT '1' COMMENT '是否开启评论(0:否 1:是)',
  `type` tinyint(1) NOT NULL DEFAULT '0' COMMENT '类型【0 博客， 1：推广】',
  `outside_link` varchar(1024) DEFAULT NULL COMMENT '外链【如果是推广，那么将跳转到外链】',
  `oid` int NOT NULL AUTO_INCREMENT COMMENT '唯一oid',
  `user_uid` varchar(32) DEFAULT NULL COMMENT '投稿用户UID',
  `article_source` tinyint(1) NOT NULL DEFAULT '0' COMMENT '文章来源【0 后台添加，1 用户投稿】',
  `audit_status` tinyint unsigned NOT NULL DEFAULT '1' COMMENT '审批状态【0：待审批，1：审核未通过，2：审核通过】',
  `audit_name` varchar(32) DEFAULT NULL COMMENT '审批人',
  `reject_reason` varchar(255) DEFAULT NULL COMMENT '审批拒绝原因',
  `audit_time` timestamp NULL DEFAULT NULL COMMENT '审批时间',
  `open_loading_valid` tinyint unsigned NOT NULL DEFAULT '1' COMMENT '是否开启加载校验，(0：不开启，1：开启)',
  PRIMARY KEY (`uid`,`oid`),
  KEY `oid` (`oid`)
) ENGINE=InnoDB AUTO_INCREMENT=88 DEFAULT CHARSET=utf8 COMMENT='博客表';

/*Data for the table `t_blog` */

insert  into `t_blog`(`uid`,`title`,`summary`,`content`,`tag_uid`,`click_count`,`collect_count`,`file_uid`,`status`,`create_time`,`update_time`,`admin_uid`,`is_original`,`author`,`articles_part`,`blog_sort_uid`,`level`,`is_publish`,`sort`,`open_comment`,`type`,`outside_link`,`oid`,`user_uid`,`article_source`,`audit_status`,`audit_name`,`reject_reason`,`audit_time`,`open_loading_valid`) values ('388d7fc3d4313c0a99347010eca43668','出现了问题','出现了问题','<p>出现了问题</p>\n','1d1fd6d26c8e40a38637ef6126c45cd0',1,0,'74fdc97330f33eff09bea0cabdfb8c01',1,'2021-06-10 08:02:05','2021-10-25 23:09:26','1f01cd1d2f474743b241d74008b12333','1','admin','蘑菇博客','a03d7290b1c04b6eaf46659661b47032',0,'1',0,1,0,NULL,35,'6795d72d4b27b24e02acb38723ccc5d6',0,2,NULL,NULL,NULL,1),('3af768832916b5e5782d6ca631a39e02','测试','测试','<p>测试</p>\n','7e0e93ea6cdb44ae92e58f48e6496ed7',0,0,'295f4e11a4b4ce89da861cc8af2fb869',1,'2021-06-21 17:59:45','2021-10-25 23:06:12','1f01cd1d2f474743b241d74008b12333','1','admin','蘑菇博客','a03d7290b1c04b6eaf46659661b47032',0,'1',0,1,0,NULL,50,NULL,0,2,NULL,NULL,NULL,1),('3be04b35f76468aa2e5990afbfc9932a','测试波尔克2','测试博客2','<p>测试博客2</p>\n','5626932d452c2ad863d9b3cb0b69d22d',0,0,'96e94eeacf3612504a40562b5e466191',1,'2020-10-13 09:12:03','2021-10-25 23:09:35','1f01cd1d2f474743b241d74008b12333','1','admin','蘑菇博客','a03d7290b1c04b6eaf46659661b47032',0,'1',0,1,0,NULL,6,NULL,0,2,NULL,NULL,NULL,1),('3d32ca12894e50434f979d27e5c3b510','测试4','测试4','<p>测试4</p>\n','7e0e93ea6cdb44ae92e58f48e6496ed7',0,0,'295f4e11a4b4ce89da861cc8af2fb869',1,'2021-08-14 21:19:07','2021-10-25 23:07:07','1f01cd1d2f474743b241d74008b12333','1','admin','蘑菇博客','a03d7290b1c04b6eaf46659661b47032',2,'1',0,1,0,NULL,76,NULL,0,2,NULL,NULL,NULL,1),('3daa7faf8a9839c2247882f67853aeca','测试444','测试444','<p>测试444</p>\n','7e0e93ea6cdb44ae92e58f48e6496ed7',1,0,'74fdc97330f33eff09bea0cabdfb8c01',1,'2021-08-14 21:35:18','2021-10-25 23:07:02','1f01cd1d2f474743b241d74008b12333','1','admin','蘑菇博客','a03d7290b1c04b6eaf46659661b47032',2,'1',0,1,0,NULL,78,NULL,0,2,NULL,NULL,NULL,1),('3f8b7b70fdf6d45fa49776cdd6d0ff1b','测试问题','测试问题','<p>测试问题测试问题测试问题</p>\n','7e0e93ea6cdb44ae92e58f48e6496ed7',0,0,'96e94eeacf3612504a40562b5e466191',1,'2021-08-14 21:40:28','2021-10-25 23:06:58','1f01cd1d2f474743b241d74008b12333','1','mogu2022','蘑菇博客','a03d7290b1c04b6eaf46659661b47032',1,'1',0,1,0,NULL,80,'595ab5582fad346907bec50e09e119cf',1,2,NULL,NULL,NULL,1),('4137035efd12042f37b05450f095dd8f','go测试','go测试','<p>go测试</p>\n<pre><code class=\"language-go\">package main\n\nimport (\n	&quot;context&quot;\n	&quot;fmt&quot;\n	&quot;go.etcd.io/etcd/clientv3&quot;\n	&quot;time&quot;\n)\n\nfunc main() {\n	cli, err := clientv3.New(clientv3.Config {\n		Endpoints: []string{&quot;127.0.0.1:2379&quot;}, // etcd的节点，可以传入多个\n		DialTimeout: 5*time.Second, // 连接超时时间\n	})\n\n	if err != nil {\n		fmt.Printf(&quot;connect to etcd failed, err: %v \\n&quot;, err)\n		return\n	}\n	fmt.Println(&quot;connect to etcd success&quot;)\n\n	// 延迟关闭\n	defer cli.Close()\n\n	// put操作  设置1秒超时\n	ctx, cancel := context.WithTimeout(context.Background(), time.Second)\n	_, err = cli.Put(ctx, &quot;moxi&quot;, &quot;lalala&quot;)\n	cancel()\n	if err != nil {\n		fmt.Printf(&quot;put to etcd failed, err:%v \\n&quot;, err)\n		return\n	}\n\n	// get操作，设置1秒超时\n	ctx, cancel = context.WithTimeout(context.Background(), time.Second)\n	resp, err := cli.Get(ctx, &quot;q1mi&quot;)\n	cancel()\n	if err != nil {\n		fmt.Printf(&quot;get from etcd failed, err:%v \\n&quot;, err)\n		return\n	}\n	fmt.Println(resp)\n}\n</code></pre>\n','5626932d452c2ad863d9b3cb0b69d22d',1,0,'74fdc97330f33eff09bea0cabdfb8c01',1,'2020-09-11 18:28:57','2021-10-25 23:09:44','1f01cd1d2f474743b241d74008b12333','1','admin','蘑菇博客','a03d7290b1c04b6eaf46659661b47032',0,'1',0,1,0,NULL,7,NULL,0,2,NULL,NULL,NULL,1),('4807c3bbce1114066a8bf5024f121391','测试','测试','<p>测试</p>\n','7e0e93ea6cdb44ae92e58f48e6496ed7',7,0,'96e94eeacf3612504a40562b5e466191',1,'2021-06-21 18:17:52','2021-10-25 23:06:06','1f01cd1d2f474743b241d74008b12333','1','admin','蘑菇博客','a03d7290b1c04b6eaf46659661b47032',0,'1',0,1,0,NULL,55,NULL,0,2,NULL,NULL,NULL,1);

/*Table structure for table `t_blog_sort` */

DROP TABLE IF EXISTS `t_blog_sort`;

CREATE TABLE `t_blog_sort` (
  `uid` varchar(32) NOT NULL COMMENT '唯一uid',
  `sort_name` varchar(255) DEFAULT NULL COMMENT '分类内容',
  `content` varchar(255) DEFAULT NULL COMMENT '分类简介',
  `create_time` timestamp NOT NULL DEFAULT '0000-00-00 00:00:00' COMMENT '创建时间',
  `update_time` timestamp NOT NULL DEFAULT '0000-00-00 00:00:00' COMMENT '更新时间',
  `status` tinyint unsigned NOT NULL DEFAULT '1' COMMENT '状态',
  `sort` int DEFAULT '0' COMMENT '排序字段，越大越靠前',
  `click_count` int DEFAULT '0' COMMENT '点击数',
  `icon` varchar(32) DEFAULT NULL COMMENT '分类icon图标',
  PRIMARY KEY (`uid`)
) ENGINE=InnoDB DEFAULT CHARSET=utf8 COMMENT='博客分类表';

/*Data for the table `t_blog_sort` */

insert  into `t_blog_sort`(`uid`,`sort_name`,`content`,`create_time`,`update_time`,`status`,`sort`,`click_count`,`icon`) values ('01b604bb1be10b32847f6fc64e1111bf','测试2','测试2','2020-10-13 10:00:44','2020-10-13 10:00:52',0,0,0,NULL),('029d80ba36a04c96a89a80e2705031a2','测试分类','测试分类','2019-01-11 21:10:43','2019-01-11 21:10:43',0,0,0,NULL),('043e2062e18497fc283d30657e800dac','JVM','Java虚拟机','2020-03-10 07:28:04','2020-03-10 07:28:04',0,0,0,NULL),('093d8bdd01c84890a928e923d5c235fe','软件推荐','软件推荐','2018-09-25 16:14:59','2021-06-02 20:38:36',1,0,5,'el-icon-view'),('2c93dfab0e754006866f8ed486923a41','慢生活','慢生活，不是懒惰，放慢速度不是拖延时间，而是让我们在生活中寻找到平衡','2018-09-25 15:29:33','2021-06-02 20:38:45',1,0,19,'el-icon-chat-line-round'),('337806254f9c42999043de5c5ee09e77','技术新闻','发现世界的每一天','2018-12-30 10:42:11','2021-06-02 20:38:51',1,0,59,'el-icon-medal-1'),('861b7d8f7b5ffec29b1cc09acea67dda','测试','测试','2021-06-21 17:54:43','2021-06-21 17:54:43',1,0,0,'el-icon-user'),('9d2019983d91490aaa758eddd7c07caf','机器学习','机器学习','2018-11-22 20:56:02','2021-06-02 20:38:57',1,0,3,'el-icon-heavy-rain'),('a03d7290b1c04b6eaf46659661b47032','后端开发','后端开发专题','2018-12-30 10:35:43','2021-08-08 19:36:24',1,6,372,'el-icon-monitor'),('ca28ffc94ea94fbda5571e0b242021e2','前端开发','前端开发专题','2018-12-30 10:35:58','2021-06-02 20:39:03',1,0,56,'el-icon-coffee-cup'),('db0d64ea7df409de5d2d747927cfa1a5','学习笔记','学习笔记','2019-08-31 09:50:03','2021-06-02 20:38:28',1,3,111,'el-icon-video-camera'),('e4ccfe610a5d59538836ddbf4dcb31c7','分类名称','分类介绍','2020-10-13 10:00:08','2020-10-13 10:00:14',0,0,0,NULL),('e60df954efcd47c48463a504bb70bbe9','面试','面试专题','2018-12-20 21:16:30','2021-06-02 20:39:09',1,0,43,'el-icon-potato-strips');

/*Table structure for table `t_blog_spider` */

DROP TABLE IF EXISTS `t_blog_spider`;

CREATE TABLE `t_blog_spider` (
  `uid` varchar(32) NOT NULL COMMENT '唯一uid',
  `title` varchar(200) DEFAULT NULL COMMENT '博客标题',
  `summary` varchar(200) DEFAULT NULL COMMENT '博客简介',
  `content` longtext COMMENT '博客内容',
  `tag_uid` varchar(255) DEFAULT NULL COMMENT '标签uid',
  `click_count` int DEFAULT '0' COMMENT '博客点击数',
  `collect_count` int DEFAULT '0' COMMENT '博客收藏数',
  `file_uid` varchar(255) DEFAULT NULL COMMENT '标题图片uid',
  `status` tinyint unsigned NOT NULL DEFAULT '1' COMMENT '状态',
  `create_time` timestamp NOT NULL DEFAULT '0000-00-00 00:00:00' COMMENT '创建时间',
  `update_time` timestamp NOT NULL DEFAULT '0000-00-00 00:00:00' COMMENT '更新时间',
  `admin_uid` varchar(32) DEFAULT NULL COMMENT '管理员uid',
  `is_original` varchar(1) DEFAULT '1' COMMENT '是否原创（0:不是 1：是）',
  `author` varchar(255) DEFAULT NULL COMMENT '作者',
  `articles_part` varchar(255) DEFAULT NULL COMMENT '文章出处',
  `blog_sort_uid` varchar(32) DEFAULT NULL COMMENT '博客分类UID',
  `level` tinyint(1) DEFAULT '0' COMMENT '推荐等级(0:正常)',
  `is_publish` varchar(1) DEFAULT '1' COMMENT '是否发布：0：否，1：是',
  `sort` int NOT NULL DEFAULT '0' COMMENT '排序字段',
  PRIMARY KEY (`uid`)
) ENGINE=InnoDB DEFAULT CHARSET=utf8 COMMENT='博客爬取表';

/*Data for the table `t_blog_spider` */

/*Table structure for table `t_category_menu` */

DROP TABLE IF EXISTS `t_category_menu`;

CREATE TABLE `t_category_menu` (
  `uid` varchar(32) NOT NULL COMMENT '唯一uid',
  `name` varchar(255) NOT NULL COMMENT '菜单名称',
  `menu_level` tinyint(1) DEFAULT NULL COMMENT '菜单级别',
  `summary` varchar(200) DEFAULT NULL COMMENT '简介',
  `parent_uid` varchar(32) DEFAULT NULL COMMENT '父uid',
  `url` varchar(255) DEFAULT NULL COMMENT 'url地址',
  `icon` varchar(50) DEFAULT NULL COMMENT '图标',
  `sort` int DEFAULT '0' COMMENT '排序字段，越大越靠前',
  `status` tinyint unsigned NOT NULL DEFAULT '1' COMMENT '状态',
  `create_time` timestamp NOT NULL DEFAULT '0000-00-00 00:00:00' COMMENT '创建时间',
  `update_time` timestamp NOT NULL DEFAULT '0000-00-00 00:00:00' COMMENT '更新时间',
  `is_show` tinyint(1) NOT NULL DEFAULT '0' COMMENT '是否显示 1:是 0:否',
  `menu_type` tinyint(1) NOT NULL DEFAULT '0' COMMENT '菜单类型 0: 菜单   1: 按钮',
  `is_jump_external_url` tinyint(1) DEFAULT '0' COMMENT '是否跳转外部链接 0：否，1：是',
  PRIMARY KEY (`uid`)
) ENGINE=InnoDB DEFAULT CHARSET=utf8 COMMENT='管理员表';

/*Data for the table `t_category_menu` */

insert  into `t_category_menu`(`uid`,`name`,`menu_level`,`summary`,`parent_uid`,`url`,`icon`,`sort`,`status`,`create_time`,`update_time`,`is_show`,`menu_type`,`is_jump_external_url`) values ('01704cae6dd21267e1a57089a53cf455','批量删除',3,'问答标签 批量删除','94d5a5438d972e7661d3f6e262cf9773','/questionTag/deleteBatch',NULL,0,1,'2021-04-28 10:26:29','2021-04-28 10:31:29',1,1,0),('02ea2f9ef5d44f559fb66189b05f6769','Solr',2,'Solr监控中心','147cd431cbb9007bde87444d7987b151','/monitor/Solr','el-icon-lightning',0,1,'2018-11-30 03:55:39','2020-12-09 20:41:22',1,0,0),('062087bce19d00312b3787b6e24c21d1','字典数据',2,'字典数据','badf0010422b432ba6ec9c83a25012ed','/system/sysDictData','el-icon-data-line',0,1,'2020-02-21 18:06:11','2020-05-30 08:44:04',0,0,0),('065cda845549289b2afcd0129d87c2c0','新增用户',3,'新增用户','fb4237a353d0418ab42c748b7c1d64c6','/user/add',NULL,0,1,'2020-09-29 20:40:09','2020-09-29 20:40:30',1,1,0),('079f0cfdb7a7017d827f5c349983eebc','Eureka',2,'Eureka监控中心','147cd431cbb9007bde87444d7987b151','/monitor/eureka','el-icon-moon-night',0,0,'2020-01-06 05:27:30','2020-12-05 15:21:41',1,0,0),('0850ea1f2db145275c5b7e77cc85c20a','图片爬取',2,'图片爬取','3108a88dcf22633e991c9569d22a8f8d','/spider/pictureSpider','el-icon-search',0,1,'2021-06-07 21:56:55','2021-06-07 21:56:55',1,0,0),('0a035547bbec404eb3ee0ef43312148d','分类管理',2,'管理博客分类','49b42250abcb47ff876bad699cf34f03','/blog/blogSort','el-icon-brush',10,1,'2018-11-26 03:07:14','2020-05-30 08:34:17',1,0,0),('0cab1fcdcd01f394768e2e2674e56773','本地上传',3,'本地文件上传','1f01cd1d2f474743b241d74008b12333','/blog/uploadLocalBlog',NULL,1,1,'2020-04-15 17:28:36','2020-07-09 21:40:01',1,1,0),('0ef5e85a09b8987a2a723b40a9f77160','问答管理',1,'问答管理',NULL,'/question','el-icon-headset',9,1,'2021-04-27 23:03:55','2021-05-04 10:31:14',1,0,0),('147cd431cbb9007bde87444d7987b151','监控中心',1,'监控中心',NULL,'/monitor','el-icon-monitor',0,1,'2020-01-06 13:25:32','2020-07-09 21:33:11',1,0,0),('14bcfc15d02f0d568adf2d383c0342d8','查询',3,'服务监控查询','a0c40ddd3fe15bb3f2edf9ec242a1511','/monitor/getServerInfo',NULL,0,1,'2020-06-03 09:27:41','2020-06-03 09:27:41',1,1,0),('14df8d2b303589f0797cab35ebe3ae4b','批量删除',3,'问答模板 批量删除','2cfdc779041f420b309c4da77ec0c7db','/questionTemplate/deleteBatch',NULL,0,1,'2021-06-09 09:55:47','2021-06-09 09:55:47',1,1,0),('152216a4fd9b995aa20bfa1eec6312c2','Nacos',2,'Nacos图形化界面','147cd431cbb9007bde87444d7987b151','http://localhost:8848/nacos','el-icon-star-off',5,1,'2020-07-03 21:39:58','2020-12-05 15:31:11',1,0,1),('16a75a3c38e71c1046b443b4b64dd930','删除选中',3,'博客管理 删除选中','1f01cd1d2f474743b241d74008b12333','/blog/deleteBatch',NULL,0,1,'2020-03-21 18:21:01','2020-03-21 18:21:01',1,1,0),('1cc493d36e17fad535f2bf70242162b0','图片管理',2,'图片管理','65e22f3d36d94bcea47478aba02895a1','/picture/picture','el-icon-brush',1,1,'2020-02-21 22:27:12','2020-10-12 10:12:30',1,0,0),('1d9a5030142e9fd7690f554c20e3bc90','推荐管理',2,'博客推荐管理','49b42250abcb47ff876bad699cf34f03','/blog/blogRecommend','el-icon-ice-cream-round',0,1,'2020-01-28 10:06:32','2020-05-30 08:34:54',1,0,0),('1dd262b88b63e8f6bd9a6ca72ed0622c','导航栏管理 删除',3,'导航栏管理 删除','6275bc5189e2e595b621d744d68278af','/webNavbar/delete',NULL,0,1,'2021-02-23 13:02:12','2021-02-23 13:02:12',1,1,0),('1f01cd1d2f474743b241d74008b12333','博客管理',2,'对博客进行增删改查','49b42250abcb47ff876bad699cf34f03','/blog/blog','el-icon-notebook-2',11,1,'2018-11-27 03:47:07','2020-05-30 08:33:22',1,0,0),('21a411858fc22b5feb4c44fcad00e529','导航栏管理 编辑',3,'导航栏管理 编辑','6275bc5189e2e595b621d744d68278af','/webNavbar/edit',NULL,0,1,'2021-02-23 13:01:36','2021-02-23 13:01:36',1,1,0),('237d410f90d0c70b894f87a87718d88c','删除全选',3,'专题元素管理 删除全选','7cb1a6b7462832bf831a18a28eea94cd','/subjectItem/deleteBatch',NULL,0,1,'2020-08-23 09:17:22','2020-08-23 09:17:22',1,1,0),('238352fc7e86340c339b9a575b1b7086','Sentinel',2,'Sentinel监控中心','147cd431cbb9007bde87444d7987b151','http://localhost:8070/sentinel/','el-icon-warning-outline',4,1,'2020-07-06 21:25:52','2020-12-05 15:31:27',1,0,1),('2496af227b283bc79d9261b73e3ea743','删除选中',3,'参数配置 删除选中','3eacc357e23b0b17e4f835c2f998ed34','/sysParams/deleteBatch',NULL,0,1,'2020-07-21 16:49:18','2020-07-21 16:49:18',1,1,0),('25b3ea9639872aa730ad6147baf61641','删除',3,'参数配置 删除','3eacc357e23b0b17e4f835c2f998ed34','/sysParams/deleteBatch',NULL,0,1,'2020-07-21 16:48:57','2020-07-21 16:48:57',1,1,0),('26bcccf0164bf84f12ab20448388d346','待办事项',2,'首页  代办事项','badf0010422b432ba6ec9c83a25012ed','/dashboard/todo','el-icon-date',0,1,'2020-03-23 07:51:52','2020-05-30 09:06:59',0,0,0),('287ba89d9609e9f36ec60835a7dddfc7','删除',3,'问答管理 删除','3218dc3afad673f411baf774e22f3deb','/question/delete',NULL,0,1,'2021-04-28 19:05:19','2021-04-28 19:05:19',1,1,0),('2a733ff390af9b44ecda4e8c4634d73k','删除',3,'菜单管理 删除','aa225cdae6464bc0acebd732192f8362','/categoryMenu/delete',NULL,0,1,'2020-03-21 18:23:19','2020-03-21 18:23:19',1,1,0),('2a733ff390af9b44ecda4e8c4634d75d','删除选中',3,'分类管理 删除选中','0a035547bbec404eb3ee0ef43312148d','/blogSort/deleteBatch',NULL,0,1,'2020-03-21 18:23:19','2020-03-21 18:23:19',1,1,0),('2a733ff390af9b44ecda4e8c4634d75f','删除选中',3,'标签管理 删除选中','6606b7e646d545e5a25c70b5e5fade9f','/tag/deleteBatch',NULL,0,1,'2020-03-21 18:23:19','2020-03-21 18:23:19',1,1,0),('2a733ff390af9b44ecda4e8c4634d75k','删除选中',3,'评论管理 删除选中','9beb7caa2c844b36a02789262dc76fbe','/comment/deleteBatch',NULL,0,1,'2020-03-21 18:23:19','2020-04-21 08:33:27',1,1,0),('2a733ff390af9b44ecda4e8c4634d75t','重置密码',3,'用户管理 重置密码','fb4237a353d0418ab42c748b7c1d64c6','/user/resetUserPassword',NULL,0,1,'2020-03-21 18:23:19','2020-04-21 08:28:37',1,1,0),('2a733ff390af9b44ecda4e8c4634d75u','初始化ElasticSearch索引',3,'ElasticSearch 初始化ElasticSearch索引','bfc9463e59a3ca250dcfc1c86627e034','/search/initElasticIndex',NULL,0,1,'2020-03-21 18:23:19','2020-03-21 18:23:19',1,1,0),('2a733ff390af9b44ecda4e8c4634d75v','初始化Solr索引',3,'Solr 初始化Solr索引','02ea2f9ef5d44f559fb66189b05f6769','/search/initSolrIndex',NULL,0,1,'2020-03-21 18:23:19','2020-03-21 18:23:19',1,1,0),('2a733ff390af9b44ecda4e8c4634d78k','删除',3,'友情链接 删除','9002d1ae905c4cb79c2a485333dad2f7','/link/delete',NULL,0,1,'2020-03-21 18:23:19','2020-03-21 18:23:19',1,1,0),('2a733ff390af9b44ecda4e8c4634d7ck','删除选中',3,'字典数据 删除选中','062087bce19d00312b3787b6e24c21d1','/sysDictData/deleteBatch',NULL,0,1,'2020-03-21 18:23:19','2020-03-21 18:23:19',1,1,0),('2a733ff390af9b44ecda4e8c4634d7gk','删除选中',3,'图片管理 删除选中','1cc493d36e17fad535f2bf70242162b0','/picture/delete',NULL,0,1,'2020-03-21 18:23:19','2020-03-21 18:23:19',1,1,0),('2a733ff390af9b44ecda4e8c4634d7lk','删除',3,'管理员管理 删除','2de247af3b0a459095e937d7ab9f5864','/admin/delete',NULL,0,1,'2020-03-21 18:23:19','2020-03-21 18:23:19',1,1,0),('2a733ff390af9b44ecda4e8c4634d7pk','删除',3,'图片类别管理 删除','4dea9c4f39d2480983e8c4333d35e036','/pictureSort/delete',NULL,0,1,'2020-03-21 18:23:19','2020-03-21 18:23:19',1,1,0),('2a733ff390af9b44ecda4e8c4634d7uk','删除',3,'角色管理 删除','5010ae46511e4c0b9f30d1c63ad3f0c1','/role/delete',NULL,0,1,'2020-03-21 18:23:19','2020-03-21 18:23:19',1,1,0),('2a733ff390af9b44ecda4e8c4634db8k','删除',3,'资源分类 删除','9449ce5dd5e24b21a9d15f806cb36e87','/resourceSort/deleteBatch',NULL,0,1,'2020-03-21 18:23:19','2020-03-21 18:23:19',1,1,0),('2a733ff390af9b44ecda4e8c4634dh8c','删除',3,'视频管理 删除','ffc6e9ca2cc243febf6d2f476b849163','/studyVideo/deleteBatch',NULL,0,1,'2020-03-21 18:23:19','2020-03-21 18:23:19',1,1,0),('2a733ff390af9b44ecda4e8c4634dh8k','删除',3,'字典管理 删除','c28f0b052e0b930299dd53de59cc32d7','/sysDictType/delete',NULL,0,1,'2020-03-21 18:23:19','2020-03-21 18:23:19',1,1,0),('2a733ff390af9b44ecda4e8c4634dm8k','修改密码',3,'关于我 修改密码','faccfe476b89483791c05019ad5b4906','/system/changePwd',NULL,0,1,'2020-03-21 18:23:19','2020-03-21 18:23:19',1,1,0),('2b983c5439ac07f2cf07437ba9fff6be','编辑',3,'博客管理 编辑','1f01cd1d2f474743b241d74008b12333','/blog/edit',NULL,0,1,'2020-03-21 18:15:26','2020-03-21 18:15:26',1,1,0),('2cfdc779041f420b309c4da77ec0c7db','问答模板',2,'问答模板','0ef5e85a09b8987a2a723b40a9f77160','/question/questionTemplate','el-icon-notebook-1',0,1,'2021-06-09 08:32:24','2021-06-09 08:32:24',1,0,0),('2d5cd8a387fc2d010c245acd65fefd3b','强退用户',3,'强退后台管理员','bfcb9b002c3de18f269189c573b985f8','/admin/forceLogout',NULL,0,1,'2020-06-09 18:48:28','2020-06-09 18:48:28',1,1,0),('2de247af3b0a459095e937d7ab9f5864','管理员管理',2,'管理员增删改查','d3a19221259d439b916f475e43edb13d','/authority/admin','el-icon-trophy',0,1,'2018-11-25 19:09:21','2020-05-30 08:45:43',1,0,0),('2fb47d3b6dbd44279c8206740a263543','网站配置',2,'网站配置','badf0010422b432ba6ec9c83a25012ed','/system/webConfig','el-icon-setting',1,1,'2018-11-28 19:59:04','2020-08-30 08:01:11',1,0,0),('3108a88dcf22633e991c9569d22a8f8d','爬虫管理',1,'爬虫管理',NULL,'/spider','el-icon-document-copy',0,1,'2021-06-07 21:56:26','2021-06-07 21:56:26',1,0,0),('3218dc3afad673f411baf774e22f3deb','问答管理',2,'问答管理','0ef5e85a09b8987a2a723b40a9f77160','/question/question','el-icon-document',0,1,'2021-04-28 18:41:20','2021-04-28 18:41:20',1,0,0),('327d945daf4ddb71976c4ab3830e7c4i','新增',3,'菜单管理 新增','aa225cdae6464bc0acebd732192f8362','/categoryMenu/add',NULL,0,1,'2020-03-21 18:22:06','2020-03-21 18:22:06',1,1,0),('327d945daf4ddb71976c4ab3830e7c66','新增',3,'分类管理 新增','0a035547bbec404eb3ee0ef43312148d','/blogSort/add',NULL,0,1,'2020-03-21 18:22:06','2020-03-21 18:22:06',1,1,0),('327d945daf4ddb71976c4ab3830e7c6h','新增',3,'标签管理 新增','6606b7e646d545e5a25c70b5e5fade9f','/tag/add',NULL,0,1,'2020-03-21 18:22:06','2020-03-21 18:22:06',1,1,0),('327d945daf4ddb71976c4ab3830e7c6i','新增',3,'评论管理 新增','9beb7caa2c844b36a02789262dc76fbe','/comment/add',NULL,0,1,'2020-03-21 18:22:06','2020-04-21 08:33:12',1,1,0),('327d945daf4ddb71976c4ab3830e7c7i','新增',3,'友情链接 新增','9002d1ae905c4cb79c2a485333dad2f7','/link/add',NULL,0,1,'2020-03-21 18:22:06','2020-03-21 18:22:06',1,1,0),('327d945daf4ddb71976c4ab3830e7cdi','新增',3,'字典数据 新增','062087bce19d00312b3787b6e24c21d1','/sysDictData/add',NULL,0,1,'2020-03-21 18:22:06','2020-03-21 18:22:06',1,1,0),('327d945daf4ddb71976c4ab3830e7cfi','新增',3,'图片管理 新增','1cc493d36e17fad535f2bf70242162b0','/picture/add',NULL,0,1,'2020-03-21 18:22:06','2020-03-21 18:22:06',1,1,0),('327d945daf4ddb71976c4ab3830e7cmi','新增',3,'管理员管理 新增','2de247af3b0a459095e937d7ab9f5864','/admin/add',NULL,0,1,'2020-03-21 18:22:06','2020-03-21 18:22:06',1,1,0),('327d945daf4ddb71976c4ab3830e7cqi','新增',3,'图片类别管理 新增','4dea9c4f39d2480983e8c4333d35e036','/pictureSort/add',NULL,0,1,'2020-03-21 18:22:06','2020-03-21 18:22:06',1,1,0),('327d945daf4ddb71976c4ab3830e7cvi','新增',3,'角色管理 新增','5010ae46511e4c0b9f30d1c63ad3f0c1','/role/add',NULL,0,1,'2020-03-21 18:22:06','2020-03-21 18:22:06',1,1,0),('327d945daf4ddb71976c4ab3830e7d7i','新增',3,'资源分类 新增','9449ce5dd5e24b21a9d15f806cb36e87','/resourceSort/add',NULL,0,1,'2020-03-21 18:22:06','2020-03-21 18:22:06',1,1,0),('327d945daf4ddb71976c4ab3830e7g7d','新增',3,'视频管理 新增','ffc6e9ca2cc243febf6d2f476b849163','/studyVideo/add',NULL,0,1,'2020-03-21 18:22:06','2020-03-21 18:22:06',1,1,0),('327d945daf4ddb71976c4ab3830e7g7i','新增',3,'字典管理 新增','c28f0b052e0b930299dd53de59cc32d7','/sysDictType/add',NULL,0,1,'2020-03-21 18:22:06','2020-03-21 18:22:06',1,1,0),('34c1b7b1bd3118979fe1f9f9a1147fa5','表单构建',2,'表单构建','f4697cdf85920369179b90ff45a5982d','/test/FormBuild','el-icon-milk-tea',0,1,'2020-05-26 22:33:16','2020-05-30 08:46:31',1,0,0),('3e92f2fd6cf012d30bfae2d9cdb7092d','专题管理',2,'博客专题管理','49b42250abcb47ff876bad699cf34f03','/blog/subject','el-icon-collection',0,1,'2020-08-23 08:51:12','2020-08-23 09:18:13',1,0,0),('3eacc357e23b0b17e4f835c2f998ed34','参数配置',2,'配置项目中使用的参数','badf0010422b432ba6ec9c83a25012ed','/system/sysParams','el-icon-document',0,1,'2020-07-21 16:45:15','2020-07-21 16:45:15',1,0,0),('4062db4658392e71c177758bb51bb4cb','新建文件夹',3,'网盘管理 新建文件夹','e1e54aea65cc22d9f8a4c74ce8d23749','/networkDisk/create',NULL,0,1,'2020-06-15 10:36:51','2020-06-15 10:47:02',1,1,0),('407a263eb12eff5aac31e9f62901cea0','Markdown',2,'Markdown编辑器','f4697cdf85920369179b90ff45a5982d','/test/Markdown','el-icon-watermelon',0,1,'2020-01-30 10:36:43','2020-05-30 08:46:22',1,0,0),('4337f63d13d84b9aba64b9d7a69fd066','异常日志',2,'异常日志','98b82be8785e41dc939b6a5517fdfa53','/log/exceptionLog','el-icon-ice-cream',0,1,'2018-11-28 20:01:36','2020-05-30 08:47:53',1,0,0),('49b42250abcb47ff876bad699cf34f03','博客管理',1,'用于博客的一些相关操作',NULL,'/blog','el-icon-edit',20,1,'2018-11-25 05:15:07','2020-10-07 15:35:48',1,0,0),('4dea9c4f39d2480983e8c4333d35e036','图片类别管理',2,'图片类别','65e22f3d36d94bcea47478aba02895a1','/picture/pictureSort','el-icon-printer',2,1,'2018-11-28 19:50:31','2020-10-12 10:13:57',1,0,0),('4e3bf287105637b86e27d8b4fd4e5f42','查询',3,'问答管理 查询','3218dc3afad673f411baf774e22f3deb','/question/getList',NULL,0,1,'2021-04-28 19:16:45','2021-04-28 19:16:45',1,1,0),('4fe7725159ced4a238b816a4595109d1','门户管理',1,'管理门户页面',NULL,'/web','el-icon-help',0,1,'2021-02-22 18:25:34','2021-02-22 18:25:34',1,0,0),('5010ae46511e4c0b9f30d1c63ad3f0c1','角色管理',2,'管理用户角色信息','d3a19221259d439b916f475e43edb13d','/authority/role','el-icon-user',0,1,'2018-11-25 19:10:34','2020-05-30 09:06:22',1,0,0),('505b4769b77617a314a3ed78e4acdff7','Zipkin',2,'Zipkin链路追踪','147cd431cbb9007bde87444d7987b151','http://localhost:9411/zipkin/','el-icon-moon',2,1,'2020-02-06 20:22:18','2020-12-05 15:31:42',1,0,1),('510483ce569b4fc88299f346147b1314','资源管理',1,'资源管理','','/resource','el-icon-present',2,1,'2018-11-28 19:42:13','2020-05-30 08:51:30',1,0,0),('532f3e66d5ab6b6b75133963195d4df2','审批',3,'博客审批','1f01cd1d2f474743b241d74008b12333','/blog/audit',NULL,0,1,'2021-11-30 08:51:12','2021-12-15 16:34:48',1,1,0),('53c3783f1b8d78d78aef4ba803de9c23','发布/下架博客',3,'发布/下架博客','1f01cd1d2f474743b241d74008b12333','/blog/publish',NULL,0,1,'2021-12-01 17:30:59','2021-12-01 17:30:59',1,1,0),('587e2697fa4d85046feece8ab9d0706c','Redis操作',3,'Redis操作 清空缓存','78f24799307cb63bc3759413dadf4d1a','/systemConfig/cleanRedisByKey',NULL,0,1,'2020-04-03 19:38:01','2020-04-03 19:38:00',1,1,0),('5bf9bd28d387ef923f2c5d11ec01fbbd','按创建时间排序',3,'按创建时间排序','7cb1a6b7462832bf831a18a28eea94cd','/subjectItem/sortByCreateTime',NULL,0,1,'2020-12-08 20:38:10','2020-12-08 20:38:10',1,1,0),('5ef38a4f70c6d859155528776a30cda7','上传文件',3,'网盘管理 上传文件','e1e54aea65cc22d9f8a4c74ce8d23749','/networkDisk/add',NULL,0,1,'2020-06-15 10:35:45','2020-06-15 10:46:53',1,1,0),('6228ff4e9ebd42c89599b322201a0345','反馈管理',2,'反馈管理','bcf4a9bc21c14b559bcb015fb7912266','/message/feedback','el-icon-microphone',0,1,'2018-11-28 19:48:30','2020-05-30 08:48:39',1,0,0),('6275bc5189e2e595b621d744d68278af','导航栏管理',2,'导航栏管理','4fe7725159ced4a238b816a4595109d1','/web/webNavbar','el-icon-c-scale-to-original',0,1,'2021-02-22 18:26:13','2021-02-22 18:26:13',1,0,0),('62c91c47c4646661c045727f0a8eb9d4','查询',3,'代办事项  查询','26bcccf0164bf84f12ab20448388d346','/todo/getList',NULL,0,1,'2020-03-23 07:52:42','2020-03-23 07:52:42',1,1,0),('65e22f3d36d94bcea47478aba02895a1','图片管理',1,'图片管理','','/picture','el-icon-picture-outline',3,1,'2018-11-28 19:48:53','2020-05-30 09:07:12',1,0,0),('6606b7e646d545e5a25c70b5e5fade9f','标签管理',2,'对博客标签进行管理','49b42250abcb47ff876bad699cf34f03','/blog/blogTag','el-icon-folder-opened',4,1,'2018-11-26 02:57:38','2020-05-30 08:34:43',1,0,0),('672b093002b618293befd8e1a164e4cc','图片列表',2,'图片列表','f4697cdf85920369179b90ff45a5982d','/test/PictureList','el-icon-sugar',0,1,'2020-04-19 08:31:23','2020-05-30 08:46:14',1,0,0),('688beda820a236b50f18ccdd5dc9fee9','下载',3,'网盘管理 下载','e1e54aea65cc22d9f8a4c74ce8d23749','/networkDisk/download',NULL,0,1,'2020-06-15 10:37:17','2020-06-15 10:46:45',1,1,0),('6c8a8c50c77429fab210bd52ed8c50ba','引用量排序',3,'标签管理 引用量排序','6606b7e646d545e5a25c70b5e5fade9f','/tag/tagSortByCite',NULL,0,1,'2020-03-21 21:38:19','2020-03-21 21:38:19',1,1,0),('6c8a8c50c77429fab210bd52ed8c50bb','引用量排序',3,'分类管理 引用量排序','0a035547bbec404eb3ee0ef43312148d','/blogSort/blogSortByCite',NULL,0,1,'2020-03-21 21:38:19','2020-03-21 21:38:19',1,1,0),('72d26cf940bf9dfb6bde0a590ff40882','删除',3,'分类管理，删除分类','0a035547bbec404eb3ee0ef43312148d','/blogSort/delete',NULL,0,1,'2020-03-21 18:22:51','2020-03-21 18:22:51',1,1,0),('72d26cf940bf9dfb6bde0a590ff4088g','删除',3,'标签管理，删除分类','6606b7e646d545e5a25c70b5e5fade9f','/tag/delete',NULL,0,1,'2020-03-21 18:22:51','2020-03-21 18:22:51',1,1,0),('72d26cf940bf9dfb6bde0a590ff4088j','删除',3,'评论管理，删除','9beb7caa2c844b36a02789262dc76fbe','/comment/delete',NULL,0,1,'2020-03-21 18:22:51','2020-04-21 08:33:21',1,1,0),('72d26cf940bf9dfb6bde0a590ff4088s','删除',3,'用户管理，删除','fb4237a353d0418ab42c748b7c1d64c6','/user/delete',NULL,0,1,'2020-03-21 18:22:51','2020-04-21 08:28:30',1,1,0),('72d26cf940bf9dfb6bde0a590ff408ej','设为封面',3,'图片管理，设为封面','1cc493d36e17fad535f2bf70242162b0','/picture/setCover',NULL,0,1,'2020-03-21 18:22:51','2020-03-21 18:22:51',1,1,0),('72d26cf940bf9dfb6bde0a590ff408nj','重置密码',3,'管理员管理，重置密码','2de247af3b0a459095e937d7ab9f5864','/admin/restPwd',NULL,0,1,'2020-03-21 18:22:51','2020-03-21 18:22:51',1,1,0),('758a05100a203f73ea6f1861ed155828','新增',3,'问答标签新增','94d5a5438d972e7661d3f6e262cf9773','/questionTag/add',NULL,0,1,'2021-04-27 23:31:13','2021-04-27 23:31:13',1,1,0),('78ab104b123f4950af14d65798afb756','收藏管理',2,'管理用户收藏','49b42250abcb47ff876bad699cf34f03','/blog/collect','el-icon-folder-add',8,1,'2018-11-25 19:07:48','2020-05-30 08:34:29',1,0,0),('78f24799307cb63bc3759413dadf4d1a','系统配置',2,'设置七牛云和邮箱等相关配置','badf0010422b432ba6ec9c83a25012ed','/system/systemConfig','el-icon-s-tools',2,1,'2020-01-21 09:29:04','2020-08-30 08:01:17',1,0,0),('7ada0a7053be4ad4b31f6be64315d03a','删除',3,'博客管理 删除','1f01cd1d2f474743b241d74008b12333','/blog/delete',NULL,0,1,'2020-03-21 15:16:54','2020-03-21 15:16:54',1,1,0),('7be9dee2f91165d8562aaa80c7e5b936','编辑',3,'代办事项','26bcccf0164bf84f12ab20448388d346','/todo/edit',NULL,0,1,'2020-03-23 07:53:38','2020-03-23 07:53:38',1,1,0),('7cb1a6b7462832bf831a18a28eea94cd','专题元素管理',2,'专题元素管理','49b42250abcb47ff876bad699cf34f03','/blog/subjectItem','el-icon-star-off',0,1,'2020-08-23 09:15:06','2020-08-23 09:15:06',0,0,0),('80ee135af885f02d52ecb67d5a05b173','点击量排序',3,'分类管理 点击量排序','0a035547bbec404eb3ee0ef43312148d','/blogSort/blogSortByClickCount',NULL,0,1,'2020-03-21 21:37:42','2020-03-21 21:37:42',1,1,0),('80ee135af885f02d52ecb67d5a05b17b','点击量排序',3,'标签管理 点击量排序','6606b7e646d545e5a25c70b5e5fade9f','/tag/tagSortByClickCount',NULL,0,1,'2020-03-21 21:37:42','2020-03-21 21:37:42',1,1,0),('82962bbcdb674a3fdd57aec131114d56','编辑',3,'参数配置 编辑','3eacc357e23b0b17e4f835c2f998ed34','/sysParams/edit',NULL,0,1,'2020-07-21 16:49:41','2020-07-21 16:49:41',1,1,0),('86508603e6d78036db0bf9222946f68c','新增',3,'专题元素管理 新增','7cb1a6b7462832bf831a18a28eea94cd','/subjectItem/add',NULL,0,1,'2020-08-23 09:16:00','2020-08-23 09:16:00',1,1,0),('879cfcd4dfd3e5bc1bb6ea2c0f1f82c0','按钮管理',2,'按钮管理','d3a19221259d439b916f475e43edb13d','/authority/button','el-icon-connection',0,1,'2020-03-21 17:39:12','2020-05-30 08:44:48',1,0,0),('8b40ea466efc42f497c49c8a610c9c20','添加参数',3,'参数配置 新增','3eacc357e23b0b17e4f835c2f998ed34','/sysParams/add',NULL,0,1,'2020-07-21 16:47:08','2020-07-21 16:47:08',1,1,0),('8f61d6c126c299016e8165629832ec05','编辑',3,'问答管理 编辑','3218dc3afad673f411baf774e22f3deb','/question/edit',NULL,0,1,'2021-04-28 19:06:40','2021-04-28 19:06:40',1,1,0),('9002d1ae905c4cb79c2a485333dad2f7','友情链接',2,'友情链接','badf0010422b432ba6ec9c83a25012ed','/system/blogLink','el-icon-ship',0,1,'2018-11-29 03:56:35','2020-05-30 08:36:01',1,0,0),('93f7fd9a6e81735c47649e6b36042b5d','Druid',2,'Druid监控中心','147cd431cbb9007bde87444d7987b151','http://localhost:8607/mogu-admin/druid/login.html','el-icon-cloudy-and-sunny',1,1,'2020-01-06 13:26:51','2020-12-05 15:31:47',1,0,1),('9449ce5dd5e24b21a9d15f806cb36e87','资源分类',2,'资源分类','510483ce569b4fc88299f346147b1314','/resource/resourceSort','el-icon-folder-opened',0,1,'2018-11-29 03:43:27','2020-05-30 08:51:58',1,0,0),('94bee9c48a4611c96b89112b845c7f28','移动',3,'网盘管理  移动文件','e1e54aea65cc22d9f8a4c74ce8d23749','/networkDisk/move',NULL,0,1,'2020-06-15 10:36:23','2020-06-15 10:46:39',1,1,0),('94d5a5438d972e7661d3f6e262cf9773','问答标签',2,'问答标签管理','0ef5e85a09b8987a2a723b40a9f77160','/question/questionTag','el-icon-collection-tag',0,1,'2021-04-27 23:04:36','2021-04-27 23:04:36',1,0,0),('98b82be8785e41dc939b6a5517fdfa53','操作日志',1,'操作日志','','/log','el-icon-paperclip',9,1,'2018-11-28 20:00:19','2020-05-30 08:47:14',1,0,0),('99f5d4233d446a809b9937961c590766','获取在线管理员',3,'获取在线管理员列表','bfcb9b002c3de18f269189c573b985f8','/admin/getOnlineAdminList',NULL,0,1,'2020-06-09 18:49:32','2020-06-09 18:49:32',1,1,0),('9beb7caa2c844b36a02789262dc76fbe','评论管理',2,'评论管理','bcf4a9bc21c14b559bcb015fb7912266','/message/comment','el-icon-chat-line-square',1,1,'2018-11-28 19:47:23','2020-05-30 08:48:28',1,0,0),('9c91231f1682aabd765225a7e503bb43','删除',3,'反馈管理 删除','6228ff4e9ebd42c89599b322201a0345','/feedback/deleteBatch',NULL,0,1,'2020-03-22 11:17:27','2020-03-22 11:17:27',1,1,0),('9db7ffbded9717f13a1a97fca46bc17c','导出选中',3,'导出选中，前端实现','1f01cd1d2f474743b241d74008b12333','/blog/downloadBatch',NULL,0,1,'2020-04-27 22:14:35','2020-04-27 22:14:35',1,1,0),('9e73a9b1de18e4f1cb19eca5e8cd321d','批量编辑',3,'代办事项 批量编辑','26bcccf0164bf84f12ab20448388d346','/todo/toggleAll',NULL,0,1,'2020-03-23 07:54:37','2020-03-23 07:54:37',1,1,0),('9e91b4f993c946cba4bf720b2c1b2e90','用户日志',2,'用户Web端访问情况','98b82be8785e41dc939b6a5517fdfa53','/log/webVisit','el-icon-hot-water',0,1,'2019-05-17 10:16:47','2020-05-30 08:47:41',1,0,0),('a0c40ddd3fe15bb3f2edf9ec242a1511','服务器监控',2,'服务器监控','147cd431cbb9007bde87444d7987b151','/monitor/serverMonitor','el-icon-light-rain',7,1,'2020-06-03 09:26:13','2020-12-05 15:27:45',1,0,0),('a5902692a3ed4fd794895bf634f97b8e','操作日志',2,'操作日志','98b82be8785e41dc939b6a5517fdfa53','/log/log','el-icon-lollipop',0,1,'2018-11-28 20:01:02','2020-05-30 08:47:27',1,0,0),('a8bad1abec6c8fc8d4bce5a27829c878','编辑',3,'专题管理 编辑','3e92f2fd6cf012d30bfae2d9cdb7092d','/subject/edit',NULL,0,1,'2020-08-23 08:55:55','2020-08-23 08:55:55',1,1,0),('a9396f1a3fbdec3d4cb614f388a22bea','Monitor',2,'SpringBootAdmin监控中心','147cd431cbb9007bde87444d7987b151','http://localhost:8607/mogu-monitor/wallboard','el-icon-partly-cloudy',5,1,'2020-01-05 21:30:16','2020-12-05 15:30:27',1,0,1),('aa225cdae6464bc0acebd732192f8362','菜单管理',2,'对页面菜单进行管理','d3a19221259d439b916f475e43edb13d','/authority/categoryMenu','el-icon-tickets',0,1,'2018-11-25 11:12:01','2020-05-30 08:44:32',1,0,0),('aa6c5d513421aa50cac1ee9ec647d100','导航栏管理 新增',3,'导航栏管理 新增','6275bc5189e2e595b621d744d68278af','/webNavbar/add',NULL,0,1,'2021-02-23 13:01:16','2021-02-23 13:01:16',1,1,0),('ab1289c29b336dccda87a9fa8b711aa2','删除',3,'代办事项 删除','26bcccf0164bf84f12ab20448388d346','/todo/delete',NULL,0,1,'2020-03-23 07:54:01','2020-03-23 07:54:01',1,1,0),('acbb5d09da25e6c9e019cc361b35d159','Search接口',2,'Search接口','baace3dc03d34c54b81761dce8243814','http://localhost:8606/swagger-ui/index.html','el-icon-sunrise',0,1,'2020-01-19 19:56:23','2020-12-05 15:47:36',1,0,0),('aef85c40b54320d7c5a9d78697e12910','置顶',3,'分类管理 置顶','0a035547bbec404eb3ee0ef43312148d','/blogSort/stick',NULL,0,1,'2020-03-21 21:37:07','2020-03-21 21:37:07',1,1,0),('aef85c40b54320d7c5a9d78697e1291c','置顶',3,'标签管理 置顶','6606b7e646d545e5a25c70b5e5fade9f','/tag/stick',NULL,0,1,'2020-03-21 21:37:07','2020-03-21 21:37:07',1,1,0),('aef85c40b54320d7c5a9d78697e1295n','置顶',3,'菜单管理 置顶','aa225cdae6464bc0acebd732192f8362','/categoryMenu/stick',NULL,0,1,'2020-03-21 21:37:07','2020-03-21 21:37:07',1,1,0),('aef85c40b54320d7c5a9d78697e1296n','置顶',3,'友情链接 置顶','9002d1ae905c4cb79c2a485333dad2f7','/link/stick',NULL,0,1,'2020-03-21 21:37:07','2020-03-21 21:37:07',1,1,0),('aef85c40b54320d7c5a9d78697e129rn','置顶',3,'图片类别管理 置顶','4dea9c4f39d2480983e8c4333d35e036','/pictureSort/stick',NULL,0,1,'2020-03-21 21:37:07','2020-03-21 21:37:07',1,1,0),('aef85c40b54320d7c5a9d78697e12e6n','置顶',3,'资源分类 置顶','9449ce5dd5e24b21a9d15f806cb36e87','/resourceSort/stick',NULL,0,1,'2020-03-21 21:37:07','2020-03-21 21:37:07',1,1,0),('af0e753d3ea0adf5cd8cf1dd55f162c2','接口聚合',2,'聚合所有模块的接口','baace3dc03d34c54b81761dce8243814','http://localhost:8607/doc.html','el-icon-ice-cream-round',5,1,'2020-12-05 15:42:51','2020-12-05 15:42:51',1,0,1),('b0b7373219566e42618ee6269123bced','批量删除',3,'问答管理 批量删除','3218dc3afad673f411baf774e22f3deb','/question/deleteBatch',NULL,0,1,'2021-04-28 19:06:59','2021-04-28 19:06:59',1,1,0),('b21105b915a5b54588c2cd458a94d2d5','新增',3,'专题管理 新增','3e92f2fd6cf012d30bfae2d9cdb7092d','/subject/add',NULL,0,1,'2020-08-23 08:55:29','2020-08-23 08:55:29',1,1,0),('b511cae571834971a392ae4779270034','游客管理',2,'游客管理','c519725da92b42f3acf0cc9fad58c664','/user/visitor','el-icon-news',2,1,'2018-11-28 19:54:28','2020-05-30 08:47:06',1,0,0),('b6d9fcb52c1513b78187c025384e2ad5','新增',3,'新增问答模板','2cfdc779041f420b309c4da77ec0c7db','/questionTemplate/add',NULL,0,1,'2021-06-09 09:54:54','2021-06-09 09:54:54',1,1,0),('b7fc36f7efc9738bddc9b09fedeccf60','导航栏管理 查询全部',3,'导航栏管理 查询全部','6275bc5189e2e595b621d744d68278af','/webNavbar/getAllList',NULL,0,1,'2021-02-23 13:00:24','2021-02-23 13:00:24',1,1,0),('ba92c0532a96dfac964f91eec16c10e3','编辑',3,'问答标签 编辑','94d5a5438d972e7661d3f6e262cf9773','/questionTag/edit',NULL,0,1,'2021-04-27 23:33:19','2021-04-27 23:33:19',1,1,0),('baa21ccb45ee133b064187185edb2ac0','删除',3,'网盘管理 删除','e1e54aea65cc22d9f8a4c74ce8d23749','/networkDisk/delete',NULL,0,1,'2020-06-15 10:36:07','2020-06-15 10:46:33',1,1,0),('baace3dc03d34c54b81761dce8243814','接口管理',1,'接口管理','','/restapi','el-icon-stopwatch',4,1,'2018-11-28 20:01:57','2020-05-30 08:49:22',1,0,0),('badf0010422b432ba6ec9c83a25012ed','系统管理',1,'系统管理','','/system','el-icon-setting',19,1,'2018-11-28 19:54:47','2020-10-07 15:35:52',1,0,0),('bcf4a9bc21c14b559bcb015fb7912266','消息管理',1,'消息管理','','/message','el-icon-message',6,1,'2018-11-28 19:45:29','2020-05-30 08:48:21',1,0,0),('bcfac78203944094040851cc0a9bb095','删除',3,'专题元素管理 删除','7cb1a6b7462832bf831a18a28eea94cd','/subjectItem/delete',NULL,0,1,'2020-08-23 09:16:50','2020-08-23 09:16:50',1,1,0),('bfc9463e59a3ca250dcfc1c86627e034','ElasticSearch',2,'ElasticSearch监控页面','147cd431cbb9007bde87444d7987b151','/monitor/ElasticSearch','el-icon-cloudy',0,1,'2020-01-15 22:58:00','2020-12-09 20:41:11',1,0,0),('bfcb9b002c3de18f269189c573b985f8','在线用户',2,'在线的用户和管理员','147cd431cbb9007bde87444d7987b151','/monitor/OnlineAdmin','el-icon-sunset',6,1,'2020-06-09 17:14:02','2020-12-05 15:27:39',1,0,0),('c28f0b052e0b930299dd53de59cc32d7','字典管理',2,'字典管理','badf0010422b432ba6ec9c83a25012ed','/system/sysDictType','el-icon-lightning',0,1,'2020-02-16 18:11:10','2020-05-30 08:35:46',1,0,0),('c2a1218dd07747a57b055f184ddae217','查询',3,'参数配置 查询','3eacc357e23b0b17e4f835c2f998ed34','/sysParams/getList',NULL,0,1,'2020-07-21 16:48:17','2020-07-21 16:48:17',1,1,0),('c519725da92b42f3acf0cc9fad58c664','用户管理',1,'用户管理','','/user','el-icon-house',15,1,'2018-11-28 19:51:47','2020-05-30 08:46:44',1,0,0),('cbd7ba11c1b38c66b569405ed9185f35','RabbitMQ',2,'RabbitMQ监控中心','147cd431cbb9007bde87444d7987b151','http://localhost:15672','el-icon-sunny',3,1,'2020-01-05 21:29:39','2020-12-05 15:31:33',1,0,1),('ccc0dced06919403832647a871312f09','删除选中',3,'专题管理 删除选中','3e92f2fd6cf012d30bfae2d9cdb7092d','/subject/deleteBatch',NULL,0,1,'2020-08-23 08:57:45','2020-08-23 08:57:45',1,1,0),('d1e93bf542e130c221f3b29ff5507ae3','编辑',3,'问答模板 编辑','2cfdc779041f420b309c4da77ec0c7db','/questionTemplate/edit',NULL,0,1,'2021-06-09 09:55:16','2021-06-09 09:55:16',1,1,0),('d3a19221259d439b916f475e43edb13d','权限管理',1,'对管理员权限分配进行管理','','/authority','el-icon-user',18,1,'2018-11-25 19:08:42','2020-05-30 08:44:17',1,0,0),('d4d92c53d3614d00865e9219b8292a90','Picture接口',2,'Picture接口','baace3dc03d34c54b81761dce8243814','http://localhost:8602/swagger-ui/index.html','el-icon-heavy-rain',0,1,'2018-11-28 20:04:33','2020-12-05 15:47:27',1,0,0),('da32aa8f92ae7fe7e7f445bf1028d2df','查询',3,'专题元素管理  查询','7cb1a6b7462832bf831a18a28eea94cd','/subjectItem/getList',NULL,0,1,'2020-08-23 09:15:37','2020-08-23 09:15:37',1,1,0),('da6f0cc43343ee9f8a741b700b67fcaf','查询',3,'问答标签查询','94d5a5438d972e7661d3f6e262cf9773','/questionTag/getList',NULL,0,1,'2021-04-27 23:32:28','2021-04-27 23:32:28',1,1,0),('e1e54aea65cc22d9f8a4c74ce8d23749','网盘管理',2,'管理网盘的资源','510483ce569b4fc88299f346147b1314','/resource/file','el-icon-unlock',1,1,'2020-06-13 16:36:11','2020-10-10 14:38:13',1,0,0),('e4a482c089d04a30b6ecbaadb81b70f8','Admin接口',2,'Admin接口','baace3dc03d34c54b81761dce8243814','http://localhost:8601/swagger-ui/index.html','el-icon-lightning',0,1,'2018-11-28 20:03:32','2020-12-05 15:47:21',1,0,0),('e5218b0b1cf016ae21eced4e47b628ac','新增',3,'博客管理 新增','1f01cd1d2f474743b241d74008b12333','/blog/add',NULL,3,1,'2020-03-21 10:55:34','2020-10-07 15:38:58',1,1,0),('e76ec0b7226985a414f035e2ecbd00b4','查询',3,'专题管理 查询','3e92f2fd6cf012d30bfae2d9cdb7092d','/subject/getList',NULL,0,1,'2020-08-23 08:55:08','2020-08-23 08:55:08',1,1,0),('e91945e49c5fdb207f996bc9668cd965','增加',3,'代办事项 增加','26bcccf0164bf84f12ab20448388d346','/todo/add',NULL,0,1,'2020-03-23 07:53:07','2020-03-23 07:53:07',1,1,0),('ed535411a72bb5cdd62aade25ca6e9c9','编辑',3,'专题元素管理 编辑','7cb1a6b7462832bf831a18a28eea94cd','/subjectItem/edit',NULL,0,1,'2020-08-23 09:16:23','2020-08-23 09:16:23',1,1,0),('f3a559635f9d46ee3356d072f5896fcb','图片裁剪',2,'用于图片裁剪','f4697cdf85920369179b90ff45a5982d','/test/CropperPicture','el-icon-cherry',0,1,'2020-01-30 10:38:09','2020-05-30 08:46:05',1,0,0),('f4697cdf85920369179b90ff45a5982d','测试页面',1,'用于一些功能的测试',NULL,'/test','el-icon-cpu',17,1,'2020-01-30 10:36:00','2020-05-30 08:45:54',1,0,0),('f59f750fe16aac77e7435367bc95e2ba','删除',3,'问答标签 删除','94d5a5438d972e7661d3f6e262cf9773','/questionTag/delete',NULL,0,1,'2021-04-27 23:35:19','2021-04-28 10:31:22',1,1,0),('f7913b2aae2b9c0dc3268a374036826e','新增',3,'问答管理 新增','3218dc3afad673f411baf774e22f3deb','/question/add',NULL,0,1,'2021-04-28 19:06:24','2021-04-28 19:06:24',1,1,0),('f874529321a37e84f099488a4eaf5a0b','编辑推荐',3,'编辑推荐管理','1d9a5030142e9fd7690f554c20e3bc90','/blog/editBatch',NULL,0,1,'2020-04-26 13:38:15','2020-04-26 13:38:15',1,1,0),('f87d2f9b4539abbade38583420dc8b2l','编辑',3,'菜单管理 编辑','aa225cdae6464bc0acebd732192f8362','/categoryMenu/edit',NULL,0,1,'2020-03-21 21:35:57','2020-03-21 21:35:57',1,1,0),('f87d2f9b4539abbade38583420dc8b89','编辑',3,'分类管理 编辑','0a035547bbec404eb3ee0ef43312148d','/blogSort/edit',NULL,0,1,'2020-03-21 21:35:57','2020-03-21 21:35:57',1,1,0),('f87d2f9b4539abbade38583420dc8b8e','编辑',3,'标签管理 编辑','6606b7e646d545e5a25c70b5e5fade9f','/tag/edit',NULL,0,1,'2020-03-21 21:35:57','2020-03-21 21:35:57',1,1,0),('f87d2f9b4539abbade38583420dc8b8l','编辑',3,'评论管理 编辑','9beb7caa2c844b36a02789262dc76fbe','/comment/edit',NULL,0,1,'2020-03-21 21:35:57','2020-03-21 21:35:57',1,1,0),('f87d2f9b4539abbade38583420dc8b8r','编辑',3,'用户管理 编辑','fb4237a353d0418ab42c748b7c1d64c6','/user/edit',NULL,0,1,'2020-03-21 21:35:57','2020-03-21 21:35:57',1,1,0),('f87d2f9b4539abbade38583420dc8b9l','编辑',3,'友情链接 编辑','9002d1ae905c4cb79c2a485333dad2f7','/link/edit',NULL,0,1,'2020-03-21 21:35:57','2020-03-21 21:35:57',1,1,0),('f87d2f9b4539abbade38583420dc8bbl','编辑',3,'字典数据 编辑','062087bce19d00312b3787b6e24c21d1','/sysDictData/edit',NULL,0,1,'2020-03-21 21:35:57','2020-03-21 21:35:57',1,1,0),('f87d2f9b4539abbade38583420dc8bhl','编辑',3,'图片管理 编辑','1cc493d36e17fad535f2bf70242162b0','/picture/edit',NULL,0,1,'2020-03-21 21:35:57','2020-03-21 21:35:57',1,1,0),('f87d2f9b4539abbade38583420dc8bkl','编辑',3,'管理员管理 编辑','2de247af3b0a459095e937d7ab9f5864','/admin/edit',NULL,0,1,'2020-03-21 21:35:57','2020-03-21 21:35:57',1,1,0),('f87d2f9b4539abbade38583420dc8bol','编辑',3,'图片类别管理 编辑','4dea9c4f39d2480983e8c4333d35e036','/pictureSort/edit',NULL,0,1,'2020-03-21 21:35:57','2020-03-21 21:35:57',1,1,0),('f87d2f9b4539abbade38583420dc8bpl','编辑',3,'网站配置 编辑','2fb47d3b6dbd44279c8206740a263543','/webConfig/editWebConfig',NULL,0,1,'2020-03-21 21:35:57','2020-03-21 21:35:57',1,1,0),('f87d2f9b4539abbade38583420dc8btl','编辑',3,'角色管理 编辑','5010ae46511e4c0b9f30d1c63ad3f0c1','/role/edit',NULL,0,1,'2020-03-21 21:35:57','2020-03-21 21:35:57',1,1,0),('f87d2f9b4539abbade38583420dc8bxl','编辑',3,'反馈管理 编辑','6228ff4e9ebd42c89599b322201a0345','/feedback/edit',NULL,0,1,'2020-03-21 21:35:57','2020-03-21 21:35:57',1,1,0),('f87d2f9b4539abbade38583420dc8byl','编辑',3,'系统配置 编辑','78f24799307cb63bc3759413dadf4d1a','/systemConfig/editSystemConfig',NULL,0,1,'2020-03-21 21:35:57','2020-03-21 21:35:57',1,1,0),('f87d2f9b4539abbade38583420dc8c9l','编辑',3,'资源分类 编辑','9449ce5dd5e24b21a9d15f806cb36e87','/resourceSort/edit',NULL,0,1,'2020-03-21 21:35:57','2020-03-21 21:35:57',1,1,0),('f87d2f9b4539abbade38583420dc8i9b','编辑',3,'视频管理 编辑','ffc6e9ca2cc243febf6d2f476b849163','/studyVideo/edit',NULL,0,1,'2020-03-21 21:35:57','2020-03-21 21:35:57',1,1,0),('f87d2f9b4539abbade38583420dc8i9l','编辑',3,'字典管理 编辑','c28f0b052e0b930299dd53de59cc32d7','/sysDictType/edit',NULL,0,1,'2020-03-21 21:35:57','2020-03-21 21:35:57',1,1,0),('f87d2f9b4539abbade38583420dc8l9l','编辑',3,'关于我 编辑','faccfe476b89483791c05019ad5b4906','/system/editMe',NULL,0,1,'2020-03-21 21:35:57','2020-03-21 21:35:57',1,1,0),('f8d4b1a29db0086a1465e745f78dc489','获取列表',3,'问答模板 获取列表','2cfdc779041f420b309c4da77ec0c7db','/questionTemplate/getList',NULL,0,1,'2021-06-09 09:56:14','2021-06-09 09:56:14',1,1,0),('f9276eb8e3274c8aa05577c86e4dc8c1','Web接口',2,'Web接口','baace3dc03d34c54b81761dce8243814','http://localhost:8603/swagger-ui/index.html','el-icon-light-rain',0,1,'2018-11-28 20:04:52','2020-12-05 15:46:54',1,0,1),('fa1e85a9c7734d27df07bc730206bd1a','删除',3,'编辑管理 删除','3e92f2fd6cf012d30bfae2d9cdb7092d','/subject/delete',NULL,0,1,'2020-08-23 08:56:36','2020-08-23 08:58:33',1,1,0),('faccfe476b89483791c05019ad5b4906','关于我',2,'关于我','badf0010422b432ba6ec9c83a25012ed','/system/aboutMe','el-icon-sugar',0,1,'2018-11-29 03:55:17','2020-05-30 08:35:21',1,0,0),('fb4237a353d0418ab42c748b7c1d64c6','用户管理',2,'用户管理','c519725da92b42f3acf0cc9fad58c664','/user/user','el-icon-headset',3,1,'2018-11-28 19:52:20','2020-05-30 08:46:54',1,0,0),('fbc30e4ae5bb33b39baca7bf6bd8ca0m','查询',3,'资源分类 查询','9449ce5dd5e24b21a9d15f806cb36e87','/resourceSort/getList',NULL,0,1,'2020-03-21 21:36:28','2020-03-21 21:36:28',1,1,0),('fbc30e4ae5bb33b39baca7bf6bd8ce0m','查询',3,'友情链接 查询','9002d1ae905c4cb79c2a485333dad2f7','/link/getList',NULL,0,1,'2020-03-21 21:36:28','2020-03-21 21:36:28',1,1,0),('fbc30e4ae5bb33b39baca7bf6bd8ce1m','查询',3,'菜单管理 查询','aa225cdae6464bc0acebd732192f8362','/categoryMenu/getList',NULL,0,1,'2020-03-21 21:36:28','2020-03-21 21:36:28',1,1,0),('fbc30e4ae5bb33b39baca7bf6bd8ce99','查询',3,'分类管理 查询','0a035547bbec404eb3ee0ef43312148d','/blogSort/getList',NULL,0,1,'2020-03-21 21:36:28','2020-03-21 21:36:28',1,1,0),('fbc30e4ae5bb33b39baca7bf6bd8ce9d','查询',3,'标签管理 查询','6606b7e646d545e5a25c70b5e5fade9f','/tag/getList',NULL,0,1,'2020-03-21 21:36:28','2020-03-21 21:36:28',1,1,0),('fbc30e4ae5bb33b39baca7bf6bd8ce9m','查询',3,'评论管理 查询','9beb7caa2c844b36a02789262dc76fbe','/comment/getList',NULL,1,1,'2020-03-21 21:36:28','2020-03-21 21:36:28',1,1,0),('fbc30e4ae5bb33b39baca7bf6bd8ce9q','查询',3,'用户管理 查询','fb4237a353d0418ab42c748b7c1d64c6','/user/getList',NULL,0,1,'2020-03-21 21:36:28','2020-03-21 21:36:28',1,1,0),('fbc30e4ae5bb33b39baca7bf6bd8ceam','查询',3,'字典数据 查询','062087bce19d00312b3787b6e24c21d1','/sysDictData/getList',NULL,0,1,'2020-03-21 21:36:28','2020-03-21 21:36:28',1,1,0),('fbc30e4ae5bb33b39baca7bf6bd8ceim','查询',3,'图片管理 查询','1cc493d36e17fad535f2bf70242162b0','/picture/getList',NULL,0,1,'2020-03-21 21:36:28','2020-03-21 21:36:28',1,1,0),('fbc30e4ae5bb33b39baca7bf6bd8cejm','查询',3,'管理员管理 查询','2de247af3b0a459095e937d7ab9f5864','/admin/getList',NULL,0,1,'2020-03-21 21:36:28','2020-03-21 21:36:28',1,1,0),('fbc30e4ae5bb33b39baca7bf6bd8cekm','查询',3,'异常日志 查询','4337f63d13d84b9aba64b9d7a69fd066','/log/getExceptionList',NULL,0,1,'2020-03-21 21:36:28','2020-03-21 21:36:28',1,1,0),('fbc30e4ae5bb33b39baca7bf6bd8celm','查询',3,'操作日志 查询','a5902692a3ed4fd794895bf634f97b8e','/log/getLogList',NULL,0,1,'2020-03-21 21:36:28','2020-03-21 21:36:28',1,1,0),('fbc30e4ae5bb33b39baca7bf6bd8cemm','查询',3,'用户日志 查询','9e91b4f993c946cba4bf720b2c1b2e90','/webVisit/getList',NULL,0,1,'2020-03-21 21:36:28','2020-03-21 21:36:28',1,1,0),('fbc30e4ae5bb33b39baca7bf6bd8cenm','查询',3,'图片类别管理 查询','4dea9c4f39d2480983e8c4333d35e036','/pictureSort/getList',NULL,0,1,'2020-03-21 21:36:28','2020-03-21 21:36:28',1,1,0),('fbc30e4ae5bb33b39baca7bf6bd8ceom','查询',3,'网站配置 查询','2fb47d3b6dbd44279c8206740a263543','/webConfig/getWebConfig',NULL,0,1,'2020-03-21 21:36:28','2020-03-21 21:36:28',1,1,0),('fbc30e4ae5bb33b39baca7bf6bd8cesm','查询',3,'角色管理 查询','5010ae46511e4c0b9f30d1c63ad3f0c1','/role/getList',NULL,0,1,'2020-03-21 21:36:28','2020-03-21 21:36:28',1,1,0),('fbc30e4ae5bb33b39baca7bf6bd8cewm','查询',3,'反馈管理 查询','6228ff4e9ebd42c89599b322201a0345','/feedback/getList',NULL,0,1,'2020-03-21 21:36:28','2020-03-21 21:36:28',1,1,0),('fbc30e4ae5bb33b39baca7bf6bd8cezm','查询',3,'系统配置 查询','78f24799307cb63bc3759413dadf4d1a','/systemConfig/getSystemConfig',NULL,0,1,'2020-03-21 21:36:28','2020-03-21 21:36:28',1,1,0),('fbc30e4ae5bb33b39baca7bf6bd8cj0a','查询',3,'视频管理 查询','ffc6e9ca2cc243febf6d2f476b849163','/studyVideo/getList',NULL,0,1,'2020-03-21 21:36:28','2020-03-21 21:36:28',1,1,0),('fbc30e4ae5bb33b39baca7bf6bd8cj0m','查询',3,'字典管理 查询','c28f0b052e0b930299dd53de59cc32d7','/sysDictType/getList',NULL,0,1,'2020-03-21 21:36:28','2020-03-21 21:36:28',1,1,0),('fbc30e4ae5bb33b39baca7bf6bd8ck0m','查询',3,'关于我 查询','faccfe476b89483791c05019ad5b4906','/system/getMe',NULL,0,1,'2020-03-21 21:36:28','2020-03-21 21:36:28',1,1,0),('fe45ea293f75dc88b96cab96c218512a','查询',3,'博客管理 查询','1f01cd1d2f474743b241d74008b12333','/blog/getList',NULL,2,1,'2020-03-21 18:17:36','2020-10-07 15:36:19',1,1,0),('ffc6e9ca2cc243febf6d2f476b849163','视频管理',2,'视频管理','510483ce569b4fc88299f346147b1314','/resource/studyVideo','el-icon-video-camera',0,1,'2018-11-28 19:43:50','2020-05-30 08:51:41',1,0,0),('ffe445828071ce87a851ad58100f1340','导航栏管理 分页查询',3,'导航栏管理 分页查询','6275bc5189e2e595b621d744d68278af','/webNavbar/getList',NULL,0,1,'2021-02-23 13:00:52','2021-02-23 13:00:52',1,1,0);

/*Table structure for table `t_collect` */

DROP TABLE IF EXISTS `t_collect`;

CREATE TABLE `t_collect` (
  `uid` varchar(32) NOT NULL COMMENT '唯一uid',
  `user_uid` varchar(32) NOT NULL COMMENT '用户的uid',
  `blog_uid` varchar(32) NOT NULL COMMENT '博客的uid',
  `status` tinyint unsigned NOT NULL DEFAULT '1' COMMENT '状态',
  `create_time` timestamp NOT NULL DEFAULT '0000-00-00 00:00:00' COMMENT '创建时间',
  `update_time` timestamp NOT NULL DEFAULT '0000-00-00 00:00:00' COMMENT '更新时间',
  PRIMARY KEY (`uid`)
) ENGINE=InnoDB DEFAULT CHARSET=utf8 COMMENT='收藏表';

/*Data for the table `t_collect` */

/*Table structure for table `t_comment` */

DROP TABLE IF EXISTS `t_comment`;

CREATE TABLE `t_comment` (
  `uid` varchar(32) NOT NULL COMMENT '唯一uid',
  `user_uid` varchar(32) DEFAULT NULL COMMENT '用户uid',
  `to_uid` varchar(32) DEFAULT NULL COMMENT '回复某条评论的uid',
  `to_user_uid` varchar(32) DEFAULT NULL COMMENT '回复某个人的uid',
  `content` varchar(2048) DEFAULT NULL COMMENT '评论内容',
  `blog_uid` varchar(32) DEFAULT NULL COMMENT '博客uid',
  `status` tinyint unsigned NOT NULL DEFAULT '1' COMMENT '状态',
  `create_time` timestamp NOT NULL DEFAULT '0000-00-00 00:00:00' COMMENT '创建时间',
  `update_time` timestamp NOT NULL DEFAULT '0000-00-00 00:00:00' COMMENT '更新时间',
  `source` varchar(255) NOT NULL COMMENT '评论来源： MESSAGE_BOARD，ABOUT，BLOG_INFO 等',
  `TYPE` tinyint(1) NOT NULL DEFAULT '0' COMMENT '评论类型 1:点赞 0:评论',
  `first_comment_uid` varchar(32) DEFAULT NULL COMMENT '一级评论UID',
  PRIMARY KEY (`uid`)
) ENGINE=InnoDB DEFAULT CHARSET=utf8 COMMENT='评论表';

/*Data for the table `t_comment` */

insert  into `t_comment`(`uid`,`user_uid`,`to_uid`,`to_user_uid`,`content`,`blog_uid`,`status`,`create_time`,`update_time`,`source`,`TYPE`,`first_comment_uid`) values ('367afb8ce6e043c2ac83da6de73f9189','42f5053b1dfb317ac679d3d050a6f19e',NULL,NULL,'<p>还可以接受吧</p>\n',NULL,1,'2021-12-18 19:46:59','2021-12-18 19:46:59','MESSAGE_BOARD',0,NULL),('4bfbcb8af9d23d766af3b56852195e69','42f5053b1dfb317ac679d3d050a6f19e',NULL,NULL,'<p>今天是个好日子</p>\n',NULL,1,'2021-12-18 19:46:39','2021-12-18 19:46:39','MESSAGE_BOARD',0,NULL),('752c4421e39caa6b28efa682160bf03c','42f5053b1dfb317ac679d3d050a6f19e',NULL,NULL,'<p>测试</p>\n',NULL,1,'2021-12-18 19:46:32','2021-12-18 19:46:32','MESSAGE_BOARD',0,NULL),('a19b3c46f95481e3342407d2f4be84cc','42f5053b1dfb317ac679d3d050a6f19e',NULL,NULL,'<p>开始测试啦</p>\n',NULL,1,'2021-12-18 19:46:47','2021-12-18 19:46:47','MESSAGE_BOARD',0,NULL),('f44d9956e3cb308dff3cfd7a5210f731','42f5053b1dfb317ac679d3d050a6f19e',NULL,NULL,'<p>我来测试测试</p>\n',NULL,1,'2021-12-18 19:46:53','2021-12-18 19:46:53','MESSAGE_BOARD',0,NULL);

/*Table structure for table `t_comment_report` */

DROP TABLE IF EXISTS `t_comment_report`;

CREATE TABLE `t_comment_report` (
  `uid` varchar(32) NOT NULL COMMENT '唯一uid',
  `user_uid` varchar(32) DEFAULT NULL COMMENT '举报人uid',
  `report_comment_uid` varchar(32) DEFAULT NULL COMMENT '被举报的评论Uid',
  `report_user_uid` varchar(32) DEFAULT NULL COMMENT '被举报的用户uid',
  `content` varchar(1000) DEFAULT NULL COMMENT '举报的原因',
  `progress` tinyint unsigned NOT NULL DEFAULT '1' COMMENT '进展状态: 0 未查看   1: 已查看  2：已处理',
  `status` tinyint unsigned NOT NULL DEFAULT '1' COMMENT '状态',
  `create_time` timestamp NOT NULL DEFAULT '0000-00-00 00:00:00' COMMENT '创建时间',
  `update_time` timestamp NOT NULL DEFAULT '0000-00-00 00:00:00' COMMENT '更新时间',
  PRIMARY KEY (`uid`)
) ENGINE=InnoDB DEFAULT CHARSET=utf8 COMMENT='评论举报表';

/*Data for the table `t_comment_report` */

/*Table structure for table `t_credits_log` */

DROP TABLE IF EXISTS `t_credits_log`;

CREATE TABLE `t_credits_log` (
  `uid` varchar(32) NOT NULL COMMENT '唯一uid',
  `admin_uid` varchar(32) DEFAULT NULL COMMENT '管理员uid',
  `user_uid` varchar(32) DEFAULT NULL COMMENT '用户uid',
  `user_name` varchar(255) DEFAULT NULL COMMENT '用户uid',
  `resource_uid` varchar(32) DEFAULT NULL COMMENT '操作的资源uid',
  `action_code` varchar(32) DEFAULT NULL COMMENT '动作码',
  `action_name` varchar(32) DEFAULT NULL COMMENT '动作名称',
  `old_credits` int DEFAULT '0' COMMENT '旧的积分数',
  `new_credits` int DEFAULT '0' COMMENT '新的积分数',
  `remark` varchar(255) DEFAULT NULL COMMENT '备注',
  `status` tinyint unsigned NOT NULL DEFAULT '1' COMMENT '状态',
  `create_time` timestamp NULL DEFAULT NULL COMMENT '创建时间',
  `update_time` timestamp NULL DEFAULT NULL COMMENT '更新时间',
  `change_credits` int DEFAULT '0' COMMENT '变更的积分',
  PRIMARY KEY (`uid`)
) ENGINE=InnoDB DEFAULT CHARSET=utf8 COMMENT='获取/消耗积分日志表';

/*Data for the table `t_credits_log` */

insert  into `t_credits_log`(`uid`,`admin_uid`,`user_uid`,`user_name`,`resource_uid`,`action_code`,`action_name`,`old_credits`,`new_credits`,`remark`,`status`,`create_time`,`update_time`,`change_credits`) values ('1068570393f9e856df352fca23b72abe',NULL,'42f5053b1dfb317ac679d3d050a6f19e','mogu2021','752c4421e39caa6b28efa682160bf03c','4','参与评论',5,6,NULL,1,'2021-12-18 19:46:32','2021-12-18 19:46:32',1),('8a8009fea32940b46e181de97b13131a',NULL,'42f5053b1dfb317ac679d3d050a6f19e','mogu2021','a19b3c46f95481e3342407d2f4be84cc','4','参与评论',7,8,NULL,1,'2021-12-18 19:46:47','2021-12-18 19:46:47',1),('9340491ee684fabc09756553102edcfa',NULL,'42f5053b1dfb317ac679d3d050a6f19e','mogu2021','f44d9956e3cb308dff3cfd7a5210f731','4','参与评论',8,9,NULL,1,'2021-12-18 19:46:53','2021-12-18 19:46:53',1),('c9d2c0ff363f15b3a38760a66616bb74',NULL,'42f5053b1dfb317ac679d3d050a6f19e','mogu2021','367afb8ce6e043c2ac83da6de73f9189','4','参与评论',9,10,NULL,1,'2021-12-18 19:46:59','2021-12-18 19:46:59',1),('e572beb3f27a97f85eacf91dc1239cce',NULL,'42f5053b1dfb317ac679d3d050a6f19e','mogu2021','4bfbcb8af9d23d766af3b56852195e69','4','参与评论',6,7,NULL,1,'2021-12-18 19:46:39','2021-12-18 19:46:39',1),('f7b8a1e2142899799313321417514bea',NULL,'42f5053b1dfb317ac679d3d050a6f19e','mogu2021',NULL,'1','每日签到',0,5,NULL,1,'2021-12-18 19:34:15','2021-12-18 19:34:15',5);

/*Table structure for table `t_exception_log` */

DROP TABLE IF EXISTS `t_exception_log`;

CREATE TABLE `t_exception_log` (
  `uid` varchar(32) NOT NULL COMMENT '唯一uid',
  `exception_json` mediumtext COMMENT '异常对象json格式',
  `exception_message` mediumtext COMMENT '异常信息',
  `status` tinyint(1) DEFAULT '1' COMMENT '状态',
  `create_time` timestamp NULL DEFAULT '0000-00-00 00:00:00' COMMENT '创建时间',
  `update_time` timestamp NULL DEFAULT '0000-00-00 00:00:00' COMMENT '更新时间',
  `ip` varchar(20) DEFAULT NULL COMMENT 'ip地址',
  `ip_source` varchar(100) DEFAULT NULL COMMENT 'ip来源',
  `method` varchar(255) DEFAULT NULL COMMENT '请求方法',
  `operation` varchar(100) DEFAULT NULL COMMENT '方法描述',
  `params` longtext COMMENT '请求参数',
  PRIMARY KEY (`uid`) USING BTREE
) ENGINE=InnoDB DEFAULT CHARSET=utf8;

/*Data for the table `t_exception_log` */

/*Table structure for table `t_feedback` */

DROP TABLE IF EXISTS `t_feedback`;

CREATE TABLE `t_feedback` (
  `uid` varchar(32) NOT NULL COMMENT '唯一uid',
  `user_uid` varchar(32) NOT NULL COMMENT '用户uid',
  `content` varchar(1000) DEFAULT NULL COMMENT '反馈的内容',
  `status` tinyint unsigned NOT NULL DEFAULT '1' COMMENT '状态',
  `create_time` timestamp NOT NULL DEFAULT '0000-00-00 00:00:00' COMMENT '创建时间',
  `update_time` timestamp NOT NULL DEFAULT '0000-00-00 00:00:00' COMMENT '更新时间',
  `title` varchar(255) DEFAULT NULL COMMENT '标题',
  `feedback_status` tinyint(1) NOT NULL DEFAULT '0' COMMENT '反馈状态： 0：已开启  1：进行中  2：已完成  3：已拒绝',
  `reply` varchar(255) DEFAULT NULL COMMENT '回复',
  `admin_uid` varchar(32) DEFAULT NULL COMMENT '管理员uid',
  PRIMARY KEY (`uid`)
) ENGINE=InnoDB DEFAULT CHARSET=utf8 COMMENT='反馈表';

/*Data for the table `t_feedback` */

insert  into `t_feedback`(`uid`,`user_uid`,`content`,`status`,`create_time`,`update_time`,`title`,`feedback_status`,`reply`,`admin_uid`) values ('7612677fee8619b67638f95c390c6928','42f5053b1dfb317ac679d3d050a6f19e','出现问题了',1,'2021-08-21 15:42:43','2021-08-21 15:42:43','出现问题',0,NULL,NULL);

/*Table structure for table `t_link` */

DROP TABLE IF EXISTS `t_link`;

CREATE TABLE `t_link` (
  `uid` varchar(32) NOT NULL COMMENT '唯一uid',
  `title` varchar(255) DEFAULT NULL COMMENT '友情链接标题',
  `summary` varchar(255) DEFAULT NULL COMMENT '友情链接介绍',
  `url` varchar(255) DEFAULT NULL COMMENT '友情链接URL',
  `click_count` int DEFAULT '0' COMMENT '点击数',
  `create_time` timestamp NOT NULL DEFAULT '0000-00-00 00:00:00' COMMENT '创建时间',
  `update_time` timestamp NOT NULL DEFAULT '0000-00-00 00:00:00' COMMENT '更新时间',
  `status` tinyint unsigned NOT NULL DEFAULT '1' COMMENT '状态',
  `sort` int DEFAULT '0' COMMENT '排序字段，越大越靠前',
  `link_status` tinyint(1) NOT NULL DEFAULT '1' COMMENT '友链状态： 0 申请中， 1：已上线，  2：已下架',
  `user_uid` varchar(32) DEFAULT NULL COMMENT '申请用户UID',
  `admin_uid` varchar(32) DEFAULT NULL COMMENT '操作管理员UID',
  `email` varchar(255) DEFAULT NULL COMMENT '站长邮箱',
  `file_uid` varchar(255) DEFAULT NULL COMMENT '网站图标',
  PRIMARY KEY (`uid`)
) ENGINE=InnoDB DEFAULT CHARSET=utf8 COMMENT='友情链接表';

/*Data for the table `t_link` */

insert  into `t_link`(`uid`,`title`,`summary`,`url`,`click_count`,`create_time`,`update_time`,`status`,`sort`,`link_status`,`user_uid`,`admin_uid`,`email`,`file_uid`) values ('0236076a0f1e38e1777ab398d64340f7','测试网站','测试网站链接','http://www.baidu.com',0,'2020-09-26 17:03:37','2020-09-26 17:03:37',1,0,0,'937f07cce6c570fe2e26b6a1ed359eaa',NULL,NULL,NULL),('0d39d0b33074d7fbd6a1826fafafb1ad','蘑菇博客','蘑菇博客','http://www.moguit.cn',0,'2020-09-26 17:08:49','2020-09-26 17:08:49',1,0,0,'937f07cce6c570fe2e26b6a1ed359eaa',NULL,NULL,NULL),('1578d5662d91665adfe9003877d64141','蘑菇博客','蘑菇博客','http://moguit.cn',0,'2020-11-09 09:22:58','2020-11-09 09:22:58',1,0,0,'5eb5257f707cad9c6f06a1e951ba2def',NULL,NULL,'17ce7d6c1a41299359293a23df1606c5'),('2e8e9be41bea1330f4beb769a8b14602','测试友链','测试友链','http://www.baidu.com',0,'2020-10-15 10:02:08','2020-10-15 10:02:18',0,3,1,NULL,NULL,NULL,NULL),('3b7e9d7a4d9f8c43c0043cd86a4c410b','测试1','测试1','http://url.com',0,'2020-03-22 12:19:06','2020-03-22 12:19:06',0,2,1,NULL,NULL,NULL,NULL),('49d45433d874836fd01130786b755b5d','234','234','http://www.baidu.com',0,'2020-08-02 18:55:43','2020-08-02 18:55:43',1,0,0,'c52cd5e4c14cc33cd5a8b60e6f610f40',NULL,NULL,NULL),('5217d7212f9d487eab13deadca961402','博客Gitee','蘑菇博客Gitee','https://gitee.com/moxi159753/mogu_blog_v2',24,'2018-12-17 02:25:11','2018-12-17 02:25:11',1,0,1,NULL,NULL,NULL,NULL),('6195e13f6272e61da6c7a2c481bd9a6e','1','1','http://www.baidu.com',0,'2020-03-20 11:33:42','2020-03-20 11:33:42',0,0,1,NULL,NULL,NULL,NULL),('796f61499bdfe41960484f5bd063ac81','蘑菇小屋','蘑菇小屋','http://moguit.cn',0,'2020-09-26 17:16:39','2020-09-26 17:17:11',1,0,1,'937f07cce6c570fe2e26b6a1ed359eaa',NULL,'1595833114@qq.com','d74b8b6a03b4ae43f20641d9b4c2836a'),('8eff079bd3857879daf8401c52d4a2de','博客Github','蘑菇博客Github','https://github.com/moxi624/mogu_blog_v2',8,'2019-12-06 20:50:05','2021-05-20 11:16:29',1,1,1,NULL,NULL,'1595833114@qq.com','85d825a9be2c777da525d95a029e108c'),('a2086067fe13f178f8cce3a4e87f9999','蘑菇博客','蘑菇博客','http://www.moguit.cn',0,'2020-04-29 16:40:37','2020-04-29 16:40:37',1,0,0,'4db79e551d0dda06cfcf6ae39107711c',NULL,NULL,NULL),('b8b0e6c4967601bd4dec671d369845c8','我是友链','我是友链','http://www.baidu.com',0,'2020-09-26 15:50:02','2020-09-26 15:53:28',1,0,1,NULL,NULL,NULL,'528885a01dcb22fa0d60eac19ccd70f8'),('b9e22b94688fc8ac2dbada2f9e342117','测试','测试','http://www.baidu.com',0,'2020-08-02 18:56:40','2020-11-09 09:23:23',0,0,0,'c52cd5e4c14cc33cd5a8b60e6f610f40',NULL,NULL,NULL),('bcad571e9c1976af96b793d8aaee7991','测试','测试','测试',0,'2020-08-02 18:46:13','2020-08-02 18:51:48',0,0,0,'c52cd5e4c14cc33cd5a8b60e6f610f40',NULL,NULL,NULL),('d0a5e434f9f06da3e0d0f1ceb4160070','蘑菇博客','蘑菇博客','http://image.moguit.cn/favicon.png',0,'2020-03-15 11:43:18','2020-03-15 11:43:18',1,0,1,'25675d78f11749d4edaf15e36d046e3b',NULL,NULL,NULL),('da30eaf680ed626431dd14b8eb07a0c6','蘑菇博客','蘑菇博客',NULL,0,'2020-03-15 11:01:46','2020-03-15 11:01:46',0,0,0,'25675d78f11749d4edaf15e36d046e3b',NULL,NULL,NULL),('dcc01149be71492dabd55821c22f6061','Mybatis-plus','MyBatis-Plus 为简化开发而生','http://mp.baomidou.com/',12,'2018-09-27 02:52:58','2018-09-27 02:52:58',1,0,1,NULL,NULL,NULL,NULL);

/*Table structure for table `t_notice` */

DROP TABLE IF EXISTS `t_notice`;

CREATE TABLE `t_notice` (
  `uid` varchar(32) NOT NULL COMMENT '唯一uid',
  `user_uid` varchar(32) DEFAULT NULL COMMENT '用户uid',
  `admin_uid` varchar(32) DEFAULT NULL COMMENT '管理员uid',
  `notice_status` tinyint unsigned NOT NULL DEFAULT '0' COMMENT '通知状态：0:已创建，1:已查看',
  `notice_type` tinyint unsigned NOT NULL DEFAULT '0' COMMENT '通知类型',
  `content` text COMMENT '通知内容',
  `business_uid` varchar(32) DEFAULT NULL COMMENT '业务uid',
  `business_type` tinyint unsigned NOT NULL DEFAULT '0' COMMENT '业务类型 【博客，问答，评论】',
  `status` tinyint unsigned NOT NULL DEFAULT '1' COMMENT '状态',
  `create_time` timestamp NULL DEFAULT NULL COMMENT '创建时间',
  `update_time` timestamp NULL DEFAULT NULL COMMENT '更新时间',
  PRIMARY KEY (`uid`)
) ENGINE=InnoDB DEFAULT CHARSET=utf8 COMMENT='通知表';

/*Data for the table `t_notice` */

insert  into `t_notice`(`uid`,`user_uid`,`admin_uid`,`notice_status`,`notice_type`,`content`,`business_uid`,`business_type`,`status`,`create_time`,`update_time`) values ('0961a433d91c3946b2ece544e1b922ed','42f5053b1dfb317ac679d3d050a6f19e',NULL,0,0,NULL,'084bd3c01a74cfd6214a2a63d1004626',8,1,'2021-08-21 16:21:11','2021-08-21 16:21:11'),('13dc8d9a6273c938bdb5bb262e39ed50','1f01cd1d2f474743b241d74008b12333',NULL,0,2,NULL,'06e217a4fc2f61232f271ab7dee7d3c7',5,1,'2021-10-08 22:02:29','2021-10-08 22:02:29'),('1da0e9208d8d08f5bb7daf9c0e4d5b39','595ab5582fad346907bec50e09e119cf',NULL,0,1,NULL,'8da2704e90ee213201bc8fcf0ba8fb15',10,1,'2021-08-20 09:18:27','2021-08-20 09:18:27'),('29956369f507238f71ab629f253e335d','6795d72d4b27b24e02acb38723ccc5d6',NULL,0,4,NULL,'7f3818e88896face9f6864a02be12e37',8,1,'2021-09-25 20:20:57','2021-09-25 20:20:57'),('340105803b6b3f8126ed05fc30f8cfef','42f5053b1dfb317ac679d3d050a6f19e',NULL,0,0,NULL,'d3125efdf7f25a7f021e4921ca0e6174',8,1,'2021-08-21 16:19:33','2021-08-21 16:19:33'),('351849e7ad40a72781ebe6f0d08d8dbd','1f01cd1d2f474743b241d74008b12333',NULL,0,2,NULL,'072d78b7b31aba44dfe356f447d85434',5,1,'2021-10-08 22:01:20','2021-10-08 22:01:20'),('4d1b0957b84acb1ce60469c040b94c0e','595ab5582fad346907bec50e09e119cf',NULL,0,4,NULL,'b2fb78b4cb4e0b08adb0f6c7f34a97f3',8,1,'2021-08-20 20:57:48','2021-08-20 20:57:48'),('4e415f2c727262eb9625c727c14a563b','42f5053b1dfb317ac679d3d050a6f19e',NULL,0,4,NULL,'72cddce55848900fa700acaab2944510',8,1,'2021-08-15 19:59:38','2021-08-15 19:59:38'),('56906c150bababbc794cc496bba37b52','595ab5582fad346907bec50e09e119cf',NULL,0,4,NULL,'7f3818e88896face9f6864a02be12e37',8,1,'2021-09-25 20:20:57','2021-09-25 20:20:57'),('5b067046d7277dce7f25f910f79a880b','595ab5582fad346907bec50e09e119cf',NULL,0,1,NULL,'7689d1c4247dab796f755cc70383d6e6',11,1,'2021-08-15 19:52:13','2021-08-15 19:52:13'),('67c58978714adf0ce671cdeebaa729bb','595ab5582fad346907bec50e09e119cf',NULL,0,1,NULL,'16713c31f01d061374a8a9644893dbef',2,1,'2021-08-20 08:28:25','2021-08-20 08:28:25'),('6f14d5ff64145da7aeeb715fc0db7594','595ab5582fad346907bec50e09e119cf',NULL,0,2,NULL,'3e25f6f34b8869a625f571b119acd3e2',5,1,'2021-10-10 11:55:17','2021-10-10 11:55:17'),('70deeeef66e4f5572459649cc61a98ea','595ab5582fad346907bec50e09e119cf',NULL,0,1,NULL,'a25daafa64085f39dc9e455557fbb44c',10,1,'2021-08-20 09:18:46','2021-08-20 09:18:46'),('77a9826c7a8bc9d4ff48faab3a6e9a34','595ab5582fad346907bec50e09e119cf',NULL,0,1,NULL,'6514f5f133adc20ac49a2cdbe66c8d13',10,1,'2021-08-20 09:16:00','2021-08-20 09:16:00'),('7f4a0cfa7d1a052a9813d7534cc93f5d','595ab5582fad346907bec50e09e119cf',NULL,0,1,NULL,'fe16e6011cdbe6e719fab9a7e86ab5f9',10,1,'2021-08-15 19:48:03','2021-08-15 19:48:03'),('84f2f8afc12d6ecb7705fb500279cf90','595ab5582fad346907bec50e09e119cf',NULL,0,2,NULL,'e13f3c1c4c0b15e823803fcbbe10f239',5,1,'2021-10-10 11:55:18','2021-10-10 11:55:18'),('87fdfcb9219f3040ade87102448d50de','42f5053b1dfb317ac679d3d050a6f19e',NULL,0,0,NULL,'6fcb87d47cecf837a8fc15e101a555f6',8,1,'2021-08-21 16:19:45','2021-08-21 16:19:45'),('987b9718ad4cce6a51b93b412bc02aa4','595ab5582fad346907bec50e09e119cf',NULL,0,1,NULL,'34488f7cefe4840212d72b67a24f6f05',2,1,'2021-08-20 08:28:52','2021-08-20 08:28:52'),('adb7efb069bdfc8f1c2060e72b56556b','595ab5582fad346907bec50e09e119cf',NULL,0,4,NULL,'9062c964e5cb016db201af3698b47779',8,1,'2021-08-15 20:01:10','2021-08-15 20:01:10'),('b2ab8ba7d029d4cf4332907e59f97fbe','1f01cd1d2f474743b241d74008b12333',NULL,0,2,NULL,'74be5e8b2b2ed0288676a297faff8a74',5,1,'2021-10-08 22:01:22','2021-10-08 22:01:22'),('c38d5a0d261c59f7b9ec2664c29df493','1f01cd1d2f474743b241d74008b12333',NULL,0,2,NULL,'0b6660ab348ebd5f1b339e81dbcb0358',5,1,'2021-10-08 22:02:31','2021-10-08 22:02:31'),('cba14399507bf1feec7caac30c3d33f1','1f01cd1d2f474743b241d74008b12333',NULL,0,2,NULL,'087997c007a8513e91c88a0e6547d435',5,1,'2021-09-25 20:20:27','2021-09-25 20:20:27'),('ea9df9d14bb2727ac4f75716c3dc5a32','595ab5582fad346907bec50e09e119cf',NULL,0,3,NULL,'f3ebb622e7ab23a095ffae390a163040',6,1,'2021-08-15 20:00:04','2021-08-15 20:00:04'),('faacfe9315474dfe4d7c5a6b2de4dd44','595ab5582fad346907bec50e09e119cf',NULL,0,1,NULL,'0ae795ffe91a51055d150b8fc6cde047',10,1,'2021-08-20 09:18:21','2021-08-20 09:18:21');

/*Table structure for table `t_picture` */

DROP TABLE IF EXISTS `t_picture`;

CREATE TABLE `t_picture` (
  `uid` varchar(32) NOT NULL COMMENT '唯一uid',
  `file_uid` varchar(32) DEFAULT NULL COMMENT '图片uid',
  `pic_name` varchar(255) DEFAULT NULL COMMENT '图片名',
  `picture_sort_uid` varchar(32) DEFAULT NULL COMMENT '分类uid',
  `status` tinyint unsigned NOT NULL DEFAULT '1' COMMENT '状态',
  `create_time` timestamp NOT NULL DEFAULT '0000-00-00 00:00:00' COMMENT '创建时间',
  `update_time` timestamp NOT NULL DEFAULT '0000-00-00 00:00:00' COMMENT '更新时间',
  PRIMARY KEY (`uid`)
) ENGINE=InnoDB DEFAULT CHARSET=utf8 COMMENT='图片表';

/*Data for the table `t_picture` */

insert  into `t_picture`(`uid`,`file_uid`,`pic_name`,`picture_sort_uid`,`status`,`create_time`,`update_time`) values ('0094f9386e9e2936ea1bbbd1a443d608','2168150dfa4d7e91bd13a989c3eb98fd','1603584896473.jpg','29f45d9af53fb31a7d79946970580d20',0,'2020-10-25 08:14:58','2020-10-26 21:11:21'),('00b5e83828284673dc268e6b95b1e96f','cb18a968e5356be2dd682aed24be6111','1631333642437.png','976dbeb57cb6d5234c1c73e1de8522cf',0,'2021-09-11 12:14:02','2021-10-25 23:04:39'),('02c1bda7243974599dda9585a8017f5a','0ae60c450e42564fcc9773682184ddc8','1602512629523.jpg','29f45d9af53fb31a7d79946970580d20',0,'2020-10-12 22:23:49','2020-10-22 15:44:54'),('0398f756b357eed1fe85e40d2a291e06','3302d7c58941602514f2812a20500a4c',NULL,'481b95ba5cce396c9ec14544b0784751',0,'2020-02-01 10:26:44','2020-02-01 10:26:44'),('05b830b7364dd998f9d5bdd90a9ac527','00ae6b8439bca565f3002281613233a0','1621237938993.jfif','976dbeb57cb6d5234c1c73e1de8522cf',0,'2021-05-17 15:52:19','2021-10-25 23:04:39'),('05eb78eba593d35d8047315d38a3a925','d56fb1de3e2851386d582652ea697df8','1602512660216.jpg','29f45d9af53fb31a7d79946970580d20',0,'2020-10-12 22:24:20','2020-10-22 15:44:32'),('065f62b0174c6217d9e24eafa74fb43c','8a0d166d95895d258777c3a751ce95d5','1624090560613.jpg','29f45d9af53fb31a7d79946970580d20',0,'2021-06-19 16:16:05','2021-10-25 23:04:35'),('07498a283eab43fd89207451ebb54226','baafaa7ec7e1677ffe6bedacbbbd8ee9','1629993065736.jpg','29f45d9af53fb31a7d79946970580d20',0,'2021-08-26 23:51:07','2021-10-25 23:04:35'),('081f8e0598e9f2346dda01380cecd6d3','d814d21ac5b7fb6e6d379d0599e62e8a','1603352701646.jpg','29f45d9af53fb31a7d79946970580d20',0,'2020-10-22 15:45:02','2020-10-24 11:31:02'),('09d6371f0d63adcb0c40f2038bfa202e','6f9f370c7660359437a1b974b3028435','1602512659592.jpeg','29f45d9af53fb31a7d79946970580d20',0,'2020-10-12 22:24:20','2020-10-22 15:44:32'),('0aa757193545b1bdd9c4f8efd7f830c6','9e2bbd54326312f3f88e6260a46aafc3',NULL,'481b95ba5cce396c9ec14544b0784751',0,'2020-04-19 11:42:40','2020-11-11 15:07:11'),('0b323bd84f3a9bf14d7b046bd4e9f086','a07603971a70396d1c5ea7545111003e','1621237938941.jpg','976dbeb57cb6d5234c1c73e1de8522cf',0,'2021-05-17 15:52:19','2021-10-25 23:04:39'),('0e79722fd46c9d633fec49fa39979830','87e8cdbe7c5f9b928553951c7c190c37','1587296390908.jpg','c268ec41fec675b2421e49802cf348b8',0,'2020-04-19 19:39:51','2020-12-11 15:44:07'),('105509244d2a3b7010c0eac1cfea9c54','50f33accbab5cd6ac96e45ef08f75311','1606895922591.jpg','404d044b3541082e9987ffb4fb0788da',0,'2020-12-02 15:58:43','2020-12-11 15:43:57'),('114e84df713d4f56e049434e7a3d3a02','cc505f71890468723135c06dd7967437',NULL,'481b95ba5cce396c9ec14544b0784751',0,'2020-04-19 11:42:40','2020-11-11 15:07:12'),('115f3e564c4fa622a446ffc776f10043','d1834b338c97e56acce8524db46608b5','1621237938893.jfif','976dbeb57cb6d5234c1c73e1de8522cf',0,'2021-05-17 15:52:19','2021-10-25 23:04:40'),('116caf31e3add52e176bc6d1bdf87f76','f99e1c71be95f5c063e10a125f0e85bb','1606895931956.jpg','404d044b3541082e9987ffb4fb0788da',0,'2020-12-02 15:58:52','2020-12-11 15:43:57'),('136b1862cb3d62b3f6830cb71dd63e14','63da0632ccf7f1fde167bdf92ff25b6b',NULL,'481b95ba5cce396c9ec14544b0784751',0,'2020-02-24 09:25:50','2020-11-11 15:07:12'),('1376b7dff53a26312c29b9c4c3f12d3a','af067859a0dc43c83e57e5f5b80b8347','1607672771731.jfif','29f45d9af53fb31a7d79946970580d20',0,'2020-12-11 15:46:15','2021-05-17 15:51:19'),('13d70e1b5ffd07d534d28b22c7192408','a5d84f5e443b781fe8146620e1abb5b8',NULL,'976dbeb57cb6d5234c1c73e1de8522cf',0,'2020-03-17 09:23:52','2020-10-24 16:02:26'),('15c90ecde1c8728961f5b427cc88c25c','26303160e344350c14d379ca5620b3db','1607673162692.jfif','976dbeb57cb6d5234c1c73e1de8522cf',0,'2020-12-11 15:52:44','2021-05-17 15:51:25'),('15cda71a209a1d5961473cffb83eff91','d2423d5fa8f4e7fca64f6d36c4697703',NULL,'481b95ba5cce396c9ec14544b0784751',0,'2020-02-01 10:26:40','2020-02-01 10:26:40'),('1647b8a797cabf8b2188b3f01fb6f062','0a5331caf040ea332dfedcf3287935dc','1621237908824.png','29f45d9af53fb31a7d79946970580d20',0,'2021-05-17 15:51:48','2021-10-25 23:04:35'),('1679f363cf3f2a1c70e397339f6bf28f','d134bdfe255b9aa8c2ce44da8297f6a6','undefined','481b95ba5cce396c9ec14544b0784751',0,'2020-01-30 22:08:26','2020-12-02 15:58:10'),('178aa3b027e8520e55d5b57b0988e638','0e078507896320e06c1a075a2c4401c2','1602512629145.jpg','29f45d9af53fb31a7d79946970580d20',0,'2020-10-12 22:23:49','2020-10-22 15:44:54'),('17989da54877b83256273351a858d7bf','5c943e772898ccfb13ce7c50ed2775b8',NULL,'481b95ba5cce396c9ec14544b0784751',0,'2020-04-08 15:28:11','2020-04-19 11:41:34'),('17c3a1d99e55c60575fe73f10248d5e2','2f3281904a504e49e205135a5e8edd94','1605078383357.jpg','404d044b3541082e9987ffb4fb0788da',0,'2020-11-11 15:06:23','2020-11-11 15:06:46'),('17ce7b8ae79e3ff569e99c4257187924','773eba37cb947cc2d6d9db48a81245ae',NULL,'481b95ba5cce396c9ec14544b0784751',0,'2020-04-08 15:28:20','2020-04-19 11:41:03'),('17e294de92e7f9535a5fb043f67b0fba','92df30a6f25dc0998e530aef68ccec1b',NULL,'976dbeb57cb6d5234c1c73e1de8522cf',0,'2020-03-17 09:21:20','2020-04-12 17:26:39'),('17f8d00d811d721323890e3e4341f5a8','fa0e5a39b249edb27036024a9f1440a3','1602512659982.jpg','29f45d9af53fb31a7d79946970580d20',0,'2020-10-12 22:24:20','2020-10-22 15:44:32'),('18046faad14f95bd775cc29ff4d3ea1e','04c2bbef54d48a677b1c5f9def8431a9','1592274571520.webp','c14e9e057cbfd2172db4055cea2bef0a',0,'2020-06-16 10:30:00','2020-12-11 15:44:04'),('1a03785415b6eda344753bf93c10a24a','d37d3e699f46a2b3785600f7c4ac6b3f',NULL,'481b95ba5cce396c9ec14544b0784751',0,'2020-02-01 10:23:11','2020-02-01 10:23:11'),('1b429d6fe3164f8ebd10d038ba594859','a093473d7d99ea66374747becb5f835d','1603106779216.jpg','92cf11c9aa7459847832640f3a0810fa',0,'2020-10-19 19:26:20','2020-10-19 19:40:39'),('1d151a81e0e2d1ba824f815b259e41e1','c4c89a69942d1371ae6cbc26ecf5d2c6',NULL,'481b95ba5cce396c9ec14544b0784751',0,'2020-04-08 15:30:59','2020-04-19 11:27:20'),('1e98cef452dec0997067f2e60127fb8f','b9789318708df4d3e20ee75609fb9094','1602512629440.jpg','29f45d9af53fb31a7d79946970580d20',0,'2020-10-12 22:23:49','2020-10-22 15:44:55'),('210062562b3b737814519c0f2017a1fe','e4b2eaa62b5f0cf6b832da7d189aaa0e','1603525635163.jpg','29f45d9af53fb31a7d79946970580d20',0,'2020-10-24 15:47:15','2020-10-24 15:47:25'),('2229b40c262dbd78a95f8d19b10fa88c','7da6b07ca08090581dec31bd8e4dfc09',NULL,'481b95ba5cce396c9ec14544b0784751',0,'2020-04-19 11:42:40','2020-11-11 15:07:12'),('22fdee757d1e78c0c55efe69b340dab8','f4f7e50df629bdea99a2cd8481017cc9','1601035123974.jpg','976dbeb57cb6d5234c1c73e1de8522cf',0,'2020-09-25 19:58:44','2020-10-24 16:02:26'),('24099aad4fa1aa551efc4cf4819f0509','e24ceba9819c3a9b90c9b26eec1b60e2','1606895932195.jpg','404d044b3541082e9987ffb4fb0788da',0,'2020-12-02 15:58:52','2020-12-11 15:43:57'),('286ee71a8472d0c98b4dfecdef7e1938','d60ed0826427b5231eaf320ee71101c6','undefined','481b95ba5cce396c9ec14544b0784751',0,'2020-02-24 10:31:18','2020-11-11 15:07:12'),('2afbe3c81cb63c387e3290f5312aeae9','d771182699acc71038c489834e743fb9','1628607351581.jpg','29f45d9af53fb31a7d79946970580d20',0,'2021-08-10 22:55:59','2021-10-25 23:04:35'),('2afd4d538ac77a70c3e3bd96aac9366a','4e871894c11e04edbf2c4e22b4644730',NULL,'481b95ba5cce396c9ec14544b0784751',0,'2020-02-06 18:54:27','2020-12-02 15:58:10'),('2b3b2761e82ab1b4dd3c28faf543e12c','6d1c017a7a980c6f6852cb5a992424b5','1607672771651.jpg','29f45d9af53fb31a7d79946970580d20',0,'2020-12-11 15:46:15','2021-05-17 15:51:19'),('2bd5aa35415bba1773f5f5debbbdd6d1','7cc19c6449bbbde7db04e6f4d99b5c49',NULL,'481b95ba5cce396c9ec14544b0784751',0,'2020-04-05 08:28:21','2020-04-07 15:49:29'),('2d2dd20ca98d6c10782028804e1e51e3','3173aa92186f7ec7212dbb25178d772a','1607222761620.jpg','976dbeb57cb6d5234c1c73e1de8522cf',0,'2020-12-06 10:46:02','2020-12-11 15:43:50'),('2dfd7751523c1fd98c3cccf1c00b8d36','4f1ba65f0202302491c2338e771e1a35','1606895909993.jpg','481b95ba5cce396c9ec14544b0784751',0,'2020-12-02 15:58:30','2020-12-11 15:43:54'),('2fb4c6957b7f21052e7dadf5596cd953','43b4daaaa4d451c7280d5c35f37d7ca9','1592274435687.webp','c14e9e057cbfd2172db4055cea2bef0a',0,'2020-06-16 10:27:15','2020-06-16 10:28:54'),('301da713dc04c1d0f1f93d12eb741f6d','f0e0aa3defad94066623cecdae7b1623','1606895895720.jpg','481b95ba5cce396c9ec14544b0784751',0,'2020-12-02 15:58:16','2020-12-11 15:43:54'),('313a97c616524447c08ef8e9e993ae56','bffb9a4fb7a06c91e095c5a31d0a8a86','1607672774100.jfif','29f45d9af53fb31a7d79946970580d20',0,'2020-12-11 15:46:15','2021-05-17 15:51:19'),('31aac7c5644acebb030184cf32ba614c','13070e0e5980f9c657da9ffc30d1c00f','1603352638030.jpg','404d044b3541082e9987ffb4fb0788da',0,'2020-10-22 15:44:09','2020-10-24 11:14:27'),('3311516638f05402b9448dedca6603ca','1739543a3739e18c934b8182e2c93d4e','1587296390660.jpg','c268ec41fec675b2421e49802cf348b8',0,'2020-04-19 19:39:51','2020-12-11 15:44:07'),('343b3d8b6009677843894b164fa29acb','bfaa54847490e1d9463bb7db85438045','1603524114381.jpg','29f45d9af53fb31a7d79946970580d20',0,'2020-10-24 15:22:09','2020-10-24 15:47:08'),('347cf3fd6d8282ad0582416a6ed4e19e','86c3a1b9d5a8a5c93cd27b25d88dcf80','1605090735823.jpg','976dbeb57cb6d5234c1c73e1de8522cf',0,'2020-11-11 18:32:17','2020-11-11 18:40:22'),('34aad812f6e123c1c43358c88eabb331','cc9952f52c84dfa51d74ee35a1dc5367',NULL,'976dbeb57cb6d5234c1c73e1de8522cf',0,'2020-03-17 09:23:52','2020-10-24 16:02:26'),('35dcbf96e396fa7b2e7c22a2131d8e2f','204cff311196d7beb1c75b452def184b',NULL,'c268ec41fec675b2421e49802cf348b8',0,'2020-04-19 19:07:19','2020-04-19 19:07:24'),('3724718fe3ba8724097d031fc49ca83f','d884eddbadadf48ac6b98afc723d6660','1592358046468.png','c14e9e057cbfd2172db4055cea2bef0a',0,'2020-06-17 09:40:48','2020-12-11 15:44:04'),('377420b661da6a0d53075a20fdca5ddb','e4c42b7004e9e5751ebc89433fc8b712',NULL,'481b95ba5cce396c9ec14544b0784751',0,'2020-02-01 10:23:21','2020-02-01 10:23:21'),('39b0e096d6f78ad83c4128bff6ddf93f','71a7bc29602e467e1d1b66a59d37c3a2',NULL,'976dbeb57cb6d5234c1c73e1de8522cf',0,'2020-03-17 09:22:19','2020-10-24 16:02:27'),('3d90ea0854f9856700ee1526d7578fbf','858184682eff563a349f595c6b44e5cb',NULL,'481b95ba5cce396c9ec14544b0784751',0,'2020-02-01 10:46:00','2020-02-01 10:46:00'),('3ed38acd47c9a1732081cc8e70fdd34a','d2607f48f1d1debbd5e2cd73db236fed','1603337766615.png','404d044b3541082e9987ffb4fb0788da',0,'2020-10-22 11:36:09','2020-10-24 11:14:45'),('40e8965a26cae981c472dec7450d7243','2e271cabe9e008b6a53c8e7f5fc5f089','1603203047594.jpg','92cf11c9aa7459847832640f3a0810fa',0,'2020-10-20 22:10:51','2020-12-11 15:44:00'),('41351088a487f46b1778ef27ea69c03e','bced93d1d2a087cb164f1a6fda27a151','1606895885694.jpg','976dbeb57cb6d5234c1c73e1de8522cf',0,'2020-12-02 15:58:06','2020-12-06 10:45:47'),('41a1acccf0648cda5b2be60664039224','47a411bb35ce2ff270a6e570c5c241cb','1607222761463.jpg','976dbeb57cb6d5234c1c73e1de8522cf',0,'2020-12-06 10:46:02','2020-12-11 15:43:50'),('42179cee430e99cb906a16f780cb6a61','52938387219fe39445e20a29183df999','1633618292246.png','29f45d9af53fb31a7d79946970580d20',0,'2021-10-07 22:51:32','2021-10-25 23:04:35'),('42eb1176715d8af1113a167983198eec','5fe95f6d7ea5eaff1c5b13078147c9b6','1592358397839.jpg','c14e9e057cbfd2172db4055cea2bef0a',0,'2020-06-17 09:46:38','2020-12-11 15:44:04'),('43d3164b2d61524448269ec478e5c440','58be54bbd3f64fc65c0c18ddbeeb995f',NULL,'481b95ba5cce396c9ec14544b0784751',0,'2020-04-19 11:42:40','2020-11-11 15:07:12'),('447a6e6cbf6ffdf0a3f049f958dd3a03','d2424afcd30ca070d43930d0257097ad',NULL,'976dbeb57cb6d5234c1c73e1de8522cf',0,'2020-03-17 09:22:14','2020-10-24 16:02:51'),('464bf3674a6c26564380f121cfecea00','e1e3dd2146120bc8ccb3e5555284416a','1606895885604.jpg','976dbeb57cb6d5234c1c73e1de8522cf',0,'2020-12-02 15:58:06','2020-12-06 10:45:47'),('475ff2051295659123244b0579b4e93e','623f994c865d462c7338766ff23857ea','1603526094527.jpg','29f45d9af53fb31a7d79946970580d20',0,'2020-10-24 15:54:55','2020-10-24 15:55:14'),('48244373141003545a1bd1e3fa62d4bb','e7710011f0a35e266f2eefc3c29afe09','1607222761230.jpg','976dbeb57cb6d5234c1c73e1de8522cf',0,'2020-12-06 10:46:02','2020-12-11 15:43:50'),('497a63891ac73a87b83e9142efd918fb','8f1728247916b80133ba598a6dc3aebd','undefined','481b95ba5cce396c9ec14544b0784751',0,'2020-02-29 16:35:08','2020-04-19 12:02:27'),('497e9cbcf4fea331c0c81a91c6d2446a','44bccc91e13d8cc992585bdd8ebcabaf','1603584895781.jpg','29f45d9af53fb31a7d79946970580d20',0,'2020-10-25 08:14:58','2020-12-02 15:57:24'),('4a8ae8165e689cc36a34a801b1265806','96e94eeacf3612504a40562b5e466191','1635174297778.png','29f45d9af53fb31a7d79946970580d20',1,'2021-10-25 23:04:59','2021-10-25 23:04:59'),('4b761427626d6900b16ab835b77e55fa','598f567494ce3ba2ff279e9103f27d49','1603509302663.png','404d044b3541082e9987ffb4fb0788da',0,'2020-10-24 11:15:03','2020-11-11 15:05:40'),('4bbab12673f675b524a9acbec549fb2f','2efd01d2149310f2fe5f98189223ae39','1606895932155.jpg','404d044b3541082e9987ffb4fb0788da',0,'2020-12-02 15:58:52','2020-12-11 15:43:57'),('4beccd2462ab1a2d29ddb0780b67763a','2ebda235685f7167ac8db271bfa6ded3','undefined','481b95ba5cce396c9ec14544b0784751',0,'2020-02-24 09:46:44','2020-11-11 15:07:12'),('4deacdc633ffc1f510b34960dc289e0c','3cf2c985ccceb5e94155d57cda447c36',NULL,'481b95ba5cce396c9ec14544b0784751',0,'2020-03-24 09:54:05','2020-11-11 15:07:12'),('4df7a21939fd7d81fd008ce3946fdd3b','bb0ca00f93138f2b2307ee099088adad','1603584894391.jpg','29f45d9af53fb31a7d79946970580d20',0,'2020-10-25 08:14:58','2020-12-02 15:57:24'),('4ec7d32c19d00ef5a3efcad5dc050eb6','13a68baba2163dfd5c8fb3f42bb57afd','1602512660254.jpg','29f45d9af53fb31a7d79946970580d20',0,'2020-10-12 22:24:20','2020-10-22 15:44:32'),('5029f8b8c70954866f57d5601c63d712','7b05938d51816b93d07ca6eb34d3800f','1602512659750.jpg','29f45d9af53fb31a7d79946970580d20',0,'2020-10-12 22:24:20','2020-10-22 15:44:32'),('509d4e1dabdbad116c8e56bf7be1b317','38a6b6fdf308ae23026d58186708de25','1603118025153.jpg','92cf11c9aa7459847832640f3a0810fa',0,'2020-10-19 22:34:35','2020-12-11 15:44:00'),('51a743e97b5bc86ae3b25c039efb172d','1b8d0337b503b1667d5770f202cc02b9',NULL,'976dbeb57cb6d5234c1c73e1de8522cf',0,'2020-03-17 09:23:37','2020-10-24 16:02:26'),('51b11c32cfea2110cb93c7ccc5e9ca18','5cd0b46a1e6545625bd3e76b5fb336e8','1602512629329.jpg','29f45d9af53fb31a7d79946970580d20',0,'2020-10-12 22:23:49','2020-10-22 15:44:55'),('5213302bd2b95e1156ed1f098ab821ef','6bd34691e7294f8d2706d0ac164e025f','1606895932004.jpg','404d044b3541082e9987ffb4fb0788da',0,'2020-12-02 15:58:52','2020-12-11 15:43:57'),('52d7301eebe8790ce8ffb666daa4c4c1','39bfeb7fe07eb145db2219ce35953e0d','1603352429141.webp','404d044b3541082e9987ffb4fb0788da',0,'2020-10-22 15:40:54','2020-10-24 11:14:37'),('55400589553fd235da3663b681742fd0','d349e93d4521ca6d18b431c2feaa18ee','1603336937001.png','404d044b3541082e9987ffb4fb0788da',0,'2020-10-22 11:22:17','2020-10-24 11:14:53'),('555411c348b70e7465d51d327824b7be','a5e49ebbc9d704431cb5615116e77800','1602512629205.jpg','29f45d9af53fb31a7d79946970580d20',0,'2020-10-12 22:23:49','2020-10-22 15:44:55'),('564fa3bc5ad32b4714e8203bfd3b9271','dca06b7785df4434091e70a0527fd9a4',NULL,'976dbeb57cb6d5234c1c73e1de8522cf',0,'2020-03-17 09:23:52','2020-10-24 16:02:26'),('573692467cca496da2ab2aae3541ae16','ec39ef4bb5f09a39dddbe99a571e7d23',NULL,'c268ec41fec675b2421e49802cf348b8',0,'2020-04-19 18:59:55','2020-04-19 19:07:12'),('583eec49d6261dd4298ebbab3b9101e1','c1d5bb9da6c0fe593d57ba95a1c7f3d8',NULL,'976dbeb57cb6d5234c1c73e1de8522cf',0,'2020-03-17 09:22:42','2020-10-24 16:02:27'),('58804e85dfd9d67ddacb931695fe7e8e','b14fa41e879f83d9025cbbb7139f72f6','1606895910086.jpg','481b95ba5cce396c9ec14544b0784751',0,'2020-12-02 15:58:30','2020-12-11 15:43:54'),('5885ad0ed6eb094a722b0feac73087f7','4d0e051cba97ff3752e97f60114201ec','1603107645131.png','92cf11c9aa7459847832640f3a0810fa',0,'2020-10-19 19:40:46','2020-12-11 15:44:00'),('59a48bdb0d6d37ab1e44482aa55b0e84','80a291b93ee01a9adada67d843be7cb0','1607673162804.jfif','976dbeb57cb6d5234c1c73e1de8522cf',0,'2020-12-11 15:52:44','2021-05-17 15:51:25'),('59b6fd6c4c1cc4f2ebe441024f504a8c','8dd7c4f4ff0e87f38e1cdcf6190768d2',NULL,'481b95ba5cce396c9ec14544b0784751',0,'2020-02-01 10:22:48','2020-02-01 10:22:48'),('5d8e70f4237fa805483f62d876a97ba0','27a1b475c5f2acd6c95825f9f72391dd','1605078744828.jpg','404d044b3541082e9987ffb4fb0788da',0,'2020-11-11 15:12:24','2020-12-02 15:58:37'),('603b0afe0c29e9ea0ffbe557d1e92777','2f84fab3b2ef5fa75206c596514d9004',NULL,'976dbeb57cb6d5234c1c73e1de8522cf',0,'2020-03-17 09:22:42','2020-10-24 16:02:27'),('6042ce6c90e8054ce5d9208b95086599','71642e87452738b94980c43a8ced38b6','1623112157303.jpg','29f45d9af53fb31a7d79946970580d20',0,'2021-06-08 08:29:20','2021-10-25 23:04:35'),('609a706b1efe0bcf0e9635faaf4470cb','35ceea0f6829cbd22255571a526d2a3d','1602512643586.jpg','29f45d9af53fb31a7d79946970580d20',0,'2020-10-12 22:24:03','2020-10-22 15:44:54'),('635fa294443ba1a27deabbb1d6034a02','7a8a5af6264664475f6fadc9df1fa1de',NULL,'976dbeb57cb6d5234c1c73e1de8522cf',0,'2020-03-17 09:22:42','2020-10-24 16:02:27'),('64354625fe6bcb83a7896e648fad78be','bc38bf6689f327882af1d2855d17cd02','1607222761514.jpg','976dbeb57cb6d5234c1c73e1de8522cf',0,'2020-12-06 10:46:02','2020-12-11 15:43:50'),('65813af6b86936fded2d6c255ce4e355','b7cc599479588334b7e799656478b425','undefined','481b95ba5cce396c9ec14544b0784751',0,'2020-02-26 15:36:38','2020-11-11 15:07:12'),('66b55ae473d29b153e012d4902156f91','298ca0c639d2fe7527a639e9f4fc9cc5','1606895885639.jpg','976dbeb57cb6d5234c1c73e1de8522cf',0,'2020-12-02 15:58:06','2020-12-06 10:45:47'),('69c73f54c93f1b4157f872b05108f9d2','235cc58878dd63148d05c0f491395a40','1607672772718.jpg','29f45d9af53fb31a7d79946970580d20',0,'2020-12-11 15:46:15','2021-05-17 15:51:19'),('6dc3b84160804ccf0536bfce932c29e0','21bb95558a698f8f1348136effde44e3',NULL,'481b95ba5cce396c9ec14544b0784751',0,'2020-02-01 10:20:30','2020-02-01 10:20:30'),('6ef278b547e77a8ba53119498725e7cc','05b355d8915d479ba7980e65378ddc7b',NULL,'481b95ba5cce396c9ec14544b0784751',0,'2020-02-01 10:46:43','2020-02-01 10:46:43'),('70735b1f3a89fd64d463e1b80bba876c','f00a58b6c74c5068fe0790c5cfddb552','1607672771575.jfif','29f45d9af53fb31a7d79946970580d20',0,'2020-12-11 15:46:15','2021-05-17 15:51:19'),('70a96c3b7029a2133bc8213fb3e3eacf','676bb5eb8f5ec3f2d813890c06ca19c3','1603351900420.png','404d044b3541082e9987ffb4fb0788da',0,'2020-10-22 15:31:43','2020-10-24 11:14:43'),('7127882dadc458d89134ab037a9a35e3','0dd68f9052954a40703ee23c6fdfc2ab','1602512659789.jpg','29f45d9af53fb31a7d79946970580d20',0,'2020-10-12 22:24:20','2020-10-22 15:44:32'),('7151f1a03321f19a1f83abc2b01225ae','c9f0fc69d2f53aaab8bf486fe51291c5',NULL,'976dbeb57cb6d5234c1c73e1de8522cf',0,'2020-03-17 09:22:29','2020-04-12 17:29:24'),('72000ab9e239e1aaf4df213f0508a4a7','ba42a5a24b2eee3acc61310c0e920599','1602512660049.jpg','29f45d9af53fb31a7d79946970580d20',0,'2020-10-12 22:24:20','2020-10-22 15:44:54'),('7202dc6a4be6ac31637f5f68da4259bc','b6d43530eff81cf7b7d95263abf9dc06','1607673163178.jfif','976dbeb57cb6d5234c1c73e1de8522cf',0,'2020-12-11 15:52:44','2021-05-17 15:51:26'),('730805fa92827552e8296b7e36a973df','70f5b89fe70a28d95e10c19c96bf2e85',NULL,'481b95ba5cce396c9ec14544b0784751',0,'2020-02-06 18:54:31','2020-12-02 15:58:10'),('733ae3b43eb09d005177b26c49732449','3a0c80ddf8b99ad269954ebfb3dc2908','1605078649699.jpg','404d044b3541082e9987ffb4fb0788da',0,'2020-11-11 15:10:49','2020-11-11 15:12:51'),('74752ad3b61951532c8975d67f16de48','c7b81c797ffac1f7fa6cab21a79040a0','1606895852698.jpg','29f45d9af53fb31a7d79946970580d20',0,'2020-12-02 15:57:33','2020-12-11 15:43:45'),('750b28964711ad4a18b705f017f6bbd0','27bc0175365420f9e0fbfc6519f605d4',NULL,'481b95ba5cce396c9ec14544b0784751',0,'2020-04-19 11:42:40','2020-11-11 15:07:12'),('777ee44048b4fb2d484a2dde4b2d2136','79b385a78c906b3e682fca6cbccaac91','1605091206406.jpg','976dbeb57cb6d5234c1c73e1de8522cf',0,'2020-11-11 18:40:06','2020-11-11 18:40:22'),('77a3404a5abedcdeeeea775a09690269','812a22ce7a91495497521174577eb206',NULL,'481b95ba5cce396c9ec14544b0784751',0,'2020-03-24 09:54:05','2020-11-11 15:07:12'),('7816dad5e2bd3f47e6f7bf35ad831244','297010b7b2f653a24f9d555a2de34d71',NULL,'c268ec41fec675b2421e49802cf348b8',0,'2020-04-19 18:58:19','2020-04-19 18:59:49'),('78f260edf7e275adfc5feda06edc341f','b62d80fc5d26ccd7f027c5ebb532daf5','1607673162964.jpg','976dbeb57cb6d5234c1c73e1de8522cf',0,'2020-12-11 15:52:44','2021-05-17 15:51:26'),('7951bda12f7ab0e1186a6fd58b46a404','cb0f614d93b8d4bfa78e6fe29d4b048b','1621237908731.png','29f45d9af53fb31a7d79946970580d20',0,'2021-05-17 15:51:48','2021-10-25 23:04:35'),('799e65b682cdd37eb08d1c1fe337302b','0fdd33fce233ce21a98ad11f8c3ca885','1605091217759.png','976dbeb57cb6d5234c1c73e1de8522cf',0,'2020-11-11 18:40:17','2020-11-11 18:40:25'),('7d95da813a237203a3e8ab7a4eb97f17','26aa87d778250103c3e1887cee63cab3','1602512659877.jpg','29f45d9af53fb31a7d79946970580d20',0,'2020-10-12 22:24:20','2020-10-22 15:44:54'),('7edb19809f19af273875d54ad87245fb','f4962eb56fddb57722df5821a475173e',NULL,'481b95ba5cce396c9ec14544b0784751',0,'2020-04-19 11:42:40','2020-11-11 15:07:12'),('81394df01290c58da91c2c7f2df2f1eb','6ac400164584721a108866e2b2f4fb6e','1600072798574.png','976dbeb57cb6d5234c1c73e1de8522cf',0,'2020-09-14 16:40:00','2020-10-12 10:14:28'),('83fff556cf1598de2dfd7e22f1567568','76b93ea63169cddb8f269a30021902bc','1621237907854.png','29f45d9af53fb31a7d79946970580d20',0,'2021-05-17 15:51:48','2021-10-25 23:04:35'),('84d05f090dc7fb64c632bed8aeedf3a0','a32437ab2b9422e2abd72eb8f67e2929','1606895895764.jpg','481b95ba5cce396c9ec14544b0784751',0,'2020-12-02 15:58:16','2020-12-11 15:43:54'),('859e2bbc0de9f74be22d6695e66bc071','149645d713d5dd8ae0440205c2c84e10','1606895852965.jfif','29f45d9af53fb31a7d79946970580d20',0,'2020-12-02 15:57:33','2020-12-11 15:43:45'),('85ceda0fff03574aaf837639ef10e3da','2e81ae6bad3780d44e4d52883a218bfc','1603107657551.jpg','92cf11c9aa7459847832640f3a0810fa',0,'2020-10-19 19:40:57','2020-12-11 15:44:00'),('86528925a917dc2a67ec3a87031eb2fe','f70ca7fa2854b870f0828fc31bd31c3f','1606895910068.jpg','481b95ba5cce396c9ec14544b0784751',0,'2020-12-02 15:58:30','2020-12-11 15:43:54'),('86bd182d79a30dff24865af1aa9d21e9','c49a66b73b4deb5bfaaff02b6b23417a','1607672771421.jfif','29f45d9af53fb31a7d79946970580d20',0,'2020-12-11 15:46:15','2021-05-17 15:51:19'),('87d4b4d12457e4fdfd4b421fc889365c','5576d3640c7c7490ca953a72d5662ec4','1607672771829.jpg','29f45d9af53fb31a7d79946970580d20',0,'2020-12-11 15:46:15','2021-05-17 15:51:19'),('89a602fc334f563d64a851f654e00555','74fdc97330f33eff09bea0cabdfb8c01','1635174297379.png','29f45d9af53fb31a7d79946970580d20',1,'2021-10-25 23:04:59','2021-10-25 23:04:59'),('89bb5f4440591b696a70f42eeabb5fe7','7009d5391bfc1bc328be9e815f38a4d5','1621237938725.jfif','976dbeb57cb6d5234c1c73e1de8522cf',0,'2021-05-17 15:52:19','2021-10-25 23:04:40'),('89c604f9105a7eb273db1309c3b0340c','aae71f2c737d24e06a6501b44cd77a68','1607672771373.jfif','29f45d9af53fb31a7d79946970580d20',0,'2020-12-11 15:46:15','2021-05-17 15:51:19'),('89ee19117f41b5476b98f40e6fea5191','ff492f1c5c202abb9a145cec672cd922','1603584896664.jpg','29f45d9af53fb31a7d79946970580d20',0,'2020-10-25 08:14:58','2020-12-02 15:57:24'),('8c55cb8f8364369d2da0c0681c4e6714','19fe6e424a38fbf3dad1b21971c92324','1607222761552.jpg','976dbeb57cb6d5234c1c73e1de8522cf',0,'2020-12-06 10:46:02','2020-12-11 15:43:50'),('8d8ada31dc3813ad20da5522092b6e39','acbae1e825bf0db5b5eac08d5c3d5adc','1607673162901.jfif','976dbeb57cb6d5234c1c73e1de8522cf',0,'2020-12-11 15:52:44','2021-05-17 15:51:26'),('8f45f9ec789d56be574f2d4666d38507','094cf0ae77e9e535f579f07cd99e2082',NULL,'481b95ba5cce396c9ec14544b0784751',0,'2020-04-08 15:28:16','2020-04-19 11:41:03'),('8f937abbb4fc21d357fcb95ee8c0e3cf','bf93f5927e6f3cddf27005f16da32d7d','1600502306734.jpg','976dbeb57cb6d5234c1c73e1de8522cf',0,'2020-09-19 15:58:27','2020-10-12 10:10:10'),('91e17d7392cd34abf33dfbe0f3fa6853','590f0c54d841e8ec7c88921594f8ccbe','1602512637385.jpg','29f45d9af53fb31a7d79946970580d20',0,'2020-10-12 22:23:57','2020-10-22 15:44:54'),('923e4b34c4b965d7afa197ef79f59115','4dbcdb05185170c7f31dd12d0bc818d4','1603351983190.png','404d044b3541082e9987ffb4fb0788da',0,'2020-10-22 15:33:41','2020-10-24 11:14:41'),('9247e3c6345c88ce08dbf91765d268cc','e03704ff0353f9f7fbeb28f3f529a1d2','1633618162414.png','29f45d9af53fb31a7d79946970580d20',0,'2021-10-07 22:49:24','2021-10-25 23:04:35'),('92b46f0f470a63c6430dba9b18abe8a2','c44d167f73d9556c66c5ba207641a6ca',NULL,'976dbeb57cb6d5234c1c73e1de8522cf',0,'2020-03-17 09:23:52','2020-10-24 16:02:26'),('9457238ba68726025e8f9297a6abfa5b','aee8fc79e1152a6b8ccbe8736e9b8d8b','1603337182596.jpg','404d044b3541082e9987ffb4fb0788da',0,'2020-10-22 11:26:31','2020-10-24 11:14:50'),('9634ddd103254082c469f70e59305369','11a0ca657864b7e89b7262f22247274e','1607672771164.jfif','29f45d9af53fb31a7d79946970580d20',0,'2020-12-11 15:46:14','2021-05-17 15:51:19'),('97cf3d03cc305a4a43cee1571b630dcf','78c1e35d3498bf3546c015f45f7e1ebc',NULL,'976dbeb57cb6d5234c1c73e1de8522cf',0,'2020-03-17 09:23:37','2020-10-24 16:02:27'),('9c28fabaa3a7a08d53ee9c6078cdda5f','d01453db03fbb44b4e6df0ee586a9d9f','1607672771618.jpg','29f45d9af53fb31a7d79946970580d20',0,'2020-12-11 15:46:15','2021-05-17 15:51:19'),('9d8bf6071772e549f15a2cf00b428b13','be1b94c5f0ebe669c2d4ba78f9291198','1603107657672.jpg','92cf11c9aa7459847832640f3a0810fa',0,'2020-10-19 19:40:57','2020-12-11 15:44:00'),('9de06baa89ef00566514b2f7dc083349','f9d1bb41642acf013fd6022425dfa85f',NULL,'481b95ba5cce396c9ec14544b0784751',0,'2020-04-19 11:42:40','2020-11-11 15:07:12'),('9dfa3d62132fbc82da66ff71f9f5d2a9','0759b313a044f6e576a4c77703905583','1602512628239.jpg','29f45d9af53fb31a7d79946970580d20',0,'2020-10-12 22:23:49','2020-10-22 15:44:55'),('9f2aba9515a43654e2c6310997336cfd','5fae676476807d3e821423ffbc4583ef','1607672771894.jfif','29f45d9af53fb31a7d79946970580d20',0,'2020-12-11 15:46:15','2021-05-17 15:51:19'),('a0656cbd5d0ff63c9d69971397f2bf71','c2e4847a96f47a2ef63a57284b880057','1621237938863.jfif','976dbeb57cb6d5234c1c73e1de8522cf',0,'2021-05-17 15:52:19','2021-10-25 23:04:40'),('a201a88914d3bf55ea38ba0ee4c9250a','72b47315ae95bc608ddd7fc5fff58247','1587296390845.png','c268ec41fec675b2421e49802cf348b8',0,'2020-04-19 19:39:51','2020-12-11 15:44:07'),('a20cae2a087ac55d10c7a46c9c2eb115','16be25671eab9cda5a33706e5f7298e3','1603337671207.png','404d044b3541082e9987ffb4fb0788da',0,'2020-10-22 11:34:33','2020-10-24 11:14:47'),('a3fa38997db50282ec293de2796ad67a','2ba46887a89c6b3ad8c523000fdc0ad0','1603117886100.jpg','92cf11c9aa7459847832640f3a0810fa',0,'2020-10-19 22:31:28','2020-12-11 15:44:00'),('a40238d12c6d5bd9234d48e7bcb1ae43','608e9648a6e902bafaf30a8392f16b6d','1607672771777.jpg','29f45d9af53fb31a7d79946970580d20',0,'2020-12-11 15:46:15','2021-05-17 15:51:19'),('a47a70cbd97fff7ec3b1106884e8beb1','d1a77776d624ff7326732fcd2edc3de3','1601025408253.png','976dbeb57cb6d5234c1c73e1de8522cf',0,'2020-09-25 17:16:49','2020-10-12 10:05:20'),('a5f3995d2d2d7321120790f94f987d43','51435e2fa2c45d5c4203278f958f8f52','1607672771466.jfif','29f45d9af53fb31a7d79946970580d20',0,'2020-12-11 15:46:15','2021-05-17 15:51:19'),('a6bd51375b83f934e69a5090dbb4eeea','962f4f4c73bd145910b67f74d33c2874','1600499990003.png','976dbeb57cb6d5234c1c73e1de8522cf',0,'2020-09-19 15:19:50','2020-10-12 10:14:28'),('a8e8fca21c869b68a9efd6b8971b0610','144077b7fc908e2f3c7f4ecaa5069862',NULL,'976dbeb57cb6d5234c1c73e1de8522cf',0,'2020-03-17 09:23:52','2020-10-24 16:02:26'),('aa2ba57bf17d780422bfd9299c09ce51','7dfb0879380d9ba7ecc811ea17bf76f9','1603510275500.jpg','29f45d9af53fb31a7d79946970580d20',0,'2020-10-24 11:31:22','2020-10-24 11:31:35'),('aa56a5e805d619ae79e88d9ba5fa5b87','adeaf35fdcd2d36ed143d95bc02b1cc2','undefined','481b95ba5cce396c9ec14544b0784751',0,'2020-01-30 22:08:26','2020-12-02 15:58:10'),('abfea720770cf4ffa40f25181c180f11','dbc3fbd79963263875c81423afb047a5','1605078415314.jpg','976dbeb57cb6d5234c1c73e1de8522cf',0,'2020-11-11 15:06:55','2020-11-11 18:39:55'),('ad439ea388b87be53f6aad7125c7fd44','c7782d374ed2d4bff8e43164ece9244d',NULL,'976dbeb57cb6d5234c1c73e1de8522cf',0,'2020-03-17 09:23:37','2020-10-24 16:02:27'),('ae0388aba027c118748663232773d419','bb4ba8de81fdcd837bff6d25045ace5f',NULL,'481b95ba5cce396c9ec14544b0784751',0,'2020-02-01 10:46:57','2020-02-01 10:46:57'),('aed166e9a89c99d36f9a2d1a72a00680','0f84747b67813a55ff0e5cdb5b80f292','1623111168726.jpg','29f45d9af53fb31a7d79946970580d20',0,'2021-06-08 08:12:54','2021-06-08 08:13:36'),('aedddcde4c6c5396d458bfbba26046f6','6f912d5e373cb8a2700239d983ca226b','1623111207053.jpg','29f45d9af53fb31a7d79946970580d20',0,'2021-06-08 08:13:28','2021-10-25 23:04:35'),('b0f6ae50434cc62f60da30d8a7cd2dc8','23a842d158f8ededb9119f8e1b5e8f9d','1602512659627.htm','29f45d9af53fb31a7d79946970580d20',0,'2020-10-12 22:24:20','2020-10-22 15:44:54'),('b4069e0a55a31da51acaafdc79684e4c','a050ffc092066cfbf348df62a11715b2','1605078382445.jpg','404d044b3541082e9987ffb4fb0788da',0,'2020-11-11 15:06:23','2020-11-11 15:06:46'),('b49ab3b476e91f67e2e749b9a389522a','3047736d57af192ab52c9a7fc1011e52','1606895910050.jpg','481b95ba5cce396c9ec14544b0784751',0,'2020-12-02 15:58:30','2020-12-11 15:43:54'),('b825eb0ba4a062ff40d5c458645e24e9','a84876c500c1311d09ee30544542d0da','1606895885566.jpg','976dbeb57cb6d5234c1c73e1de8522cf',0,'2020-12-02 15:58:06','2020-12-06 10:45:47'),('b9c8c79b8dd57fb441cfbc213dbc6f3a','359abf7bc5f7dfe548793eeb775222bd','1606895885751.jpg','976dbeb57cb6d5234c1c73e1de8522cf',0,'2020-12-02 15:58:06','2020-12-06 10:45:47'),('baae17f47aef79220fe0b9c9c23e6f4b','2c84327cd21f436601815f430c6e8504',NULL,'976dbeb57cb6d5234c1c73e1de8522cf',0,'2020-03-17 09:21:39','2020-04-12 17:26:39'),('bc22ddd6802fac9ce8642aa0ad6e8f0e','f3515a5c25dcb2d38fc3522b237f7abe','1606895910017.jpg','481b95ba5cce396c9ec14544b0784751',0,'2020-12-02 15:58:30','2020-12-11 15:43:54'),('bd78a0d794e46d77f89a4ae55e904f1f','f9f258dd238b172c1b2058af334660d7','1607673162936.jpg','976dbeb57cb6d5234c1c73e1de8522cf',0,'2020-12-11 15:52:44','2021-05-17 15:51:26'),('be319113461f98d1058ead6e12d47dd4','1219e6578c8aaa962b93f72e1a774fbc','1602468335796.webp',NULL,1,'2020-10-12 10:05:36','2020-10-12 10:05:36'),('bf0ab4ef7ee9ac2c48a46abe71b8cf41','2c2bed0af1c259e605e73c84e533501f',NULL,'976dbeb57cb6d5234c1c73e1de8522cf',0,'2020-03-17 09:21:42','2020-04-12 17:26:39'),('c1afcf1206e2870dc599d64f9d068cfd','8f59451286c970a77cf3793a0f6657de',NULL,'976dbeb57cb6d5234c1c73e1de8522cf',0,'2020-03-17 09:22:19','2020-04-12 17:29:09'),('c2c0cf51284e3008b4e986ab687b838c','33f4049d388c1e44ab203cd84c1657db','1603203050420.jpg','92cf11c9aa7459847832640f3a0810fa',0,'2020-10-20 22:10:51','2020-12-11 15:44:00'),('c40835f27f020d28512574fde51cdd25','0821220f93588e198abd7842dd1564f5',NULL,'481b95ba5cce396c9ec14544b0784751',0,'2020-04-08 15:27:47','2020-04-19 11:41:34'),('c4f29367cb11f8fb987593339ee61c66','7086872f5fd4647152291a2c7dc0d3b3','1602468575226.webp','976dbeb57cb6d5234c1c73e1de8522cf',0,'2020-10-12 10:09:35','2020-10-24 15:16:44'),('c60944ea47657c1ca5cd552657fc29ba','6d3f136678dc0f43620e9849fd3cfe74','1607222761593.jpg','976dbeb57cb6d5234c1c73e1de8522cf',0,'2020-12-06 10:46:02','2020-12-11 15:43:50'),('c8e267edce391e23e357f3528fa21e72','da50ebbec69683b543ebf72b389f8af2','undefined','481b95ba5cce396c9ec14544b0784751',0,'2020-01-30 22:08:26','2020-12-02 15:58:10'),('c9c9d12197ae1df349a8652b88512749','0d8f61dc08e78a3f76269c367e51f68a',NULL,'976dbeb57cb6d5234c1c73e1de8522cf',0,'2020-03-17 09:22:42','2020-10-24 16:02:27'),('ca32b317eda0193a1679bc942ec0fedf','2db7bc7827ac31f1e7faa659bf9c6ff5','1633618292074.png','29f45d9af53fb31a7d79946970580d20',0,'2021-10-07 22:51:32','2021-10-25 23:04:35'),('cae0fc2d7bd025f563cb651df774a9f4','ba08d19ef9f5b5113479b385903ee1de',NULL,'481b95ba5cce396c9ec14544b0784751',0,'2020-02-01 10:46:57','2020-02-01 10:46:57'),('cc43ce6b98330f0093d00a1805aa4c0e','6e427f71a9b0714be1ab2d03900052bf','1607222761641.jpg','976dbeb57cb6d5234c1c73e1de8522cf',0,'2020-12-06 10:46:02','2020-12-11 15:43:50'),('ccf697f944a2e4aa49aa6c0dec9f74d4','295f4e11a4b4ce89da861cc8af2fb869','1635174297898.png','29f45d9af53fb31a7d79946970580d20',1,'2021-10-25 23:04:59','2021-10-25 23:04:59'),('cdb12faf3f3bfb4cbf7d4c37a5646146','6aa29d78ca8d9fb98c74fff2027a2023',NULL,'481b95ba5cce396c9ec14544b0784751',0,'2020-02-01 10:20:23','2020-02-01 10:20:23'),('ce68c32ed00b8b2f40f9cfd570861f2e','167eedc9f25803a549d4cd5f0bbb5647',NULL,'481b95ba5cce396c9ec14544b0784751',0,'2020-04-19 11:42:40','2020-11-11 15:07:12'),('d0b22881fff567ac2e470d463c63bd66','1014089311fa1cc9c7ebcce97e74d2b7','1607673163075.jpg','976dbeb57cb6d5234c1c73e1de8522cf',0,'2020-12-11 15:52:44','2021-05-17 15:51:26'),('d1651eb087d50083023968fe9616aedd','0276e82116cde0714c49b26f180ae2c1','1602512660019.jpg','29f45d9af53fb31a7d79946970580d20',0,'2020-10-12 22:24:20','2020-10-22 15:44:54'),('d2f2aba2f880ebbfab3eb73272256410','e8a7cfa5568a7b560d7b2d5f21c5b4cb','1606895852882.jfif','29f45d9af53fb31a7d79946970580d20',0,'2020-12-02 15:57:33','2020-12-11 15:43:45'),('d335d9d87fdee239d6dc75c8460b0b03','e1ac4c3e2b1816ce6ed46319143400dc','1592274402231.webp','c268ec41fec675b2421e49802cf348b8',0,'2020-06-16 10:26:43','2020-12-11 15:44:07'),('d380c8d36f6298e802e6d5e53ab7221d','ffe1c088d99304a0c3e40e8421ccffbd',NULL,'976dbeb57cb6d5234c1c73e1de8522cf',0,'2020-03-17 09:22:14','2020-10-12 09:59:00'),('d4486e52e857ce8bad8bfba197276269','48db82518205a60474f38fc0f3def18b','1603584897040.jpg','29f45d9af53fb31a7d79946970580d20',0,'2020-10-25 08:14:58','2020-12-02 15:57:24'),('d533ca0763a80b54a0cbec90b9c0274c','41d3929f68e8f93d5f665fbe819fea5e','1607673163034.jfif','976dbeb57cb6d5234c1c73e1de8522cf',0,'2020-12-11 15:52:44','2021-05-17 15:51:26'),('d56dbcbbbbd3b35cca4a9035c75ac7b3','63f6ebd934fbeb79c921be787ef8a7f7','1592275236503.png','c14e9e057cbfd2172db4055cea2bef0a',0,'2020-06-16 10:40:38','2020-12-11 15:44:04'),('d5e9cb78df8f27c9e7338fc262b5cbe4','da6da0c71bd31dba89de83a392eb7101','1607673163674.jfif','976dbeb57cb6d5234c1c73e1de8522cf',0,'2020-12-11 15:52:44','2021-05-17 15:51:26'),('d6b01fede131447343a926775c24c9bf','bad3fbafd5dad5eecbe8b4d32969600e','1587295860492.jpg','c268ec41fec675b2421e49802cf348b8',0,'2020-04-19 19:31:01','2020-12-11 15:44:07'),('d7d5512b7c2f8c1b5124c38d208fd7a2','c24e84fcb9630e6e7884a3982eb8df5d',NULL,'976dbeb57cb6d5234c1c73e1de8522cf',0,'2020-03-17 09:22:19','2020-10-24 16:02:51'),('d979d95bf56497d00db6b3221290c55f','828227a0f1c736ea393fa4a747b1c5d9',NULL,'976dbeb57cb6d5234c1c73e1de8522cf',0,'2020-03-17 09:23:52','2020-10-24 16:02:26'),('db052c7a0ad90d39978ace7c18adc84f','3093e537759b2bddff896fb37d5c242f',NULL,'976dbeb57cb6d5234c1c73e1de8522cf',0,'2020-03-17 09:23:22','2020-10-24 16:02:27'),('ddac543facd01191cf9c40f9d8488b8e','21e6b593145638b53f92fe91df7a8412','1602468733730.png','29f45d9af53fb31a7d79946970580d20',0,'2020-10-12 10:12:14','2020-10-22 15:44:55'),('de2beeca9ba17ffca8ab2061f3e695f8','c0f9d197c069e40c1603aaaeb083d8f0','1606895932065.jpg','404d044b3541082e9987ffb4fb0788da',0,'2020-12-02 15:58:52','2020-12-11 15:43:57'),('de562d7697a41623009b138804629624','0ec3a3f029bb44f2c511d2b207322c30','1606895853019.jfif','29f45d9af53fb31a7d79946970580d20',0,'2020-12-02 15:57:33','2020-12-11 15:43:45'),('df220f0a4ce60de3ff2a717da4829fa4','ca37885e7b08a7c5bad3d09d8404a51e',NULL,'c268ec41fec675b2421e49802cf348b8',0,'2020-04-19 19:08:50','2020-12-11 15:44:07'),('e000a49e2504b73611d7b859d7056432','71382181ad2219a13008864fe09a7534','1603203066895.jpg','29f45d9af53fb31a7d79946970580d20',0,'2020-10-20 22:11:07','2020-10-22 15:44:32'),('e11677dda0cd75a9b93cfa2ee816a4a6','3dab9866f9ac1867d3845918d4b5b748',NULL,'976dbeb57cb6d5234c1c73e1de8522cf',0,'2020-03-17 09:23:22','2020-10-24 16:02:27'),('e1697e31413e26e9cb3ee4082386fc6d','a5d33ee8735ca074666f909b06ed40b5','1592358325424.jpg','c14e9e057cbfd2172db4055cea2bef0a',0,'2020-06-17 09:45:26','2020-12-11 15:44:04'),('e19fdb9d3b15ada4f0ba6048e5fdce88','d88c3f894e101017168039fec9406b8a',NULL,'976dbeb57cb6d5234c1c73e1de8522cf',0,'2020-03-17 09:21:24','2020-04-12 17:26:39'),('e1ebc507fc7465def354f8dd151bac59','61eb64355e240b3ebea768d4ed33b7ca','1603118221457.jpg','92cf11c9aa7459847832640f3a0810fa',0,'2020-10-19 22:38:18','2020-12-11 15:44:00'),('e23d4e73853508da375e84ecfe695282','d641becdc63155fc7a77f8e0d35a8c30','1587295860631.jpg','c268ec41fec675b2421e49802cf348b8',0,'2020-04-19 19:31:01','2020-12-11 15:44:07'),('e32970c1bf963faa2ee5c23d09bf5570','f771d483f23dcc8ff4cb5d406ef91d3c','1607673163115.jfif','976dbeb57cb6d5234c1c73e1de8522cf',0,'2020-12-11 15:52:44','2021-05-17 15:51:26'),('e3d42a5f242d2daae4a2c3d60347c9de','d2594cf03fcebe3a1d8103a51d68cc21','1603523799340.jpg','29f45d9af53fb31a7d79946970580d20',0,'2020-10-24 15:16:39','2020-10-24 15:18:23'),('e3f8ef31eb655f896c75012253dd4a59','c57e12f9d4895d3a36261df106134e0d','1602512660294.jpg','29f45d9af53fb31a7d79946970580d20',0,'2020-10-12 22:24:20','2020-10-22 15:44:54'),('e5457c7d430a55b2a83d52f3312730c5','afe8c0e532a6ee2f4e9adda5417d5c08','1603717862371.jpg','29f45d9af53fb31a7d79946970580d20',0,'2020-10-26 21:11:04','2020-10-26 21:11:07'),('e73cf621853b0dcdaedecf3fb7348e5b','6ab1e89918da357782a1c5492d7916bc',NULL,'976dbeb57cb6d5234c1c73e1de8522cf',0,'2020-03-17 09:23:37','2020-10-24 16:02:27'),('e89719bd1b6f43e4b4126fceeb682b52','32b27d2cb90e5b6336858ec14d225ee6','1602512659687.jpg','29f45d9af53fb31a7d79946970580d20',0,'2020-10-12 22:24:20','2020-10-22 15:44:54'),('ec90be8f7dcb6a5cb526edacd3c17a4d','568291a0928406ee7ec69558b5cd9c9d','1602512660099.jpg','29f45d9af53fb31a7d79946970580d20',0,'2020-10-12 22:24:20','2020-10-22 15:44:54'),('ecfee7ac87fa674b655baba37d5b0008','2599457449009cafe97fbc46c8c28ee3','1606895853098.jfif','29f45d9af53fb31a7d79946970580d20',0,'2020-12-02 15:57:34','2020-12-11 15:43:45'),('ed25a758d8770f29c537efed0dfc3432','772036151e48e5bd40d4183aab08ae67','1603337213876.jpg','404d044b3541082e9987ffb4fb0788da',0,'2020-10-22 11:26:59','2020-10-24 11:14:48'),('ed5942be9ec61876eeb044c0a45ebf28','ee5fd755a6f28df835361c005d0b867b',NULL,'481b95ba5cce396c9ec14544b0784751',0,'2020-03-24 09:54:05','2020-11-11 15:07:12'),('ee2c4832ba5b9aae12643754d21ff01d','33f8407082a521fddb37204c4d4a9b5f',NULL,'481b95ba5cce396c9ec14544b0784751',0,'2020-02-01 10:46:53','2020-02-01 10:46:53'),('ee5517b2c4ba0f04877e30c5fb362d1a','808e310c02f10be658c98ba1a5ab14dc','1607672771526.jfif','29f45d9af53fb31a7d79946970580d20',0,'2020-12-11 15:46:15','2021-05-17 15:51:19'),('f05a016fa3402716e04346cb03c395c9','f58d18eac69fc82f6a179c4f63717ffa','1607672771941.jpg','29f45d9af53fb31a7d79946970580d20',0,'2020-12-11 15:46:15','2021-05-17 15:51:19'),('f0b689591b6c0c14d14ce5c0af8f5a24','353e9f6f708940fa167369d747313073','1603203083484.jpg','29f45d9af53fb31a7d79946970580d20',0,'2020-10-20 22:11:23','2020-10-22 15:44:32'),('f0fdce2ae020b1aa60bf664e4efc63d4','d77a20d228f70b5538650ddae1605656',NULL,'481b95ba5cce396c9ec14544b0784751',0,'2020-03-24 09:54:45','2020-11-11 15:07:12'),('f14c06e31317b82b7af3360a8cd7278d','2da8a6151284326105dce88f51f9a366','1602512629401.jpg','29f45d9af53fb31a7d79946970580d20',0,'2020-10-12 22:23:49','2020-10-22 15:44:55'),('f20b308ca4739da24479247ef46f63c8','7eb647473e898a9c0a85d6ca18264382','1602512643395.jpg','29f45d9af53fb31a7d79946970580d20',0,'2020-10-12 22:24:03','2020-10-22 15:44:54'),('f26bf0f1b0c4128aa32f4b6fa9337e40','b9d6793bfcea4da7d67274cda673e136',NULL,'c268ec41fec675b2421e49802cf348b8',0,'2020-04-19 19:07:19','2020-12-11 15:44:07'),('f2a6fc07b497b6ccc724775174c92285','2ea6d2a5935188a1cbcc158f1883cee6','1606895932119.jpg','404d044b3541082e9987ffb4fb0788da',0,'2020-12-02 15:58:52','2020-12-11 15:43:57'),('f2b878f65ead268ba44d58064707ef9f','f11f1fbd9bde32d5bf20e255486f7315',NULL,'976dbeb57cb6d5234c1c73e1de8522cf',0,'2020-03-17 09:22:42','2020-04-12 17:29:24'),('f4c77ee305ae2961300d9ad55dc24487','9f45252b76c4182a37c0a4d0bd81ea9b','1607673162996.jfif','976dbeb57cb6d5234c1c73e1de8522cf',0,'2020-12-11 15:52:44','2021-05-17 15:51:26'),('f773e67c7ba57d1821253acd21115f9b','ca15a25bb9256fd6b945d4f0e8fe0151','1603352411518.jpg','404d044b3541082e9987ffb4fb0788da',0,'2020-10-22 15:40:13','2020-10-24 11:14:40'),('f7c145409c2986b34ad8b0b82b85169a','d5e23b87e356018488853df17e027670',NULL,'481b95ba5cce396c9ec14544b0784751',0,'2020-04-19 11:42:40','2020-11-11 15:07:12'),('f8834e5002f45c3eed1e678b87d5ac57','eb7801d1f8929420262a9a072a257099','1607672771919.jfif','29f45d9af53fb31a7d79946970580d20',0,'2020-12-11 15:46:15','2021-05-17 15:51:19'),('fa4fb6b85bd260abb6d5c71714df079d','b5ac21304ccd22e56bfcae3ae8aef4cf',NULL,'481b95ba5cce396c9ec14544b0784751',0,'2020-03-24 09:54:05','2020-11-11 15:07:12'),('fac59a0c821e94722aa57c79fd8ae01b','7f14f9f4346cefdf58195caf89c940b7','1600502329461.png','976dbeb57cb6d5234c1c73e1de8522cf',0,'2020-09-19 15:58:49','2020-10-12 10:10:08'),('fb28547cddf4745a6727b0468b946751','451ab97d0b200f4309f44e71ddbc8b16','1603584896000.png','29f45d9af53fb31a7d79946970580d20',0,'2020-10-25 08:14:58','2020-12-02 15:57:24'),('fc4267a8eea763c603cb87c61d68f31d','0051cb722bb1bd89e1ec57b5f970c287','1607672771698.jfif','29f45d9af53fb31a7d79946970580d20',0,'2020-12-11 15:46:15','2021-05-17 15:51:19'),('fe53d5119671136dac475e201243b6a8','faa9c1d13323faf06ac79e89ad14696d','1603336919377.png','404d044b3541082e9987ffb4fb0788da',0,'2020-10-22 11:22:03','2020-10-24 11:14:55'),('ff90e72a99c6e00d4674661148052eb2','207fecc04931d722404f6b9584e11446',NULL,'676268e609d08412d0e2d5ce1b1a0d0c',0,'2020-03-09 08:52:51','2020-03-09 08:52:51');

/*Table structure for table `t_picture_sort` */

DROP TABLE IF EXISTS `t_picture_sort`;

CREATE TABLE `t_picture_sort` (
  `uid` varchar(32) NOT NULL COMMENT '唯一uid',
  `file_uid` varchar(32) DEFAULT NULL COMMENT '分类图片uid',
  `name` varchar(255) DEFAULT NULL COMMENT '分类名',
  `status` tinyint unsigned NOT NULL DEFAULT '1' COMMENT '状态',
  `create_time` timestamp NOT NULL DEFAULT '0000-00-00 00:00:00' COMMENT '创建时间',
  `update_time` timestamp NOT NULL DEFAULT '0000-00-00 00:00:00' COMMENT '更新时间',
  `parent_uid` varchar(32) DEFAULT NULL,
  `sort` int DEFAULT '0' COMMENT '排序字段，越大越靠前',
  `is_show` tinyint(1) NOT NULL DEFAULT '1' COMMENT '是否显示，1：是，0，否',
  PRIMARY KEY (`uid`)
) ENGINE=InnoDB DEFAULT CHARSET=utf8 COMMENT='图片分类表';

/*Data for the table `t_picture_sort` */

insert  into `t_picture_sort`(`uid`,`file_uid`,`name`,`status`,`create_time`,`update_time`,`parent_uid`,`sort`,`is_show`) values ('21824c9b86dc8ad6c378cacfb664f275','ee5fd755a6f28df835361c005d0b867b','测试3',0,'2020-04-07 15:49:00','2020-04-07 15:49:03',NULL,0,1),('29f45d9af53fb31a7d79946970580d20','2168150dfa4d7e91bd13a989c3eb98fd','测试分类',1,'2020-04-19 18:46:13','2020-12-11 15:45:53',NULL,5,1),('404d044b3541082e9987ffb4fb0788da',NULL,'Minio测试',0,'2020-10-22 11:21:40','2020-12-11 15:44:18',NULL,0,1),('481b95ba5cce396c9ec14544b0784751','58be54bbd3f64fc65c0c18ddbeeb995f','测试图片',0,'2020-01-30 22:08:10','2020-12-11 15:44:20',NULL,2,1),('543a083eedbb76f1d558b038d68d5ba1','null','123',0,'2020-03-20 13:34:22','2020-03-20 13:34:22',NULL,0,1),('676268e609d08412d0e2d5ce1b1a0d0c','3e6d4c73afeb338ad5e9c2d5be0bea14','测试分类',0,'2020-03-09 08:52:27','2020-03-09 08:52:27',NULL,1,1),('92cf11c9aa7459847832640f3a0810fa','cc9952f52c84dfa51d74ee35a1dc5367','图片2',0,'2020-10-19 19:26:09','2020-12-11 15:44:16',NULL,0,1),('976dbeb57cb6d5234c1c73e1de8522cf','f4f7e50df629bdea99a2cd8481017cc9','测试分类2',1,'2020-03-17 09:18:53','2020-10-12 10:10:30',NULL,4,1),('c14e9e057cbfd2172db4055cea2bef0a','828227a0f1c736ea393fa4a747b1c5d9','测试分类4',0,'2020-06-16 10:26:59','2020-12-11 15:44:14',NULL,0,1),('c268ec41fec675b2421e49802cf348b8','b9d6793bfcea4da7d67274cda673e136','图床2',0,'2020-04-19 18:48:10','2020-12-11 15:44:11',NULL,0,1),('d4fc04eb7f3ad15679b9e93bf1d87d62','null','null',0,'2020-03-20 13:22:33','2020-03-20 13:22:33',NULL,0,1),('ddcd55f1545326e8bbdc0c72a884437d','ee5fd755a6f28df835361c005d0b867b','测试3',0,'2020-04-07 15:48:17','2020-04-07 15:48:30',NULL,3,1);

/*Table structure for table `t_question` */

DROP TABLE IF EXISTS `t_question`;

CREATE TABLE `t_question` (
  `uid` varchar(32) NOT NULL COMMENT '唯一uid',
  `oid` int NOT NULL AUTO_INCREMENT COMMENT '唯一oid',
  `title` varchar(255) CHARACTER SET utf8mb4 COLLATE utf8mb4_general_ci DEFAULT NULL COMMENT '博客标题',
  `summary` varchar(255) CHARACTER SET utf8mb4 COLLATE utf8mb4_general_ci DEFAULT NULL COMMENT '博客简介',
  `content` text CHARACTER SET utf8mb4 COLLATE utf8mb4_general_ci COMMENT '博客内容',
  `question_tag_uid` varchar(255) DEFAULT NULL COMMENT '问答uid',
  `click_count` int DEFAULT '0' COMMENT '问答点击数',
  `collect_count` int DEFAULT '0' COMMENT '问答收藏数',
  `reply_count` int DEFAULT '0' COMMENT '回答次数',
  `file_uid` varchar(255) DEFAULT NULL COMMENT '标题图片uid',
  `status` tinyint unsigned NOT NULL DEFAULT '1' COMMENT '状态',
  `create_time` timestamp NULL DEFAULT NULL COMMENT '创建时间',
  `update_time` timestamp NULL DEFAULT NULL COMMENT '更新时间',
  `admin_uid` varchar(32) DEFAULT NULL COMMENT '管理员uid',
  `user_uid` varchar(32) DEFAULT NULL COMMENT '用户UID',
  `is_publish` varchar(1) DEFAULT '1' COMMENT '是否发布：0：否，1：是',
  `question_status` tinyint unsigned NOT NULL DEFAULT '0' COMMENT '问答状态，0:创建，1:进行，2:已采纳',
  `sort` int NOT NULL DEFAULT '0' COMMENT '排序字段',
  `open_comment` tinyint(1) NOT NULL DEFAULT '1' COMMENT '是否开启评论(0:否 1:是)',
  `question_template_uid` varchar(32) DEFAULT NULL COMMENT '问答模板UID',
  `question_source` tinyint(1) NOT NULL DEFAULT '1' COMMENT '问答来源【0 后台添加，1 用户投稿】',
  PRIMARY KEY (`uid`,`oid`),
  KEY `oid` (`oid`)
) ENGINE=InnoDB AUTO_INCREMENT=90 DEFAULT CHARSET=utf8 COMMENT='问答表';

/*Data for the table `t_question` */

insert  into `t_question`(`uid`,`oid`,`title`,`summary`,`content`,`question_tag_uid`,`click_count`,`collect_count`,`reply_count`,`file_uid`,`status`,`create_time`,`update_time`,`admin_uid`,`user_uid`,`is_publish`,`question_status`,`sort`,`open_comment`,`question_template_uid`,`question_source`) values ('0570a812586e819d9155ed0b5ecf98e7',70,'测试问题2','测试问题2','<h2>问题描述</h2>\n\n<p>&nbsp;</p>\n\n<h2>问题出现的环境背景及自己尝试过哪些方法</h2>\n\n<p>&nbsp;</p>\n\n<h2>相关代码</h2>\n\n<p>粘贴代码文本（请勿用截图）</p>\n\n<p>&nbsp;</p>\n\n<h2>你期待的结果是什么？实际看到的错误信息又是什么？</h2>\n','004821a6b2f713e0268bb18de74a0ec8',8,0,8,NULL,0,'2021-05-28 20:05:11','2021-06-21 17:10:52',NULL,'6795d72d4b27b24e02acb38723ccc5d6','1',0,0,1,'732b83c9661290b868142ac4f7f877ed',1),('0639e027badd8751b28d0ac19970a0a6',83,'测试','测试','<h2>问题描述</h2>\n\n<p>&nbsp;</p>\n\n<h2>问题出现的环境背景及自己尝试过哪些方法</h2>\n\n<p>&nbsp;</p>\n\n<h2>相关代码</h2>\n\n<p>粘贴代码文本（请勿用截图）</p>\n\n<p>&nbsp;</p>\n\n<h2>你期待的结果是什么？实际看到的错误信息又是什么？</h2>\n','004821a6b2f713e0268bb18de74a0ec8',0,0,0,NULL,0,'2021-06-21 16:49:16','2021-06-21 17:10:55',NULL,'6795d72d4b27b24e02acb38723ccc5d6','1',0,0,1,'732b83c9661290b868142ac4f7f877ed',1),('084bd3c01a74cfd6214a2a63d1004626',89,'测试啦啦啦333','测试啦啦啦333','<h2>问题描述</h2>\n\n<p>&nbsp;</p>\n\n<h2>问题出现的平台版本及自己尝试过哪些方法</h2>\n\n<p>&nbsp;</p>\n\n<h2>相关代码</h2>\n\n<p>粘贴代码文本（请勿用截图）</p>\n\n<p>&nbsp;</p>\n\n<h2>你期待的结果是什么？实际看到的错误信息又是什么？</h2>\n','498323b36535b000042e3b0d802bc9a3',3,0,0,NULL,1,'2021-08-21 16:21:11','2021-09-27 22:44:09',NULL,'595ab5582fad346907bec50e09e119cf','0',0,0,1,'c92dcaeda36b513c20e41218d6ad26c4',1),('0a2c4da6fc51eff94ffa7048d8f7939b',75,'博客在发布时出现问题','博客在发布时出现问题','<p>博客在发布时出现问题</p>\n','004821a6b2f713e0268bb18de74a0ec8',1,0,0,NULL,1,'2021-06-13 16:55:30','2021-09-27 22:43:57','1f01cd1d2f474743b241d74008b12333',NULL,'1',0,0,0,NULL,0),('11c63a6e69ba94be3d7359c7754e2809',72,'测试333','测试1','<h2>问题描述</h2>\n\n<p>&nbsp;</p>\n\n<h2>问题出现的环境背景及自己尝试过哪些方法</h2>\n\n<p>&nbsp;</p>\n\n<h2>相关代码</h2>\n\n<p>粘贴代码文本（请勿用截图）</p>\n\n<p>&nbsp;</p>\n\n<h2>你期待的结果是什么？实际看到的错误信息又是什么？</h2>\n','004821a6b2f713e0268bb18de74a0ec8',1,0,1,NULL,1,'2021-06-09 20:26:02','2021-06-10 07:58:05',NULL,'6795d72d4b27b24e02acb38723ccc5d6','1',0,0,1,'732b83c9661290b868142ac4f7f877ed',1),('162e4e0d6244445c91b4061412bd0a7c',77,'hello','hello','<h2>题目描述</h2>\n\n<p>&nbsp;</p>\n\n<h2>题目来源及自己的思路</h2>\n\n<p>&nbsp;</p>\n\n<h2>相关代码</h2>\n\n<p>粘贴代码文本（请勿用截图）</p>\n\n<p>&nbsp;</p>\n\n<h2>你期待的结果是什么？实际看到的错误信息又是什么？</h2>\n','498323b36535b000042e3b0d802bc9a3',0,0,0,NULL,1,'2021-06-21 16:41:25','2021-06-21 16:41:25',NULL,'6795d72d4b27b24e02acb38723ccc5d6','1',0,0,1,'90a2b545283d8d564a1a990955e735b1',1),('45652c557496df4e2b865030d4f05bfb',86,'啦啦啦啦啦啦啦啦啦啦啦啦啦啦啦啦啦啦啦啦啦','啦啦啦','<h2>问题描述</h2>\n\n<p>&nbsp;</p>\n\n<h2>问题出现的环境背景及自己尝试过哪些方法</h2>\n\n<p>&nbsp;</p>\n\n<h2>相关代码</h2>\n\n<p>粘贴代码文本（请勿用截图）</p>\n\n<p>&nbsp;</p>\n\n<h2>你期待的结果是什么？实际看到的错误信息又是什么？</h2>\n','004821a6b2f713e0268bb18de74a0ec8',4,0,12,NULL,1,'2021-08-02 23:05:59','2021-08-20 08:28:52',NULL,'595ab5582fad346907bec50e09e119cf','1',0,0,1,'732b83c9661290b868142ac4f7f877ed',1),('4d1849300de22dbed882ef8342c54e03',66,'蘑菇博客Golang版本怎么部署？','蘑菇博客Golang版本怎么部署？','<p>蘑菇博客Golang版本怎么部署？</p>\n','498323b36535b000042e3b0d802bc9a3',1,0,0,NULL,1,'2021-05-12 19:33:35','2021-05-20 11:49:07',NULL,'6795d72d4b27b24e02acb38723ccc5d6','1',0,0,1,NULL,1),('5e874e179a4dcca180366df45e2ba5a7',68,'测试代码','测试代码','<pre>\n<code class=\"language-bash\">&lt;template&gt;\n  &lt;html&gt;\n  &lt;body&gt;\n  &lt;head&gt;\n    &lt;meta charset=\"utf-8\"&gt;\n    &lt;title&gt;{{info.title}}&lt;/title&gt;\n    &lt;meta name=\"keywords\" :content=\"info.keyword\"&gt;\n    &lt;meta name=\"description\" :content=\"info.summary\"&gt;\n    &lt;meta name=\"viewport\" content=\"width=device-width, initial-scale=1.0\"&gt;\n  &lt;/head&gt;\n\n  &lt;header\n    :class=\"isVisible?\'header-navigation slideDown\':\'header-navigation slideUp\'\"\n    id=\"header\"\n  &gt;\n    &lt;nav&gt;\n      &lt;div class=\"logo\"&gt;\n        &lt;router-link to=\"/\"&gt;\n          &lt;a href=\"javascript:void(0);\" v-if=\"info.name\"&gt;{{info.name}}&lt;/a&gt;\n        &lt;/router-link&gt;\n      &lt;/div&gt;\n\n      &lt;h2 id=\"mnavh\" @click=\"openHead\" :class=\"showHead?\'open\':\'\'\"&gt;\n        &lt;span class=\"navicon\"&gt;&lt;/span&gt;\n      &lt;/h2&gt;\n\n      &lt;ul id=\"starlist\" :style=\"showHead?\'display: block\':\'\'\"&gt;\n\n        &lt;li v-for=\"webNavbar in webNavbarList\" :key=\"webNavbar.uid\"&gt;\n\n          &lt;!--判断是否有下拉菜单--&gt;\n          &lt;span  v-if=\"webNavbar.childWebNavbar &amp;&amp; webNavbar.childWebNavbar.length &gt; 0\"&gt;\n            &lt;el-dropdown  trigger=\"click\"&gt;\n            &lt;span class=\"el-dropdown-link\"&gt;\n              {{webNavbar.name}}&lt;i class=\"el-icon-arrow-down el-icon--right\"&gt;&lt;/i&gt;\n            &lt;/span&gt;\n            &lt;el-dropdown-menu slot=\"dropdown\"&gt;\n              &lt;el-dropdown-item v-for=\"childWebNavbar in webNavbar.childWebNavbar\"&gt;\n                &lt;router-link :to=\"childWebNavbar.url\" v-if=\"childWebNavbar.isJumpExternalUrl == 0\"&gt;\n                  &lt;a href=\"javascript:void(0);\" @click=\"openHead\"&gt;{{ childWebNavbar.name }}&lt;/a&gt;\n                &lt;/router-link&gt;\n                &lt;a v-if=\"childWebNavbar.isJumpExternalUrl == 1\" :href=\"childWebNavbar.url\" target=\"_blank\"&gt;{{ childWebNavbar.name }}&lt;/a&gt;\n              &lt;/el-dropdown-item&gt;\n            &lt;/el-dropdown-menu&gt;\n          &lt;/el-dropdown&gt;\n          &lt;/span&gt;\n          &lt;!--没有有下拉菜单--&gt;\n          &lt;span v-else&gt;\n            &lt;router-link :to=\"webNavbar.url\" v-if=\"webNavbar.isJumpExternalUrl == 0\"&gt;\n            &lt;a href=\"javascript:void(0);\" @click=\"openHead\" :class=\"[saveTitle == webNavbar.url ? \'title\' : \'\']\"&gt;{{ webNavbar.name }}&lt;/a&gt;\n            &lt;/router-link&gt;\n            &lt;a v-if=\"webNavbar.isJumpExternalUrl == 1\" :href=\"webNavbar.url\" target=\"_blank\" :class=\"[saveTitle == webNavbar.url ? \'title\' : \'\']\"&gt;{{ webNavbar.name }}&lt;/a&gt;\n          &lt;/span&gt;\n        &lt;/li&gt;\n      &lt;/ul&gt;\n\n      &lt;div class=\"searchbox\" v-bind:class=\"showCreateBlog?\'\':\'searchboxDefault\'\"&gt;\n        &lt;div id=\"search_bar\" :class=\"(showSearch || keyword.length &gt; 0)?\'search_bar search_open\':\'search_bar\'\"&gt;\n          &lt;input\n            ref=\"searchInput\"\n            class=\"input\"\n            placeholder=\"想搜点什么呢..\"\n            type=\"text\"\n            name=\"keyboard\"\n            v-model=\"keyword\"\n            v-on:keyup.enter=\"search\"\n          &gt;\n          &lt;p class=\"search_ico\" @click=\"clickSearchIco\" :style=\"(browserFlag == 1)?\'\':\'top:17px\'\"&gt;\n            &lt;span&gt;&lt;/span&gt;\n          &lt;/p&gt;\n        &lt;/div&gt;\n      &lt;/div&gt;\n\n      &lt;el-dropdown @command=\"handleCommand\" class=\"create\"&gt;\n        &lt;span class=\"el-dropdown-link\" &gt;\n          &lt;el-button v-if=\"showCreateBlog\" type=\"primary\" size=\"small\" icon=\"el-icon-edit\" class=\"createBlog\" &gt;创作&lt;/el-button&gt;\n        &lt;/span&gt;\n\n        &lt;el-dropdown-menu slot=\"dropdown\"&gt;\n          &lt;el-dropdown-item command=\"createBlog\"&gt;写文章&lt;/el-dropdown-item&gt;\n          &lt;el-dropdown-item command=\"createQuestion\"&gt;提问题&lt;/el-dropdown-item&gt;\n        &lt;/el-dropdown-menu&gt;\n\n      &lt;/el-dropdown&gt;\n\n      &lt;el-dropdown @command=\"handleCommand\" class=\"userInfoAvatar\"&gt;\n        &lt;span class=\"el-dropdown-link\" &gt;\n          &lt;el-badge  :value=\"userReceiveCommentCount\"  class=\"item\" :hidden=\"!isLogin || userReceiveCommentCount == 0\"&gt;\n            &lt;img v-if=\"!isLogin\" src=\"../../static/images/defaultAvatar.png\"&gt;\n            &lt;img v-if=\"isLogin&amp;&amp;userInfo.photoUrl!=undefined\" :src=\"userInfo.photoUrl\" onerror=\"onerror=null;src=defaultAvatar\"&gt;\n            &lt;img v-if=\"isLogin&amp;&amp;userInfo.photoUrl==undefined\"\n                 :src=\"defaultAvatar\"&gt;\n          &lt;/el-badge&gt;\n        &lt;/span&gt;\n\n        &lt;el-dropdown-menu slot=\"dropdown\"&gt;\n          &lt;el-dropdown-item command=\"login\" v-show=\"!isLogin\"&gt;登录&lt;/el-dropdown-item&gt;\n          &lt;el-dropdown-item command=\"goUserInfo\" v-show=\"isLogin\"&gt;个人中心&lt;/el-dropdown-item&gt;\n          &lt;el-dropdown-item command=\"logout\" v-show=\"isLogin\"&gt;退出登录&lt;/el-dropdown-item&gt;\n        &lt;/el-dropdown-menu&gt;\n\n      &lt;/el-dropdown&gt;\n\n\n    &lt;/nav&gt;\n  &lt;/header&gt;\n  &lt;LoginBox v-if=\"showLogin\" @closeLoginBox=\"closeLoginBox\"&gt;&lt;/LoginBox&gt;\n\n  &lt;el-drawer\n    :show-close=\"true\"\n    :visible.sync=\"drawer\"\n    :size=\"drawerSize\"\n    :with-header=\"false\"&gt;\n\n      &lt;el-tabs type=\"border-card\" tab-position=\"left\" v-model=\"activeName\" style=\"margin-top: 50px; height: 100%;\"  @tab-click=\"handleClick\"&gt;\n      &lt;el-tab-pane label=\"个人中心\" name=\"0\"&gt;\n        &lt;span slot=\"label\"&gt;&lt;i class=\"el-icon-user-solid\"&gt;&lt;/i&gt; 个人中心&lt;/span&gt;\n        &lt;el-form label-position=\"left\" :model=\"userInfo\" label-width=\"100px\" :rules=\"rules\" ref=\"userInfo\"&gt;\n          &lt;el-form-item label=\"用户头像\" :label-width=\"labelWidth\"&gt;\n\n            &lt;div class=\"imgBody\" v-if=\"userInfo.photoUrl\"&gt;\n              &lt;i class=\"el-icon-error inputClass\" v-show=\"icon\" @click=\"deletePhoto(\'user\')\" @mouseover=\"icon = true\"&gt;&lt;/i&gt;\n              &lt;img @mouseover=\"icon = true\" @mouseout=\"icon = false\" v-bind:src=\"userInfo.photoUrl\" /&gt;\n            &lt;/div&gt;\n\n            &lt;div v-else class=\"uploadImgBody\" @click=\"checkPhoto\"&gt;\n              &lt;i class=\"el-icon-plus avatar-uploader-icon\"&gt;&lt;/i&gt;\n            &lt;/div&gt;\n          &lt;/el-form-item&gt;\n\n          &lt;el-form-item label=\"昵称\" :label-width=\"labelWidth\"&gt;\n            &lt;el-input v-model=\"userInfo.nickName\" style=\"width: 100%\"&gt;&lt;/el-input&gt;\n          &lt;/el-form-item&gt;\n\n          &lt;el-form-item label=\"性别\" :label-width=\"labelWidth\"&gt;\n            &lt;el-radio v-for=\"gender in genderDictList\" :key=\"gender.uid\" v-model=\"userInfo.gender\" :label=\"gender.dictValue\" border size=\"medium\"&gt;{{gender.dictLabel}}&lt;/el-radio&gt;\n          &lt;/el-form-item&gt;\n\n          &lt;el-form-item label=\"生日\" :label-width=\"labelWidth\"&gt;\n            &lt;el-date-picker\n              v-model=\"userInfo.birthday\"\n              type=\"date\"\n              placeholder=\"选择日期\"&gt;\n            &lt;/el-date-picker&gt;\n          &lt;/el-form-item&gt;\n\n          &lt;el-form-item label=\"评论邮件通知\" :label-width=\"labelWidth\"&gt;\n            &lt;el-radio v-for=\"item in yesNoDictList\" :key=\"item.uid\" v-model=\"userInfo.startEmailNotification\" :label=\"parseInt(item.dictValue)\" border size=\"medium\"&gt;{{item.dictLabel}}&lt;/el-radio&gt;\n          &lt;/el-form-item&gt;\n\n          &lt;el-form-item label=\"邮箱\" :label-width=\"labelWidth\" prop=\"email\"&gt;\n            &lt;el-input v-model=\"userInfo.email\" style=\"width: 100%\"&gt;&lt;/el-input&gt;\n          &lt;/el-form-item&gt;\n\n          &lt;el-form-item label=\"QQ号\" :label-width=\"labelWidth\" prop=\"qqNumber\"&gt;\n            &lt;el-input v-model=\"userInfo.qqNumber\" style=\"width: 100%\"&gt;&lt;/el-input&gt;\n          &lt;/el-form-item&gt;\n\n          &lt;el-form-item label=\"职业\" :label-width=\"labelWidth\" prop=\"occupation\"&gt;\n            &lt;el-input v-model=\"userInfo.occupation\" style=\"width: 100%\"&gt;&lt;/el-input&gt;\n          &lt;/el-form-item&gt;\n\n          &lt;el-form-item label=\"简介\" :label-width=\"labelWidth\" prop=\"summary\"&gt;\n            &lt;el-input\n              type=\"textarea\"\n              :autosize=\"{ minRows: 5, maxRows: 10}\"\n              placeholder=\"请输入内容\"\n              style=\"width: 100%\"\n              v-model=\"userInfo.summary\"&gt;\n            &lt;/el-input&gt;\n          &lt;/el-form-item&gt;\n\n          &lt;el-form-item&gt;\n            &lt;el-button type=\"primary\" @click=\"submitForm(\'editUser\')\"&gt;保 存&lt;/el-button&gt;\n          &lt;/el-form-item&gt;\n\n        &lt;/el-form&gt;\n      &lt;/el-tab-pane&gt;\n\n      &lt;el-tab-pane v-if=\"showCreateBlog\" label=\"我的文章\" name=\"1\"&gt;\n          &lt;span slot=\"label\"&gt;&lt;i class=\"el-icon-message-solid\"&gt;&lt;/i&gt; 我的文章&lt;/span&gt;\n          &lt;div style=\"width: 100%; height: 840px;overflow:auto;\"&gt;\n            &lt;el-timeline&gt;\n              &lt;div\n                v-for=\"item in userBlogList\"\n                :key=\"item.uid\"\n                class=\"myArticle\"\n              &gt;\n                &lt;el-timeline-item :timestamp=\"item.createTime\" placement=\"top\"&gt;\n                  &lt;el-card&gt;\n\n                    &lt;el-row :gutter=\"24\"&gt;\n                      &lt;el-col :span=\"12\"&gt;\n                          &lt;span class=\"blogpic\" @click=\"goToInfo(item)\"&gt;\n                            &lt;a href=\"javascript:void(0);\" title&gt;\n                              &lt;img v-if=\"item.photoList &amp;&amp; item.photoList.length &gt; 0 \" v-lazy=\"item.photoList[0]\" :key=\"item.photoList[0]\"  alt&gt;\n                            &lt;/a&gt;\n                          &lt;/span&gt;\n                      &lt;/el-col&gt;\n\n                      &lt;el-col :span=\"12\"&gt;\n                        &lt;div style=\"height: 70px;\"&gt;\n                          &lt;p class=\"blogtext\" style=\"font-weight: bold; cursor: pointer;\" @click=\"goToInfo(item)\"&gt;{{item.title}}&lt;/p&gt;\n                        &lt;/div&gt;\n                      &lt;/el-col&gt;\n\n                    &lt;/el-row&gt;\n\n                    &lt;div class=\"bloginfo\"&gt;\n                      &lt;ul&gt;\n                        &lt;li class=\"author\"&gt;\n                          &lt;span class=\"iconfont\"&gt;&amp;#xe60f;&lt;/span&gt;\n                          &lt;a href=\"javascript:void(0);\" @click=\"goToAuthor(item.author)\"&gt;{{item.author}}&lt;/a&gt;\n                        &lt;/li&gt;\n                        &lt;li class=\"lmname\" v-if=\"item.blogSort\"&gt;\n                          &lt;span class=\"iconfont\"&gt;&amp;#xe603;&lt;/span&gt;\n                          &lt;a\n                            href=\"javascript:void(0);\"\n                            @click=\"goToList(item.blogSort.uid)\"\n                          &gt;{{item.blogSort.sortName}}&lt;/a&gt;\n                        &lt;/li&gt;\n                        &lt;li class=\"view\"&gt;\n                          &lt;span class=\"iconfont\"&gt;&amp;#xe8c7;&lt;/span&gt;\n                          &lt;span&gt;{{item.clickCount}}&lt;/span&gt;\n                        &lt;/li&gt;\n                        &lt;li class=\"like\"&gt;\n                          &lt;span class=\"iconfont\"&gt;&amp;#xe663;&lt;/span&gt;\n                          {{item.collectCount}}\n                        &lt;/li&gt;\n\n                        &lt;li class=\"like\"&gt;\n                          &lt;el-tag v-if=\"item.isPublish==1\" type=\"success\" style=\"font-size: 12px\"&gt;已上架&lt;/el-tag&gt;\n                          &lt;el-tag v-if=\"item.isPublish==0\" type=\"info\" style=\"font-size: 12px\"&gt;未发布&lt;/el-tag&gt;\n                        &lt;/li&gt;\n                      &lt;/ul&gt;\n                    &lt;/div&gt;\n\n                    &lt;div class=\"operation\"&gt;\n                      &lt;el-row :gutter=\"24\"&gt;\n                        &lt;el-button circle type=\"primary\" size=\"small\" icon=\"el-icon-edit\" @click=\"createBlog(true, item)\"&gt;&lt;/el-button&gt;\n&lt;!--                        &lt;el-button circle type=\"warning\" size=\"small\" icon=\"el-icon-folder-opened\"&gt;&lt;/el-button&gt;--&gt;\n                        &lt;el-button circle type=\"danger\" size=\"small\" icon=\"el-icon-delete\" @click=\"handleDelete(item)\"&gt;&lt;/el-button&gt;\n                      &lt;/el-row&gt;\n                    &lt;/div&gt;\n\n                  &lt;/el-card&gt;\n                &lt;/el-timeline-item&gt;\n              &lt;/div&gt;\n            &lt;/el-timeline&gt;\n          &lt;/div&gt;\n        &lt;/el-tab-pane&gt;\n\n      &lt;el-tab-pane label=\"我的评论\" name=\"2\"&gt;\n        &lt;span slot=\"label\"&gt;&lt;i class=\"el-icon-message-solid\"&gt;&lt;/i&gt; 我的评论&lt;/span&gt;\n        &lt;div style=\"width: 100%; height: 840px;overflow:auto;\"&gt;\n          &lt;el-timeline&gt;\n            &lt;el-timeline-item v-for=\"comment in commentList\" :key=\"comment.uid\" :timestamp=\"timeAgo(comment.createTime)\" placement=\"top\"&gt;\n              &lt;el-card&gt;\n                &lt;div class=\"commentList\"&gt;\n                &lt;span class=\"left p1\"&gt;\n                  &lt;img v-if=\"comment.user\" :src=\"comment.user.photoUrl ? comment.user.photoUrl:defaultAvatar\" onerror=\"onerror=null;src=defaultAvatar\" /&gt;\n                  &lt;img v-else :src=\"defaultAvatar\" /&gt;\n                &lt;/span&gt;\n\n                  &lt;span class=\"right p1\"&gt;\n                  &lt;div class=\"rightTop\"&gt;\n                    &lt;el-link class=\"userName\" :underline=\"false\"&gt;{{comment.user.nickName}}&lt;/el-link&gt;\n                    &lt;el-tag style=\"cursor: pointer;\"  @click.native=\"goSource(comment)\"&gt;{{comment.sourceName}}&lt;/el-tag&gt;\n                  &lt;/div&gt;\n\n                  &lt;div class=\"rightCenter\" v-html=\"$xss(comment.content, options)\"&gt;&lt;/div&gt;\n                &lt;/span&gt;\n                &lt;/div&gt;\n              &lt;/el-card&gt;\n            &lt;/el-timeline-item&gt;\n\n            &lt;el-timeline-item v-if=\"commentList.length == 0\" placement=\"top\"&gt;\n              &lt;el-card&gt;\n                &lt;span style=\"font-size: 16px\"&gt;空空如也~&lt;/span&gt;\n              &lt;/el-card&gt;\n            &lt;/el-timeline-item&gt;\n          &lt;/el-timeline&gt;\n        &lt;/div&gt;\n      &lt;/el-tab-pane&gt;\n\n      &lt;el-tab-pane label=\"我的回复\" name=\"3\"&gt;\n        &lt;span slot=\"label\"&gt;\n          &lt;el-badge  :value=\"userReceiveCommentCount\"  class=\"item\" :hidden=\"!isLogin || userReceiveCommentCount == 0\"&gt;\n            &lt;i class=\"el-icon-s-promotion\"&gt;&lt;/i&gt; 我的回复\n          &lt;/el-badge&gt;\n        &lt;/span&gt;\n        &lt;div style=\"width: 100%; height: 840px;overflow:auto\"&gt;\n          &lt;el-timeline&gt;\n            &lt;el-timeline-item v-for=\"reply in replyList\" :key=\"reply.uid\" :timestamp=\"timeAgo(reply.createTime)\" placement=\"top\"&gt;\n              &lt;el-card&gt;\n                &lt;div class=\"commentList\"&gt;\n                  &lt;span class=\"left p1\"&gt;\n                    &lt;img v-if=\"reply.user\" :src=\"reply.user.photoUrl ? reply.user.photoUrl:defaultAvatar\" onerror=\"onerror=null;src=defaultAvatar\" /&gt;\n                    &lt;img v-else :src=\"defaultAvatar\" /&gt;\n                  &lt;/span&gt;\n\n                  &lt;span class=\"right p1\"&gt;\n\n                      &lt;div class=\"rightTop\"&gt;\n                        &lt;el-link class=\"userName\" :underline=\"false\"&gt;{{reply.user.nickName}}&lt;/el-link&gt;\n                        &lt;el-tag style=\"cursor: pointer;\"  @click.native=\"goSource(reply)\"&gt;{{reply.sourceName}}&lt;/el-tag&gt;\n                      &lt;/div&gt;\n\n                      &lt;div class=\"rightCenter\" v-html=\"$xss(reply.content, options)\"&gt;\n                      &lt;/div&gt;\n                  &lt;/span&gt;\n                &lt;/div&gt;\n              &lt;/el-card&gt;\n            &lt;/el-timeline-item&gt;\n\n            &lt;el-timeline-item v-if=\"replyList.length == 0\" placement=\"top\"&gt;\n              &lt;el-card&gt;\n                &lt;span style=\"font-size: 16px\"&gt;空空如也~&lt;/span&gt;\n              &lt;/el-card&gt;\n            &lt;/el-timeline-item&gt;\n\n          &lt;/el-timeline&gt;\n        &lt;/div&gt;\n      &lt;/el-tab-pane&gt;\n      &lt;el-tab-pane label=\"我的点赞\" name=\"4\"&gt;\n        &lt;span slot=\"label\"&gt;&lt;i class=\"el-icon-star-on\"&gt;&lt;/i&gt; 我的点赞&lt;/span&gt;\n        &lt;div style=\"width: 100%; height: 840px;overflow:auto\"&gt;\n          &lt;el-timeline&gt;\n            &lt;el-timeline-item v-for=\"praise in praiseList\" :key=\"praise.uid\" :timestamp=\"timeAgo(praise.createTime)\" placement=\"top\"&gt;\n              &lt;el-card&gt;\n                &lt;span&gt;点赞&lt;/span&gt;&lt;el-tag type=\"warning\" style=\"cursor: pointer\" v-if=\"praise.blog\" @click.native=\"goToInfo(praise.blog)\"&gt;{{praise.blog.title}}&lt;/el-tag&gt;\n              &lt;/el-card&gt;\n            &lt;/el-timeline-item&gt;\n\n            &lt;el-timeline-item v-if=\"praiseList.length == 0\" placement=\"top\"&gt;\n              &lt;el-card&gt;\n                &lt;span style=\"font-size: 16px\"&gt;空空如也~&lt;/span&gt;\n              &lt;/el-card&gt;\n            &lt;/el-timeline-item&gt;\n          &lt;/el-timeline&gt;\n        &lt;/div&gt;\n      &lt;/el-tab-pane&gt;\n      &lt;el-tab-pane label=\"我的反馈\" name=\"5\"&gt;\n        &lt;span slot=\"label\"&gt;&lt;i class=\"el-icon-phone\"&gt;&lt;/i&gt; 我的反馈&lt;/span&gt;\n\n        &lt;el-collapse v-model=\"activeNames\"&gt;\n          &lt;el-collapse-item title=\"反馈须知\" name=\"1\"&gt;\n            &lt;div&gt;如果您对本站有什么想法，可以在这里进行反馈&lt;/div&gt;\n            &lt;div&gt;或者加入我们的QQ群进行交流&lt;/div&gt;\n          &lt;/el-collapse-item&gt;\n        &lt;/el-collapse&gt;\n\n        &lt;el-divider&gt;&lt;/el-divider&gt;\n\n        &lt;div style=\"width: 100%; height: 450px;overflow:auto\"&gt;\n          &lt;el-timeline&gt;\n            &lt;el-timeline-item v-for=\"feedbackItem in feedbackList\" :key=\"feedbackItem.uid\" :timestamp=\"timeAgo(feedbackItem.createTime)\" placement=\"top\"&gt;\n              &lt;el-card class=\"feedbackCard\"&gt;\n                &lt;div class=\"item\"&gt;\n                  &lt;span class=\"title\"&gt;\n                    标题:\n                  &lt;/span&gt;\n                  &lt;span class=\"content\"&gt;\n                    {{feedbackItem.title}}\n                  &lt;/span&gt;\n                &lt;/div&gt;\n\n                &lt;div class=\"item\"&gt;\n                  &lt;span class=\"title\"&gt;\n                    内容:\n                  &lt;/span&gt;\n                  &lt;span class=\"content\"&gt;\n                    {{feedbackItem.content}}\n                  &lt;/span&gt;\n                &lt;/div&gt;\n\n                &lt;div class=\"item\"&gt;\n                  &lt;span class=\"title\"&gt;\n                    反馈状态:\n                  &lt;/span&gt;\n                  &lt;span class=\"content\"&gt;\n                    &lt;el-tag v-for=\"item in feedbackDictList\" :key=\"item.uid\" :type=\"item.listClass\" v-if=\"feedbackItem.feedbackStatus == item.dictValue\"&gt;{{item.dictLabel}}&lt;/el-tag&gt;\n                  &lt;/span&gt;\n                &lt;/div&gt;\n\n                &lt;div class=\"item\"&gt;\n                  &lt;span class=\"title\"&gt;\n                    回复:\n                  &lt;/span&gt;\n                  &lt;span class=\"content\"&gt;\n                    {{feedbackItem.reply}}\n                  &lt;/span&gt;\n                &lt;/div&gt;\n              &lt;/el-card&gt;\n            &lt;/el-timeline-item&gt;\n\n            &lt;el-timeline-item v-if=\"feedbackList.length == 0\" placement=\"top\"&gt;\n              &lt;el-card&gt;\n                &lt;span style=\"font-size: 16px\"&gt;空空如也~&lt;/span&gt;\n              &lt;/el-card&gt;\n            &lt;/el-timeline-item&gt;\n          &lt;/el-timeline&gt;\n        &lt;/div&gt;\n\n        &lt;el-divider&gt;&lt;/el-divider&gt;\n\n        &lt;el-form label-position=\"left\" :model=\"userInfo\" label-width=\"100px\"&gt;\n          &lt;el-form-item label=\"标题\" :label-width=\"labelWidth\"&gt;\n            &lt;el-input v-model=\"feedback.title\" style=\"width: 100%\"&gt;&lt;/el-input&gt;\n          &lt;/el-form-item&gt;\n\n          &lt;el-form-item label=\"内容\" :label-width=\"labelWidth\"&gt;\n            &lt;el-input\n              type=\"textarea\"\n              :autosize=\"{ minRows: 2, maxRows: 4}\"\n              placeholder=\"请输入反馈内容\"\n              v-model=\"feedback.content\"&gt;\n            &lt;/el-input&gt;\n          &lt;/el-form-item&gt;\n\n          &lt;el-form-item&gt;\n            &lt;el-button type=\"primary\" @click=\"submitForm(\'feedback\')\"&gt;提 交&lt;/el-button&gt;\n          &lt;/el-form-item&gt;\n        &lt;/el-form&gt;\n\n      &lt;/el-tab-pane&gt;\n      &lt;el-tab-pane label=\"申请友链\" name=\"6\"&gt;\n        &lt;span slot=\"label\"&gt;&lt;i class=\"el-icon-share\"&gt;&lt;/i&gt; 申请友链&lt;/span&gt;\n\n        &lt;el-form label-position=\"left\" :model=\"blogLink\" label-width=\"100px\" ref=\"blogLink\" :rules=\"linkRules\"&gt;\n          &lt;el-collapse v-model=\"activeNames\"&gt;\n            &lt;el-collapse-item title=\"友链申请需知\" name=\"1\"&gt;\n              &lt;span v-html=\"info.linkApplyTemplate\"&gt;{{info.linkApplyTemplate}}&lt;/span&gt;\n            &lt;/el-collapse-item&gt;\n          &lt;/el-collapse&gt;\n\n          &lt;el-divider&gt;&lt;/el-divider&gt;\n\n          &lt;el-form-item label=\"网站图标\"&gt;\n            &lt;div class=\"imgBody\" v-if=\"blogLink.photoList\"&gt;\n              &lt;i class=\"el-icon-error inputClass\" v-show=\"icon\" @click=\"deletePhoto(\'link\')\" @mouseover=\"icon = true\"&gt;&lt;/i&gt;\n              &lt;img @mouseover=\"icon = true\" @mouseout=\"icon = false\" v-bind:src=\"blogLink.photoList[0]\" /&gt;\n            &lt;/div&gt;\n\n            &lt;div v-else class=\"uploadImgBody\" @click=\"checkPhoto\"&gt;\n              &lt;i class=\"el-icon-plus avatar-uploader-icon\"&gt;&lt;/i&gt;\n            &lt;/div&gt;\n          &lt;/el-form-item&gt;\n\n          &lt;el-form-item label=\"网站名称\" :label-width=\"labelWidth\" prop=\"title\"&gt;\n            &lt;el-input v-model=\"blogLink.title\" style=\"width: 100%\"&gt;&lt;/el-input&gt;\n          &lt;/el-form-item&gt;\n\n          &lt;el-form-item label=\"网站简介\" :label-width=\"labelWidth\" prop=\"summary\"&gt;\n            &lt;el-input v-model=\"blogLink.summary\" style=\"width: 100%\"&gt;&lt;/el-input&gt;\n          &lt;/el-form-item&gt;\n\n          &lt;el-form-item label=\"网站地址\" :label-width=\"labelWidth\" prop=\"url\"&gt;\n            &lt;el-input v-model=\"blogLink.url\" style=\"width: 100%\"&gt;&lt;/el-input&gt;\n          &lt;/el-form-item&gt;\n\n          &lt;el-form-item label=\"站长邮箱\" :label-width=\"labelWidth\" prop=\"email\"&gt;\n            &lt;el-input v-model=\"blogLink.email\" placeholder=\"用于申请通过邮件通知\" style=\"width: 100%\"&gt;&lt;/el-input&gt;\n          &lt;/el-form-item&gt;\n\n          &lt;el-form-item&gt;\n            &lt;el-button type=\"primary\" @click=\"submitForm(\'replyBlogLink\')\"&gt;申 请&lt;/el-button&gt;\n          &lt;/el-form-item&gt;\n        &lt;/el-form&gt;\n      &lt;/el-tab-pane&gt;\n      &lt;el-tab-pane label=\"修改密码\" name=\"7\"&gt;\n        &lt;span slot=\"label\"&gt;&lt;i class=\"el-icon-s-tools\"&gt;&lt;/i&gt; 修改密码&lt;/span&gt;\n        &lt;el-collapse v-model=\"activeNames\"&gt;\n          &lt;el-collapse-item title=\"修改密码须知\" name=\"1\"&gt;\n            &lt;div&gt;此修改密码功能仅适用于账号和密码登录&lt;/div&gt;\n            &lt;div&gt;对于第三方登录的账号，无法进行密码修改&lt;/div&gt;\n          &lt;/el-collapse-item&gt;\n        &lt;/el-collapse&gt;\n        &lt;el-form ref=\"userInfoForm\" label-position=\"left\" :model=\"userInfo\" label-width=\"100px\" :rules=\"userInfoRules\"&gt;\n          &lt;el-form-item label=\"旧密码\" :label-width=\"labelWidth\" prop=\"oldPwd\"&gt;\n            &lt;el-input type=\"password\" v-model=\"userInfo.oldPwd\" style=\"width: 100%\"&gt;&lt;/el-input&gt;\n          &lt;/el-form-item&gt;\n\n          &lt;el-form-item label=\"新密码\" :label-width=\"labelWidth\" prop=\"newPwd\"&gt;\n            &lt;el-input type=\"password\" v-model=\"userInfo.newPwd\" style=\"width: 100%\"&gt;&lt;/el-input&gt;\n          &lt;/el-form-item&gt;\n\n          &lt;el-form-item label=\"重复密码\" :label-width=\"labelWidth\" prop=\"newPwd2\"&gt;\n            &lt;el-input type=\"password\" v-model=\"userInfo.newPwd2\" style=\"width: 100%\"&gt;&lt;/el-input&gt;\n          &lt;/el-form-item&gt;\n\n          &lt;el-form-item&gt;\n            &lt;el-button type=\"primary\" @click=\"submitForm(\'changePwd\')\"&gt;提 交&lt;/el-button&gt;\n          &lt;/el-form-item&gt;\n        &lt;/el-form&gt;\n\n      &lt;/el-tab-pane&gt;\n\n\n    &lt;/el-tabs&gt;\n  &lt;/el-drawer&gt;\n\n  &lt;!--头像裁剪--&gt;\n  &lt;avatar-cropper\n    v-show=\"imagecropperShow\"\n    :key=\"imagecropperKey\"\n    :width=\"300\"\n    :height=\"300\"\n    :url=\"url\"\n    lang-type=\"zh\"\n    @close=\"close\"\n    @crop-upload-success=\"cropSuccess\"\n  /&gt;\n\n\n  &lt;div&gt;\n    &lt;router-view/&gt;\n  &lt;/div&gt;\n\n  &lt;footer&gt;\n    &lt;p&gt;\n      &lt;a href=\"javasrcipt:void(0);\" @click=\"goIndex()\"&gt;Copyright &amp;nbsp;{{info.name}}&amp;nbsp;&lt;/a&gt;\n      &lt;a href=\"http://www.beian.gov.cn/portal/index.do\"&gt;{{info.recordNum}}&lt;/a&gt;\n    &lt;/p&gt;\n  &lt;/footer&gt;\n\n  &lt;!--创建博客--&gt;\n  &lt;CreateBlog v-if=\"dialogFormVisible\" :visible=\"dialogFormVisible\" :isEdit=\"isEdit\" :formData=\"formData\" @beforeClose=\"beforeClose\"&gt;&lt;/CreateBlog&gt;\n\n  &lt;CreateQuestion v-if=\"questionDialogFormVisible\" :visible=\"questionDialogFormVisible\" :isEdit=\"isEdit\" :formData=\"questionFormData\" @beforeClose=\"questionBeforeClose\"&gt;&lt;/CreateQuestion&gt;\n\n  &lt;div&gt;\n    &lt;a\n      href=\"javascript:void(0);\"\n      @click=\"returnTop\"\n      :class=\"isCdTopVisible?\'cd-top cd-is-visible\':\'cd-top\'\"\n    &gt;Top&lt;/a&gt;\n  &lt;/div&gt;\n  &lt;/body&gt;\n  &lt;/html&gt;\n&lt;/template&gt;\n\n&lt;script&gt;\n  import CreateBlog from \'../components/CreateBlog\'\n  import CreateQuestion from \'../components/CreateQuestion\'\n  import AvatarCropper from \'@/components/AvatarCropper\'\n  import {getWebConfig, getWebNavbar} from \"../api/index\";\n  import {delCookie, getCookie, setCookie} from \"@/utils/cookieUtils\";\n  import {authVerify, editUser, updateUserPwd, replyBlogLink, deleteUserAccessToken, getFeedbackList, addFeedback} from \"../api/user\";\n  import {getCommentListByUser, getPraiseListByUser, getUserReceiveCommentCount, readUserReceiveCommentCount} from \"../api/comment\";\n  import LoginBox from \"../components/LoginBox\";\n  import {getListByDictTypeList} from \"@/api/sysDictData\"\n  import {getUserBlogList, deleteBlog} from \"@/api/createBlog\"\n  import {mapMutations} from \'vuex\';\n  import {timeAgo} from \"../utils/webUtils\";\n\n  export default {\n    name: \"index\",\n    components: {\n      LoginBox,\n      AvatarCropper,\n      CreateBlog,\n      CreateQuestion\n    },\n    data() {\n      return {\n        // xss白名单配置\n        options : {\n          whiteList: {\n            a: [\'href\', \'title\', \'target\'],\n            span: [\'class\']\n          }\n        },\n        dialogFormVisible: false, // 控制创建博客的弹出\n        questionDialogFormVisible: false, // 控制创建问题的弹出\n        activeNames: [\'1\', \'2\'], //激活的折叠面板\n        activeName: \"0\", // 激活的标签\n        yesNoDictList: [], // 是否 字典列表\n        genderDictList: [], //性别 字典列表\n        feedbackDictList: [], // 反馈 字典列表\n        imagecropperShow: false,\n        imagecropperKey: 0,\n        url: process.env.PICTURE_API + \"/file/cropperPicture\",\n        webSite: process.env.VUE_MOGU_WEB,\n        webNavbarList: [],\n        drawer: false,\n        info: {},\n        saveTitle: \"\",\n        keyword: \"\",\n        showSearch: false, //控制搜索框的弹出\n        showHead: false, //控制导航栏的弹出\n        isCdTopVisible: false,\n        isVisible: true, //控制web端导航的隐藏和显示\n        isLogin: false,\n        showLogin: false, //显示登录框\n        userInfo: { // 用户信息\n        },\n        feedback: {}, //反馈提交\n        blogLink: {}, //友链申请\n        icon: false, //控制删除图标的显示\n        labelWidth: \"100px\",\n        commentList: [], //我的评论\n        replyList: [], //我的回复\n        praiseList: [], //我的点赞\n        feedbackList: [], //我的反馈\n        userBlogList: [], // 用户博客列表\n        openComment: \"0\", //是否开启评论\n        defaultAvatar: process.env.defaultAvatar, // 默认头像\n        drawerSize: \"33%\",\n        userReceiveCommentCount: 0, // 用户收到的评论数\n        isEdit: false, // 是否编辑博客\n        formData: {}, // 表单数据\n        questionFormData: {}, // 问答数据\n        showCreateBlog: false, // 是否显示用户创作按钮\n        browserFlag: 1, // 浏览器标志【默认Chrome】\n        rules: {\n          qqNumber: [\n            {pattern:  /[1-9]([0-9]{5,11})/, message: \'请输入正确的QQ号码\'},\n          ],\n          email: [\n            {pattern: /\\w[-\\w.+]*@([A-Za-z0-9][-A-Za-z0-9]+\\.)+[A-Za-z]{2,14}/, message: \'请输入正确的邮箱\'},\n          ],\n          summary: [\n            {min: 0, max: 200, message: \'长度在0到200个字符\'},\n          ],\n        },\n        linkRules: {\n          title: [\n            {required: true, message: \'网站名称不能为空\', trigger: \'blur\'},\n            {min: 1, max: 10, message: \'长度在1到10个字符\'},\n          ],\n          summary: [\n            {required: true, message: \'简介不能为空\', trigger: \'blur\'},\n            {min: 1, max: 50, message: \'长度在1到50个字符\'},\n          ],\n          url: [\n            {required: true, message: \'网站地址不能为空\', trigger: \'blur\'},\n            {pattern:  /^((https|http|ftp|rtsp|mms)?:\\/\\/)[^\\s]+/, message: \'请输入有效的URL\'},\n          ],\n          email: [\n            {pattern: /\\w[-\\w.+]*@([A-Za-z0-9][-A-Za-z0-9]+\\.)+[A-Za-z]{2,14}/, message: \'请输入正确的邮箱\'},\n          ],\n        },\n        userInfoRules: {\n          oldPwd: [\n            {required: true, message: \'旧密码不能为空\', trigger: \'blur\'},\n            {min: 5, max: 20, message: \'密码长度在5到20个字符\'},\n          ],\n          newPwd: [\n            {required: true, message: \'新密码不能为空\', trigger: \'blur\'},\n            {min: 5, max: 20, message: \'密码长度在5到20个字符\'},\n          ],\n          newPwd2: [\n            {required: true, message: \'新密码不能为空\', trigger: \'blur\'},\n            {min: 5, max: 20, message: \'密码长度在5到20个字符\'},\n          ]\n        }\n      };\n    },\n    mounted() {\n      var that = this;\n      var offset = 300;\n      var after = 0;\n      window.addEventListener(\"scroll\", function () {\n        let scrollTop = document.documentElement.scrollTop; //当前的的位置\n        let scrollHeight = document.documentElement.scrollHeight; //最高的位置\n        if (scrollTop &gt; offset) {\n          that.isCdTopVisible = true;\n        } else {\n          that.isCdTopVisible = false;\n        }\n        if (scrollTop &gt; after) {\n          that.isVisible = false;\n        } else {\n          that.isVisible = true;\n        }\n        after = scrollTop;\n      });\n\n      // 屏幕自适应\n      window.onresize = () =&gt; {\n        return (() =&gt; {\n          that.setSize()\n        })()\n      }\n    },\n    watch: {\n      $route(to, from) {\n        this.getCurrentPageTitle()\n      },\n      // 判断登录状态位是否改变（用于控制弹框）\n      \'$store.state.app.loginMessage\': function (newFlag, oldFlag) {\n          this.showLogin = true\n      }\n    },\n    created() {\n      // 字典查询\n      this.getDictList()\n      this.getToken()\n      this.getKeyword()\n      this.getCurrentPageTitle()\n      this.getWebConfigInfo()\n      this.getWebNavbarList()\n      this.setSize()\n      this.setUserReceiveCommentCount()\n      // 获取浏览器类型\n      this.getBrowser()\n    },\n    methods: {\n      //拿到vuex中的写的方法\n      ...mapMutations([\'setUserInfo\', \'setLoginState\', \'setWebConfigData\']),\n      // 搜索\n      search: function () {\n        if (this.keyword == \"\" || this.keyword.trim() == \"\") {\n          this.$notify.error({\n            title: \'错误\',\n            message: \"关键字不能为空\",\n            type: \'success\',\n            offset: 100\n          });\n          return;\n        }\n        this.$router.push({path: \"/list\", query: {keyword: this.keyword}});\n      },\n      setSize() {\n        // 屏幕大于950px的时候，显示侧边栏\n        let clientWidth = document.body.clientWidth\n        console.log(\"客户端宽度\", clientWidth)\n        if(clientWidth &gt; 1360) {\n          this.drawerSize = \"33%\";\n          this.showSearch = true\n        }else if(clientWidth &lt; 1360 &amp;&amp; clientWidth &gt; 950) {\n          this.drawerSize = \"50%\";\n          this.showSearch = true\n        } else if(clientWidth &lt; 950 &amp;&amp; clientWidth &gt; 650) {\n          this.drawerSize = \"70%\";\n          this.showSearch = false\n        } else {\n          this.drawerSize = \"95%\";\n          this.showSearch = false\n        }\n      },\n      //跳转到文章详情\n      goToInfo(blog) {\n        if(blog.isPublish == 0) {\n          this.$message.error(\"该文章未发布，暂时无法查看！\")\n          return\n        }\n        let routeData = this.$router.resolve({\n          path: \"/info\",\n          query: {blogUid: blog.uid}\n        });\n        window.open(routeData.href, \'_blank\');\n      },\n\n      // 获取导航栏列表\n      getWebNavbarList() {\n        console.log(\"获取导航栏\")\n        var params = {};\n        params.isShow = 1\n        getWebNavbar(params).then(response =&gt; {\n          if(response.code == this.$ECode.SUCCESS) {\n            console.log(\"获取到的导航栏列表\", response)\n            let webNavbarList = response.data\n            let newWebNavbarList = []\n            for(let a=0; a&lt;webNavbarList.length; a++) {\n              if(webNavbarList[a].isShow == 1) {\n                newWebNavbarList.push(webNavbarList[a])\n              }\n            }\n            this.webNavbarList = newWebNavbarList\n            setCookie(\"webNavbarList\", JSON.stringify(webNavbarList), 1)\n          }\n        })\n      },\n\n      // 跳转到资源详情\n      goSource: function(comment) {\n        let source = comment.source\n        switch(source) {\n          case \"MESSAGE_BOARD\": {\n            let routeData = this.$router.resolve({\n              path: \"/messageBoard\"\n            });\n            window.open(routeData.href, \'_blank\');\n          };break;\n          case \"BLOG_INFO\": {\n            let routeData = this.$router.resolve({\n              path: \"/info\",\n              query: {blogUid: comment.blogUid}\n            });\n            window.open(routeData.href, \'_blank\');\n          };break;\n          case \"ABOUT\": {\n            let routeData = this.$router.resolve({\n              path: \"/about\"\n            });\n            window.open(routeData.href, \'_blank\');\n          };break;\n        }\n      },\n\n      // 获取评论列表\n      getCommentList: function() {\n        let params = {}\n        params.pageSize = 10;\n        params.currentPage = 1;\n        getCommentListByUser(params).then(response =&gt; {\n          if(response.code == this.$ECode.SUCCESS) {\n            this.commentList = response.data.commentList\n            this.replyList = response.data.replyList\n          }\n        })\n      },\n\n      // 获取反馈列表\n      getFeedback: function() {\n        let params = {}\n        getFeedbackList(params).then(response =&gt; {\n          if(response.code == this.$ECode.SUCCESS) {\n            this.feedbackList = response.data.records;\n          }\n        })\n      },\n\n      // 获取点赞列表\n      getPraiseList: function() {\n        let params = {}\n        params.pageSize = 10;\n        params.currentPage = 1;\n        getPraiseListByUser(params).then(response =&gt; {\n          if(response.code == this.$ECode.SUCCESS) {\n            this.praiseList = response.data.records;\n          }\n        })\n      },\n\n      // 获取用户博客列表\n      getBlogList: function() {\n        let params = {}\n        params.pageSize = 10;\n        params.currentPage = 1;\n        getUserBlogList(params).then(response =&gt; {\n          if(response.code == this.$ECode.SUCCESS) {\n            this.userBlogList = response.data.records;\n          }\n        })\n      },\n\n      // 删除博客\n      handleDelete: function(row) {\n        var that = this;\n        this.$confirm(\"此操作将把博客删除, 是否继续?\", \"提示\", {\n          confirmButtonText: \"确定\",\n          cancelButtonText: \"取消\",\n          type: \"warning\"\n        })\n          .then(() =&gt; {\n            var params = {};\n            params.uid = row.uid;\n            deleteBlog(params).then(response =&gt; {\n              that.$commonUtil.message.success(response.message)\n              that.getBlogList();\n            });\n          })\n          .catch(() =&gt; {\n            that.$commonUtil.message.info(\"已取消删除\")\n          });\n      },\n\n      // 标签选择\n      handleClick(tab, event) {\n        console.log(\"tableIndex\", tab.index)\n        switch(tab.index) {\n          case \"0\": {\n            console.log(\"点击个人中心\")\n          }; break;\n          case \"1\": {\n            console.log(\"点击我的文章\")\n            // 获取用户文章\n            this.getBlogList()\n\n          }; break;\n          case \"2\": {\n            // 获取评论列表\n            this.getCommentList();\n            console.log(\"点击我的评论\")\n          }; break;\n          case \"3\": {\n            // 获取回复列表\n            this.getCommentList();\n            console.log(\"点击我的回复\")\n            // 判断用户是否未读的回复\n            if(this.userReceiveCommentCount &gt; 0) {\n              // 设置已阅读\n              readUserReceiveCommentCount().then(response =&gt; {\n                if(response.code == this.$ECode.SUCCESS) {\n                  // 阅读成功\n                  console.log(response.message)\n                  this.userReceiveCommentCount = 0\n                }\n              })\n            }\n\n          }; break;\n          case \"4\": {\n\n            // 获取点赞列表\n            this.getPraiseList()\n            console.log(\"点击我的点赞\")\n\n          }; break;\n          case \"5\": {\n            // 获取反馈列表\n            this.getFeedback()\n            console.log(\"点击我的反馈\")\n          }; break;\n          case \"6\": {\n            console.log(\"点击申请友链\")\n          }; break;\n          case \"7\": {\n            console.log(\"点击修改密码\")\n          }; break;\n        }\n      },\n\n      //弹出选择图片框\n      checkPhoto() {\n        this.imagecropperShow = true\n      },\n\n      /**\n       * dateTimeStamp是一个时间毫秒，注意时间戳是秒的形式，在这个毫秒的基础上除以1000，就是十位数的时间戳。13位数的都是时间毫秒。\n       * @param dateTimeStamp\n       * @returns {string}\n       */\n      timeAgo(dateTimeStamp) {\n        return timeAgo(dateTimeStamp)\n      },\n\n      cropSuccess(resData) {\n        this.imagecropperShow = false\n        this.imagecropperKey = this.imagecropperKey + 1\n        // 判断当前激活的页面\n        if(this.activeName == \"0\") {\n          // 激活个人中心页面\n          this.userInfo.photoUrl = resData[0].url\n          this.userInfo.avatar = resData[0].uid\n        } else if(this.activeName == \"5\") {\n          let photoList = []\n          photoList.push(resData[0].url);\n          this.blogLink.photoList = photoList\n          this.blogLink.fileUid = resData[0].uid\n        }\n      },\n\n      deletePhoto: function(type) {\n        switch (type) {\n          case \"user\": {\n            this.userInfo.photoUrl = null;\n            this.userInfo.avatar = \"\";\n            this.icon = false;\n          } break;\n\n          case \"link\": {\n            this.blogLink.photoList = null;\n            this.icon = false;\n          } break;\n        }\n      },\n\n      close() {\n        this.imagecropperShow = false\n      },\n\n      submitForm: function(type) {\n        switch (type) {\n          case \"editUser\": {\n            this.$refs.userInfo.validate((valid) =&gt; {\n              if(!valid) {\n                console.log(\"校验失败\")\n              } else {\n                editUser(this.userInfo).then(response =&gt; {\n                  if(response.code == this.$ECode.SUCCESS) {\n                    this.$message({\n                      type: \"success\",\n                      message: response.data\n                    })\n                  } else {\n                    this.$message({\n                      type: \"error\",\n                      message: response.data\n                    })\n                  }\n                });\n              }\n            })\n          }; break;\n\n          case \"replyBlogLink\": {\n            this.$refs.blogLink.validate((valid) =&gt; {\n              if(!valid) {\n                console.log(\"校验失败\")\n              } else {\n                replyBlogLink(this.blogLink).then(response =&gt; {\n                  if(response.code == this.$ECode.SUCCESS) {\n                    this.$message({\n                      type: \"success\",\n                      message: response.data\n                    })\n                  } else {\n                    this.$message({\n                      type: \"error\",\n                      message: response.data\n                    })\n                  }\n                });\n              }\n            })\n          } break;\n\n          case \"feedback\": {\n            var feedback = this.feedback\n            if(feedback.title == undefined || feedback.title == \"\" || feedback.content == undefined || feedback.content == \"\") {\n              this.$message({\n                type: \"error\",\n                message: \"必填项不能为空\"\n              })\n              return;\n            }\n            addFeedback(this.feedback).then(response =&gt; {\n              if(response.code == this.$ECode.SUCCESS) {\n                this.$message({\n                  type: \"success\",\n                  message: response.data\n                })\n                this.feedback = {}\n                this.getFeedback()\n              } else {\n                this.$message({\n                  type: \"error\",\n                  message: response.data\n                })\n              }\n            });\n          }; break;\n\n          case \"changePwd\": {\n            let newPwd = this.userInfo.newPwd\n            let newPwd2 = this.userInfo.newPwd2\n            let oldPwd = this.userInfo.oldPwd\n            if(newPwd != newPwd2) {\n              this.$message({\n                type: \"error\",\n                message: \"两次密码不一致\"\n              })\n              return\n            }\n            if(newPwd == oldPwd) {\n              this.$message({\n                type: \"error\",\n                message: \"新旧密码相同\"\n              })\n              return\n            }\n            let params = new URLSearchParams()\n            params.append(\"oldPwd\", oldPwd)\n            params.append(\"newPwd\", newPwd)\n            updateUserPwd(params).then(response =&gt; {\n              if(response.code == this.$ECode.SUCCESS) {\n                this.$message({\n                  type: \"success\",\n                  message: response.data\n                })\n              } else {\n                this.$message({\n                  type: \"error\",\n                  message: response.data\n                })\n              }\n              // 重置表单\n              this.$refs.userInfoForm.resetFields()\n            })\n          };break;\n        }\n      },\n\n      /**\n       * 字典查询\n       */\n      getDictList: function () {\n        var dictTypeList =  [\'sys_yes_no\', \'sys_user_sex\', \'sys_feedback_status\']\n\n        getListByDictTypeList(dictTypeList).then(response =&gt; {\n          if (response.code == this.$ECode.SUCCESS) {\n            var dictMap = response.data;\n            this.genderDictList = dictMap.sys_user_sex.list\n            this.yesNoDictList = dictMap.sys_yes_no.list\n            this.feedbackDictList = dictMap.sys_feedback_status.list\n          }\n        });\n      },\n\n      getToken: function() {\n        let token = this.getUrlVars()[\"token\"];\n        // 判断url中是否含有token\n        if (token != undefined) {\n          // 设置token七天过期\n          setCookie(\"token\", token, 7)\n        } else {\n          // 从cookie中获取token\n          token = getCookie(\"token\")\n        }\n        if (token != undefined) {\n          authVerify(token).then(response =&gt; {\n            if (response.code == this.$ECode.SUCCESS) {\n              this.isLogin = true;\n              this.userInfo = response.data;\n              this.setUserInfo(this.userInfo)\n            } else {\n              this.isLogin = false;\n              delCookie(\"token\");\n            }\n            this.setLoginState(this.isLogin);\n          });\n        } else {\n          this.isLogin = false;\n          this.setLoginState(this.isLogin);\n        }\n      },\n\n      /********************** 创作相关 ********************/\n      createBlog: function (isEdit, formData) {\n        this.isEdit = isEdit\n        if(isEdit) {\n          this.formData = formData\n        }\n        if(!this.isLogin) {\n          this.showLogin = true;\n          return\n        }\n        this.dialogFormVisible = true\n      },\n      // 关闭模态框回调函数\n      beforeClose: function () {\n        this.dialogFormVisible = false\n      },\n      /********************** 创作相关结束 ********************/\n\n      /********************** 创作相关 ********************/\n      createQuestion: function (isEdit, formData) {\n        this.isEdit = isEdit\n        if(isEdit) {\n          this.questionFormData = formData\n        }\n        if(!this.isLogin) {\n          this.showLogin = true;\n          return\n        }\n        this.questionDialogFormVisible = true\n      },\n      // 关闭模态框回调函数\n      questionBeforeClose: function () {\n        this.questionDialogFormVisible = false\n      },\n      /********************** 创作相关结束 ********************/\n\n      setUserReceiveCommentCount: function () {\n        getUserReceiveCommentCount().then(response =&gt; {\n          console.log(\"获取用户收到的评论数\", response)\n          if (response.code == this.$ECode.SUCCESS) {\n            this.userReceiveCommentCount = response.data\n          }\n        });\n      },\n      getKeyword: function() {\n        var tempValue = decodeURI(this.getUrlVars()[\"keyword\"]);\n        if (\n          tempValue == null ||\n          tempValue == undefined ||\n          tempValue == \"undefined\"\n        ) {\n        } else {\n          this.keyword = tempValue;\n        }\n      },\n      /**\n       * 获取当前所在页面的标题\n       * @returns {{}}\n       */\n      getCurrentPageTitle: function() {\n        var test = window.location.href;\n        var start = 0;\n        var end = test.length;\n        for (var i = 0; i &lt; test.length; i++) {\n          if (test[i] == \"#\") {\n            start = i;\n          }\n          if (test[i] == \"?\" &amp;&amp; i &gt; start) {\n            end = i;\n          }\n        }\n        var result = test.substring(start + 1, end);\n        this.saveTitle = result;\n      },\n      /**\n       * 获取网站配置\n        */\n      getWebConfigInfo: function() {\n        let webConfigData = this.$store.state.app.webConfigData\n        if(webConfigData.createTime) {\n          this.contact = webConfigData;\n          this.mailto = \"mailto:\" + this.contact.email;\n          this.openComment = webConfigData.openComment\n          console.log(\"是否开启投稿\", webConfigData)\n          this.showCreateBlog = webConfigData.openCreateBlog == \"1\" ? true:false\n        } else {\n          getWebConfig().then(response =&gt; {\n            if (response.code == this.$ECode.SUCCESS) {\n              this.info = response.data;\n              // 存储在Vuex中\n              this.setWebConfigData(response.data)\n              this.openComment = this.info.openComment\n              console.log(\"是否开启投稿\", this.info)\n              this.showCreateBlog = this.info.openCreateBlog == \"1\" ? true:false\n            }\n          });\n        }\n\n      },\n      /**\n       * 截取URL中的参数\n       * @returns {{}}\n       */\n      getUrlVars: function () {\n        var vars = {};\n        var parts = window.location.href.replace(\n          /[?&amp;]+([^=&amp;]+)=([^&amp;#]*)/gi,\n          function (m, key, value) {\n            vars[key] = value;\n          }\n        );\n        return vars;\n      },\n      clickSearchIco: function () {\n        if(this.keyword != \"\") {\n          this.search();\n        }\n        this.showSearch = !this.showSearch;\n        //获取焦点\n        this.$refs.searchInput.focus();\n      },\n      openHead: function () {\n        this.showHead = !this.showHead;\n      },\n      returnTop: function () {\n        window.scrollTo(0, 0);\n      },\n      userLogin: function () {\n        this.showLogin = true;\n      },\n      userLogout: function () {\n        deleteUserAccessToken(getCookie(\"token\"));\n        delCookie(\"token\");\n        let url = window.parent.location.href;\n        let haveToken = url.indexOf(\"?token\")\n        if (haveToken != -1) {\n          let list = url.split(\"?token\");\n          this.isLogin = false;\n          window.location.href = list[0]\n          let userInfo = {};\n          this.setUserInfo(userInfo)\n        } else {\n          window.location.reload()\n        }\n\n      },\n\n      // 点击头像触发的动作\n      handleCommand(command) {\n        switch (command) {\n          case \"logout\" : {\n            this.userLogout();\n          };break;\n          case \"login\" : {\n            this.userLogin();\n          };break;\n          case \"goUserInfo\" : {\n            // 打开抽屉\n            this.drawer = true;\n          } break;\n          case \"createBlog\" : {\n            // 创作博客\n            console.log(\"写博客\")\n            this.createBlog(false, null)\n          } break;\n          case \"createQuestion\" : {\n            // 打开抽屉\n            console.log(\"提问题\")\n            this.createQuestion(false, null)\n          } break;\n\n\n        }\n      },\n      closeLoginBox: function () {\n        this.showLogin = false;\n      },\n      // 获取浏览器类型\n      getBrowser() {\n        let sBrowser, sUsrAg = navigator.userAgent;\n        if (sUsrAg.indexOf(\"Firefox\") &gt; -1) {\n          sBrowser = \"Mozilla Firefox\";\n          this.browserFlag = 2;\n          // \"Mozilla/5.0 (X11; Ubuntu; Linux x86_64; rv:61.0) Gecko/20100101 Firefox/61.0\"\n        } else if (sUsrAg.indexOf(\"Chrome\") &gt; -1) {\n          sBrowser = \"Google Chrome or Chromium\";\n          this.browserFlag = 1;\n          // \"Mozilla/5.0 (X11; Linux x86_64) AppleWebKit/537.36 (KHTML, like Gecko) Ubuntu Chromium/66.0.3359.181 Chrome/66.0.3359.181 Safari/537.36\"\n        }\n\n      },\n    }\n  };\n&lt;/script&gt;\n\n&lt;style&gt;\n  @import \"../assets/css/emoji.css\";\n  .emoji-panel-btn:hover {\n    cursor: pointer;\n    opacity: 0.8;\n  }\n  .emoji-item-common {\n    background: url(\"../assets/img/emoji_sprite.png\");\n    display: inline-block;\n    zoom: 0.3;\n  }\n  .emoji-item-common:hover {\n    cursor: pointer;\n  }\n  .emoji-size-small {\n    // 表情大小\n    zoom: 0.3;\n  }\n&lt;/style&gt;\n\n&lt;style scoped&gt;\n  .createBlog {\n    position: absolute;\n    top: 16px;\n    right: -20px;\n  }\n  .el-tag {\n    height: 25px;\n    line-height: 25px;\n    margin-left: 6px;\n  }\n  #starlist li .title {\n    color: #00a7eb;\n  }\n\n  .create {\n    width: 35px;\n    height: 35px;\n    position: absolute;\n    right: 0px;\n  }\n\n  .userInfoAvatar {\n    width: 35px;\n    height: 35px;\n    position: absolute;\n    right: -77px;\n  }\n\n  .userInfoAvatar img {\n    width: 35px;\n    height: 35px;\n    border-radius: 50%;\n  }\n\n  .searchboxDefault {\n    position: absolute;\n    right: 1px;\n    top: 0\n  }\n\n  @media only screen and (max-width: 1300px) {\n    .userInfoAvatar {\n      width: 35px;\n      height: 35px;\n      position: absolute;\n      right: 10px;\n      top: 0px;\n    }\n\n    .searchbox {\n      position: absolute;\n      right: 50px;\n      top: 0\n    }\n  }\n\n  .avatar-uploader .el-upload {\n    border: 1px dashed #d9d9d9;\n    border-radius: 6px;\n    margin: 0, 0, 0, 10px;\n    cursor: pointer;\n    position: relative;\n    overflow: hidden;\n  }\n  .avatar-uploader .el-upload:hover {\n    border-color: #409eff;\n  }\n  .avatar-uploader-icon {\n    font-size: 28px;\n    color: #8c939d;\n    width: 100px;\n    height: 100px;\n    line-height: 100px;\n    text-align: center;\n  }\n  .imgBody {\n    width: 100px;\n    height: 100px;\n    border: solid 2px #ffffff;\n    float: left;\n    position: relative;\n  }\n  .imgBody img {\n    width: 100px;\n    height: 100px;\n  }\n  .uploadImgBody {\n    margin-left: 5px;\n    width: 100px;\n    height: 100px;\n    border: dashed 1px #c0c0c0;\n    float: left;\n    position: relative;\n  }\n  .uploadImgBody :hover {\n    border: dashed 1px #00ccff;\n  }\n  .inputClass {\n    position: absolute;\n  }\n\n  .commentList {\n    width: 100%;\n    margin: 0 auto;\n  }\n  .commentList .p1 {\n    float: left;\n  }\n  .commentList .left {\n    display: inline-block;\n    width: 10%;\n    height: 100%;\n  }\n  .commentList .left img {\n    margin: 0 auto;\n    width: 100%;\n    border-radius: 50%;\n  }\n  .commentList .right {\n    display: inline-block;\n    width: 85%;\n    margin-left: 5px;\n  }\n  .commentList .rightTop {\n    height: 30px;\n  }\n  .commentList .rightTop .userName {\n    color: #303133;\n    margin-left: 10px;\n    font-size: 16px;\n    font-weight: bold;\n  }\n  .commentList .rightTop .timeAgo {\n    color: #909399;\n    margin-left: 10px;\n    font-size: 15px;\n  }\n  .commentList .rightCenter {\n    margin-left: 20px;\n    line-height: 30px;\n    height: 60px;\n  }\n\n  .commentList .rightBottom el-link {\n\n  }\n\n  .feedbackCard .item .title {\n    display: inline-block;\n    width: 70px;\n    margin-bottom: 10px;\n    font-size: 14px;\n    font-weight: bold;\n  }\n  .feedbackCard .item .content {\n    display: inline-block;\n    width: 240px;\n    margin-bottom: 5px;\n  }\n\n  .myArticle .blogpic{\n    float: left;\n    max-height: 170px;\n    margin-right: 20px;\n    display: block;\n    overflow: hidden;\n  }\n  .myArticle .blogpic img{\n    width: 100%;\n    max-height: 70px;\n    -webkit-transition: all 0.6s ease;\n    transition: all 0.6s ease;\n    margin-bottom: 10px;\n  }\n  .myArticle .bloginfo {\n    margin-top: 5px;\n  }\n  .myArticle .operation {\n    float: right;\n    margin-top: 3px;\n    margin-left: 20px;\n    height: 40px;\n  }\n  .search_ico2 { width: 60px; height: 60px; display: block; position: absolute; right: 0; top: 15px; padding: 0; margin: 0; line-height: 60px; cursor: pointer; }\n&lt;/style&gt;\n</code></pre>\n\n<p>测试代码</p>\n','004821a6b2f713e0268bb18de74a0ec8',3,0,0,NULL,1,'2021-05-20 12:15:33','2021-06-10 16:04:19',NULL,'6795d72d4b27b24e02acb38723ccc5d6','1',0,0,1,NULL,1),('649d49a4e66362dd0da0bb6f53020412',78,'hello','hello','<h2>题目描述</h2>\n\n<p>&nbsp;</p>\n\n<h2>题目来源及自己的思路</h2>\n\n<p>&nbsp;</p>\n\n<h2>相关代码</h2>\n\n<p>粘贴代码文本（请勿用截图）</p>\n\n<p>&nbsp;</p>\n\n<h2>你期待的结果是什么？实际看到的错误信息又是什么？</h2>\n','498323b36535b000042e3b0d802bc9a3',0,0,0,NULL,1,'2021-06-21 16:41:25','2021-06-21 16:41:25',NULL,'6795d72d4b27b24e02acb38723ccc5d6','1',0,0,1,'90a2b545283d8d564a1a990955e735b1',1),('6fcb87d47cecf837a8fc15e101a555f6',88,'测试啦啦啦22','测试啦啦啦222','<h2>问题描述</h2>\n\n<p>&nbsp;</p>\n\n<h2>问题出现的平台版本及自己尝试过哪些方法</h2>\n\n<p>&nbsp;</p>\n\n<h2>相关代码</h2>\n\n<p>粘贴代码文本（请勿用截图）</p>\n\n<p>&nbsp;</p>\n\n<h2>你期待的结果是什么？实际看到的错误信息又是什么？</h2>\n','498323b36535b000042e3b0d802bc9a3',0,0,0,NULL,1,'2021-08-21 16:19:45','2021-08-21 16:19:45',NULL,'595ab5582fad346907bec50e09e119cf','1',0,0,1,'c92dcaeda36b513c20e41218d6ad26c4',1),('71c67abc7aff6c00c6b8b26190eb9bc8',64,'蘑菇博客能否支持多台服务器部署？','蘑菇博客能否支持多台服务器部署？','<p>蘑菇博客能否支持多台服务器部署？</p>\n','498323b36535b000042e3b0d802bc9a3',0,0,0,NULL,1,'2021-05-12 19:32:27','2021-05-12 19:32:27',NULL,'6795d72d4b27b24e02acb38723ccc5d6','1',0,0,1,NULL,1),('7887334cf1190d69f3004a899c4e0eac',85,'测试','测试','<h2>问题描述</h2>\n\n<p>&nbsp;</p>\n\n<h2>问题出现的环境背景及自己尝试过哪些方法</h2>\n\n<p>&nbsp;</p>\n\n<h2>相关代码</h2>\n\n<p>粘贴代码文本（请勿用截图）</p>\n\n<p>&nbsp;</p>\n\n<h2>你期待的结果是什么？实际看到的错误信息又是什么？</h2>\n','004821a6b2f713e0268bb18de74a0ec8',1,0,3,NULL,1,'2021-06-21 18:10:57','2021-07-16 22:53:12',NULL,'6795d72d4b27b24e02acb38723ccc5d6','1',0,0,1,'732b83c9661290b868142ac4f7f877ed',1),('a034b275918b2064b14591ce8118c9d1',71,'线上服务器内存太小，如何部署蘑菇博客','线上服务器内存太小，如何部署蘑菇博客','<p>目前博主使用的服务器配置是1核2G，没有启动对应的监控组件和搜索服务，如&nbsp;<code>zipkin</code>，<code>mogu_search</code>、<code>mogu-monitor</code>等</p>\n\n<p>只启动了一些核心的服务，目前线上服务器最低要求需要的配置清单如下：</p>\n\n<ul>\n	<li><code>mogu-eureka</code>：服务注册与发现</li>\n	<li><code>mogu-picture</code>： 图片服务，用于图片上传和下载</li>\n	<li><code>mogu-sms</code>：消息服务，用于更新ElasticSearch、Solr索引、邮件和短信发送</li>\n	<li><code>mogu-web</code>：管理端服务，提供admin端API接口服务；</li>\n	<li><code>mogu-admin</code>：门户端服务，提供web端API接口服务；</li>\n	<li><code>mysql</code>：用于数据存储</li>\n	<li><code>redis</code>：缓存服务，用户存储热点数据</li>\n	<li><code>rabbitmq</code>：消息中间件</li>\n	<li><code>nginx</code>：静态资源映射和反向代理</li>\n</ul>\n\n<p>关于具体各个模块的启动参考博客：<a href=\"http://www.moguit.cn/#/info?blogUid=ab8377106a0d4b9f8d66131e4312c69e\">使用Docker快速搭建蘑菇博客</a></p>\n','498323b36535b000042e3b0d802bc9a3',3,0,2,NULL,1,'2021-06-09 07:32:37','2021-06-19 09:23:27',NULL,'6795d72d4b27b24e02acb38723ccc5d6','1',0,0,1,NULL,1),('a1e341a86e915fdd84516224578cbd3c',80,'测试','测试','<h2>问题描述</h2>\n\n<p>&nbsp;</p>\n\n<h2>问题出现的环境背景及自己尝试过哪些方法</h2>\n\n<p>&nbsp;</p>\n\n<h2>相关代码</h2>\n\n<p>粘贴代码文本（请勿用截图）</p>\n\n<p>&nbsp;</p>\n\n<h2>你期待的结果是什么？实际看到的错误信息又是什么？</h2>\n','004821a6b2f713e0268bb18de74a0ec8',0,0,0,NULL,1,'2021-06-21 16:49:09','2021-06-21 16:49:09',NULL,'6795d72d4b27b24e02acb38723ccc5d6','1',0,0,1,'732b83c9661290b868142ac4f7f877ed',1),('ab0dc3ccfae0a58aabcf806208412011',76,'测试问答','测试问答','<h2>题目描述</h2>\n\n<p>&nbsp;</p>\n\n<h2>题目来源及自己的思路</h2>\n\n<p>&nbsp;</p>\n\n<h2>相关代码</h2>\n\n<p>粘贴代码文本（请勿用截图）</p>\n\n<p>&nbsp;</p>\n\n<h2>你期待的结果是什么？实际看到的错误信息又是什么？</h2>\n','004821a6b2f713e0268bb18de74a0ec8',0,0,0,NULL,1,'2021-06-14 23:10:26','2021-06-14 23:10:26',NULL,'39cdc73206f79b8667bd087a5a6c417e','1',0,0,1,'90a2b545283d8d564a1a990955e735b1',1),('ac94af4ee48ba5e629570900f2a264ad',62,'如何部署蘑菇博客呢？','如何部署蘑菇博客呢？','<p>参考官方的回答</p>\n','004821a6b2f713e0268bb18de74a0ec8',1,0,0,NULL,1,'2021-05-12 19:21:34','2021-05-20 11:49:12',NULL,'6795d72d4b27b24e02acb38723ccc5d6','1',0,0,1,NULL,1),('b213d3cc69980a4856c8c5875ec398c3',63,'蘑菇博客可以部署在1C2G服务器上么？','蘑菇博客可以部署在1C2G服务器上么？','<p>没有问题的，只需要开启虚拟内存，选择核心版安装即可~</p>\n','004821a6b2f713e0268bb18de74a0ec8',1,0,1,NULL,1,'2021-05-12 19:30:39','2021-05-12 19:31:37',NULL,'6795d72d4b27b24e02acb38723ccc5d6','1',0,0,1,NULL,1),('cf6df28b1f3f9aca01e8cd2bff8c9995',73,'测试2','测试2','<h2>问题描述</h2>\n\n<p>&nbsp;</p>\n\n<h2>问题出现的环境背景及自己尝试过哪些方法</h2>\n\n<p>&nbsp;</p>\n\n<h2>相关代码</h2>\n\n<p>粘贴代码文本（请勿用截图）</p>\n\n<p>&nbsp;</p>\n\n<h2>你期待的结果是什么？实际看到的错误信息又是什么？</h2>\n','004821a6b2f713e0268bb18de74a0ec8',2,0,0,NULL,1,'2021-06-10 22:17:16','2021-06-19 10:44:21',NULL,'6795d72d4b27b24e02acb38723ccc5d6','1',0,0,1,'732b83c9661290b868142ac4f7f877ed',1),('d3125efdf7f25a7f021e4921ca0e6174',87,'测试啦啦啦','测试啦啦啦','<h2>问题描述</h2>\n\n<p>&nbsp;</p>\n\n<h2>问题出现的环境背景及自己尝试过哪些方法</h2>\n\n<p>&nbsp;</p>\n\n<h2>相关代码</h2>\n\n<p>粘贴代码文本（请勿用截图）</p>\n\n<p>&nbsp;</p>\n\n<h2>你期待的结果是什么？实际看到的错误信息又是什么？</h2>\n','004821a6b2f713e0268bb18de74a0ec8',0,0,0,NULL,1,'2021-08-21 16:19:33','2021-08-21 16:19:33',NULL,'595ab5582fad346907bec50e09e119cf','1',0,0,1,'732b83c9661290b868142ac4f7f877ed',1),('d76a6c97ee196801ba43f9842a81753d',74,'测试','测试','<p>测试</p>\n','498323b36535b000042e3b0d802bc9a3',1,0,0,NULL,1,'2021-06-13 08:45:27','2021-06-13 16:55:56','1f01cd1d2f474743b241d74008b12333',NULL,'1',0,0,1,NULL,0),('da5e03ab0b29097776a5043c5485db2a',81,'测试','测试','<h2>问题描述</h2>\n\n<p>&nbsp;</p>\n\n<h2>问题出现的环境背景及自己尝试过哪些方法</h2>\n\n<p>&nbsp;</p>\n\n<h2>相关代码</h2>\n\n<p>粘贴代码文本（请勿用截图）</p>\n\n<p>&nbsp;</p>\n\n<h2>你期待的结果是什么？实际看到的错误信息又是什么？</h2>\n','004821a6b2f713e0268bb18de74a0ec8',0,0,0,NULL,1,'2021-06-21 16:49:10','2021-06-21 16:49:10',NULL,'6795d72d4b27b24e02acb38723ccc5d6','1',0,0,1,'732b83c9661290b868142ac4f7f877ed',1),('deb32835333891ea06351dbd8828450c',82,'测试','测试','<h2>问题描述</h2>\n\n<p>&nbsp;</p>\n\n<h2>问题出现的环境背景及自己尝试过哪些方法</h2>\n\n<p>&nbsp;</p>\n\n<h2>相关代码</h2>\n\n<p>粘贴代码文本（请勿用截图）</p>\n\n<p>&nbsp;</p>\n\n<h2>你期待的结果是什么？实际看到的错误信息又是什么？</h2>\n','004821a6b2f713e0268bb18de74a0ec8',0,0,0,NULL,1,'2021-06-21 16:49:15','2021-06-21 16:49:15',NULL,'6795d72d4b27b24e02acb38723ccc5d6','1',0,0,1,'732b83c9661290b868142ac4f7f877ed',1),('e40a7d6bc4ac5137ad3f34a48a2ba3dc',84,'测试','测试','<h2>问题描述</h2>\n\n<p>&nbsp;</p>\n\n<h2>问题出现的环境背景及自己尝试过哪些方法</h2>\n\n<p>&nbsp;</p>\n\n<h2>相关代码</h2>\n\n<p>粘贴代码文本（请勿用截图）</p>\n\n<p>&nbsp;</p>\n\n<h2>你期待的结果是什么？实际看到的错误信息又是什么？</h2>\n','004821a6b2f713e0268bb18de74a0ec8',0,0,0,NULL,1,'2021-06-21 16:49:17','2021-06-21 16:49:17',NULL,'6795d72d4b27b24e02acb38723ccc5d6','1',0,0,1,'732b83c9661290b868142ac4f7f877ed',1),('ea0bac2a2ac841ab66a286fd77ce8956',79,'hello','hello','<h2>题目描述</h2>\n\n<p>&nbsp;</p>\n\n<h2>题目来源及自己的思路</h2>\n\n<p>&nbsp;</p>\n\n<h2>相关代码</h2>\n\n<p>粘贴代码文本（请勿用截图）</p>\n\n<p>&nbsp;</p>\n\n<h2>你期待的结果是什么？实际看到的错误信息又是什么？</h2>\n','498323b36535b000042e3b0d802bc9a3',0,0,0,NULL,1,'2021-06-21 16:41:29','2021-06-21 16:41:29',NULL,'6795d72d4b27b24e02acb38723ccc5d6','1',0,0,1,'90a2b545283d8d564a1a990955e735b1',1),('f8a2f7715355a33a0df2d256ab390260',65,'蘑菇博客如何如何集成QQ登录？','蘑菇博客如何如何集成QQ登录？','<p>蘑菇博客如何如何集成QQ登录？</p>\n','498323b36535b000042e3b0d802bc9a3',1,0,0,NULL,1,'2021-05-12 19:33:07','2021-05-21 21:18:06',NULL,'6795d72d4b27b24e02acb38723ccc5d6','1',0,0,1,NULL,1),('fb347bbdc353a5907b23093a295070b9',67,'蘑菇博客一键部署时出现了问题','蘑菇博客一键部署时出现了问题','<p>蘑菇博客一键部署时出现了问题</p>\n','498323b36535b000042e3b0d802bc9a3',2,0,0,NULL,1,'2021-05-12 19:34:16','2021-06-10 08:12:24',NULL,'6795d72d4b27b24e02acb38723ccc5d6','1',0,0,1,NULL,1),('fb86af2bb8d0ae342386d61fcbaa3bea',69,'实测问题','测试为','<h1>使用Docker快速搭建蘑菇博客(Eureka版)</h1>\n\n<p>最近几天一直在研究怎么样才能够快速搭建蘑菇博客项目，对了，我的服务器是阿里云购买的云服务器ECS，配置是 1核2G ，学生优惠价，100多一年。。。 嗯，这应该是搭建蘑菇博客的最低配置了，内存少于2G的话，可能会启动不起来，本来2G也是不够用的，我是把所有的微服务和solr都放到一个tomcat中，才勉强跑起来的。 目前为了更加方便大家的部署，我已经修改成jar包的方式进行部署启动了，tomcat仅用于作为solr启动的web容器。</p>\n\n<p>如果你的服务器内存也是2G的话，请务必先配置一下交换内存：<a href=\"http://www.moguit.cn/#/info?blogUid=36ee5efa56314807a9b6f1c1db508871\">CentOS如何增加虚拟内存</a></p>\n\n<p>如果你也拥有对应的域名并且备案了的话，可以给蘑菇博客配置域名的方式访问：<a href=\"http://moguit.cn/#/info?blogUid=06565868c0e86fe8125a9d55430cd266\">蘑菇博客配置域名解析</a></p>\n\n<p>如果你的服务器带宽只有1M，可以使用免费的百度云加速，加快页面渲染速度：<a href=\"http://www.moguit.cn/#/info?blogUid=af053959672343f8a139ec27fd534c6c\">如何使用百度云加速提升网站访问速度</a></p>\n\n<blockquote>\n<p>tip：特别注意，因为镜像中的代码可能不是最新版本，因此推荐在按照本篇博客，安装好docker环境后，需要在参考 <a href=\"http://www.moguit.cn/#/info?blogUid=ab8377106a0d4b9f8d66131e4312c69e\">蘑菇博客部署阿里云(Eureka版)</a> 这篇博客，重新将前后端代码都重新部署一遍，同时也记得把doc中的两个SQL文件也重新导入，确保服务器为最新代码</p>\n</blockquote>\n\n<p>如果你之前安装好了蘑菇博客的docker环境，修改的博客的源码，想要重新发布到自己服务器上：<a href=\"http://www.moguit.cn/#/info?blogUid=ab8377106a0d4b9f8d66131e4312c69e\">蘑菇博客如何部署到阿里云服务器(Eureka版)</a></p>\n\n<p>因为配置那些环境比较麻烦，（主要包括Nginx，Solr，Redis，Tomcat，Mysql，RabbitMQ）当然如果小伙伴喜欢自己配置的话，也可以不使用我搭建好的镜像，可以参考下面几篇博客哦，希望你也能够配置成功的~！（想直接通过Docker部署的，可以忽略下面几步..）</p>\n\n<p>1、<a href=\"http://www.moguit.cn/#/info?blogUid=e8d3e38ba35b4765ae128256eb44e341\">CentOS下如何安装Nginx</a></p>\n\n<p>2、<a href=\"http://www.moguit.cn/#/info?blogUid=d0e2c4337d7a4a85b176834c8c674fdf\">CentOS下Rdeis的安装和部署</a></p>\n\n<p>3、<a href=\"http://www.moguit.cn/#/info?blogUid=7c7404c456904be5b7736238f28d2515\">CentOS下Solr的安装和部署</a></p>\n\n<p>4、<a href=\"http://www.moguit.cn/#/info?blogUid=d5b6dff48e5d42b1afcbf6ab591bdab1\">CentOS下Mariadb的安装和部署</a></p>\n\n<p>5、<a href=\"http://www.moguit.cn/#/info?blogUid=2af543cdbd4342e1812e72687aac4580\">CentOS下RabbitMQ的安装和部署</a></p>\n\n<p>6、<a href=\"http://moguit.cn/#/info?blogUid=ee342088a5d0f5b96bcb4582d9b563aa\">CentOS下ElasticSearch的安装和部署</a></p>\n\n<p>好了。下面我介绍的是用Docker快速搭建蘑菇博客。话不多说，下面我就直接进入正题。</p>\n\n<h2>注册Docker账号</h2>\n\n<p>首先大家先去DockerHub注册账号，用于拉取Docker镜像和存储镜像</p>\n\n<p>注意：注册DockerHub的目的，是为了能够方便以后大家把自己的镜像上传上去，如果DockerHub无法访问，或者不想上传镜像的话，可以忽略这一步，同时在3步 也忽略 docker login，直接进行Docker pull 拉取我的镜像即可</p>\n\n<p>DockerHub官网：<a href=\"https://hub.docker.com/\">点我传送</a></p>\n\n<p>关于更多docker命令和介绍，可以看这篇博客：<a href=\"http://www.moguit.cn/#/info?blogUid=8974a6ce5bae4bf68f1aa37f07c96d0f\">Docker常用命令</a></p>\n\n<h2>Docker安装和启动</h2>\n\n<p>注册成功后，进入我们的CentOS系统中（如果是Ubuntu的话，可能安装docker的方式不同，请自行百度安装）</p>\n\n<p>下面介绍的是使用yum方式安装docker</p>\n\n<h3>配置docker的阿里云yum源</h3>\n\n<pre>\ncat &gt;&gt;/etc/yum.repos.d/docker.repo&lt;&lt;EOF\n[docker-ce-edge]\nname=Docker CE Edge - \\$basearch\nbaseurl=https://mirrors.aliyun.com/docker-ce/linux/centos/7/\\$basearch/edge\nenabled=1\ngpgcheck=1\ngpgkey=https://mirrors.aliyun.com/docker-ce/linux/centos/gpg\nEOF</pre>\n\n<h3>安装docker</h3>\n\n<pre>\n# yum安装\nyum -y install docker-ce\n​\n#查看docker版本\ndocker --version &nbsp;\n​\n# 设置开机自启\nsystemctl enable docker\n​\n# 启动docker\nsystemctl start docker</pre>\n\n<h2>Docker login登录</h2>\n\n<p>使用Docker login命令登录，需要输入刚刚注册的账号和密码（ps：如果不想发布镜像到dockerhub，可以忽略）</p>\n\n<pre>\n# 登录dockerhub\ndocker login</pre>\n\n<h2>拉取蘑菇博客的镜像</h2>\n\n<pre>\ndocker pull moxi/mogu_blog</pre>\n\n<p>因为镜像有点大，所以拉取的话，可能会有点慢，所以耐下等待下</p>\n\n<p><img alt=\"image-20200209122416398\" src=\"file://C:/Users/Administrator/Desktop/LearningNotes/%E6%9D%82%E8%AE%B0/Docker%E6%90%AD%E5%BB%BA%E8%98%91%E8%8F%87%E5%8D%9A%E5%AE%A2(Eureka%E7%89%88)/images/image-20200209122416398.png?lastModify=1621486067\" /></p>\n\n<p>如果拉取失败，或者出现超时的情况、或者拉取过慢，可以尝试使用下面的方法： <a href=\"http://www.moguit.cn/#/info?blogUid=5296cfe28b35caa808a5387ff95734c7\">CentOS7中Docker拉取镜像失败的解决方法</a></p>\n\n<p>如果还是拉取速度很慢的话，推荐在早上的时候拉取镜像，因为DockerHub是国外的网站，早上的时候，他们美国这边都已经到了晚间了，基本不占用太多带宽，拉取速度会更快一些~</p>\n\n<h2>查看镜像</h2>\n\n<p>拉取成功后，使用命令查看已经拉取的镜像</p>\n\n<pre>\ndocker images</pre>\n\n<p><img alt=\"image-20200209122441971\" src=\"file://C:/Users/Administrator/Desktop/LearningNotes/%E6%9D%82%E8%AE%B0/Docker%E6%90%AD%E5%BB%BA%E8%98%91%E8%8F%87%E5%8D%9A%E5%AE%A2(Eureka%E7%89%88)/images/image-20200209122441971.png?lastModify=1621486067\" /></p>\n\n<p>好了，能看到刚刚拉取的镜像，大概有4.75G大（ps.. 现在因为装了很多东西..已经10多G了），因为这里面包含了需要图片资源和项目的一些安装包。</p>\n\n<h2>制作蘑菇博客docker容器</h2>\n\n<pre>\ndocker run --privileged -d -it -h mogu_blog_2 --name mogu_blog_2 -v /etc/localtime:/etc/localtime:ro -p 11122:22 -p 15672:15672 -p 8600:8600 -p 9527:9527 -p 9528:9528 -p 6379:6379 -p 3306:3306 -p 80:80 -p 8080:8080 -p 8601:8601 -p 8602:8602 -p 8603:8603 -p 8604:8604 -p 8605:8605 -p 8606:8606 -p 8607:8607 -p 8761:8761 -p 5601:5601 -p 9411:9411 -p 465:465 moxi/mogu_blog /usr/sbin/init</pre>\n\n<p>使用下面的命令，就能够制作成一个docker容器了，他会将上面写的一些端口号都映射到宿主机中，所以宿主机那些端口号不能别占用了哦。</p>\n\n<p>当然同时，宿主机的那些端口号也必须开放，如果是使用阿里云的小伙伴，必须在 阿里云的官网，配置相应的安全组，不然外面是没办法访问的。</p>\n\n<p>关于安全组的配置，在云服务器ECS的管理页面</p>\n\n<p><img alt=\"image-20200209125847329\" src=\"file://C:/Users/Administrator/Desktop/LearningNotes/%E6%9D%82%E8%AE%B0/Docker%E6%90%AD%E5%BB%BA%E8%98%91%E8%8F%87%E5%8D%9A%E5%AE%A2(Eureka%E7%89%88)/images/image-20200209125847329.png?lastModify=1621486067\" /></p>\n\n<p>在点击配置规则</p>\n\n<p><img alt=\"image-20200209125905430\" src=\"file://C:/Users/Administrator/Desktop/LearningNotes/%E6%9D%82%E8%AE%B0/Docker%E6%90%AD%E5%BB%BA%E8%98%91%E8%8F%87%E5%8D%9A%E5%AE%A2(Eureka%E7%89%88)/images/image-20200209125905430.png?lastModify=1621486067\" /></p>\n\n<p>然后点击右上角按钮，把需要用到的端口号都导入进去</p>\n\n<p><img alt=\"image-20200209125919324\" src=\"file://C:/Users/Administrator/Desktop/LearningNotes/%E6%9D%82%E8%AE%B0/Docker%E6%90%AD%E5%BB%BA%E8%98%91%E8%8F%87%E5%8D%9A%E5%AE%A2(Eureka%E7%89%88)/images/image-20200209125919324.png?lastModify=1621486067\" /></p>\n\n<p>安装下面的规则，把每一个添加进去即可, 需要添加的端口号有：</p>\n\n<pre>\n蘑菇Docker内部容器SSH连接：11122\nRabbitMQ消息队列：15672\nZipkin链路追踪: 9411\n发Email端口：465&nbsp; &nbsp;\n图片资源：8600&nbsp; &nbsp;\n前端Web页面:9527&nbsp; &nbsp; \n后端Admin页面：9528&nbsp; \nRedis:6379&nbsp; &nbsp;\nMysql:3306&nbsp; &nbsp;\nTomcat(里面部署的solr):8080\nHTTP端口：80\nKibana端口：5601\nmogu_admin端口：8601\nmogu_picture端口：8602\nmogu_web端口：8603\nmogu_sms端口：8604\nmogu_search端口：8605\nmogu_monitor端口：8606\nmogu_gateway端口：8607\nmogu_eureka端口：8761</pre>\n\n<p><img alt=\"image-20200209125938397\" src=\"file://C:/Users/Administrator/Desktop/LearningNotes/%E6%9D%82%E8%AE%B0/Docker%E6%90%AD%E5%BB%BA%E8%98%91%E8%8F%87%E5%8D%9A%E5%AE%A2(Eureka%E7%89%88)/images/image-20200209125938397.png?lastModify=1621486067\" /></p>\n\n<h2>查看容器状态</h2>\n\n<p>好了，回到刚刚的内容，我们在执行第六步的时候，已经制作好了容器了，使用下面的命令，查看容器状态</p>\n\n<pre>\n# 查看容器状态\ndocker ps -a</pre>\n\n<p><img alt=\"image-20200209125953803\" src=\"file://C:/Users/Administrator/Desktop/LearningNotes/%E6%9D%82%E8%AE%B0/Docker%E6%90%AD%E5%BB%BA%E8%98%91%E8%8F%87%E5%8D%9A%E5%AE%A2(Eureka%E7%89%88)/images/image-20200209125953803.png?lastModify=1621486067\" /></p>\n\n<p>&nbsp;</p>\n\n<h2>打开XShell，连接</h2>\n\n<p><img alt=\"image-20200209130011043\" src=\"file://C:/Users/Administrator/Desktop/LearningNotes/%E6%9D%82%E8%AE%B0/Docker%E6%90%AD%E5%BB%BA%E8%98%91%E8%8F%87%E5%8D%9A%E5%AE%A2(Eureka%E7%89%88)/images/image-20200209130011043.png?lastModify=1621486067\" /></p>\n\n<p>输入用户名： root</p>\n\n<p><img alt=\"image-20200209130023427\" src=\"file://C:/Users/Administrator/Desktop/LearningNotes/%E6%9D%82%E8%AE%B0/Docker%E6%90%AD%E5%BB%BA%E8%98%91%E8%8F%87%E5%8D%9A%E5%AE%A2(Eureka%E7%89%88)/images/image-20200209130023427.png?lastModify=1621486067\" /></p>\n\n<p>输入密码：mogu2018</p>\n\n<p><img alt=\"image-20200209130036402\" src=\"file://C:/Users/Administrator/Desktop/LearningNotes/%E6%9D%82%E8%AE%B0/Docker%E6%90%AD%E5%BB%BA%E8%98%91%E8%8F%87%E5%8D%9A%E5%AE%A2(Eureka%E7%89%88)/images/image-20200209130036402.png?lastModify=1621486067\" /></p>\n\n<p>成功进入系统，下面我们就需要把对应的服务都开启</p>\n\n<p>注意：该密码是docker镜像的初始密码，如果需要更改的话，可以使用下列命令更改密码</p>\n\n<pre>\npasswd</pre>\n\n<h2>启动对应的服务</h2>\n\n<h3>启动Nginx</h3>\n\n<pre>\n# 进入nginx的安装目录下\ncd /soft/nginx/sbin/\n\n# 启动nginx\n./nginx</pre>\n\n<p>好吧，启动报错</p>\n\n<p><img alt=\"image-20200209130104979\" src=\"file://C:/Users/Administrator/Desktop/LearningNotes/%E6%9D%82%E8%AE%B0/Docker%E6%90%AD%E5%BB%BA%E8%98%91%E8%8F%87%E5%8D%9A%E5%AE%A2(Eureka%E7%89%88)/images/image-20200209130104979.png?lastModify=1621486067\" /></p>\n\n<p>看问题需要创建一个目录，那么就开始创建吧</p>\n\n<pre>\nmkdir -p /var/run/nginx</pre>\n\n<p>再次使用启动命令，启动成功</p>\n\n<p><img alt=\"image-20200209130124155\" src=\"file://C:/Users/Administrator/Desktop/LearningNotes/%E6%9D%82%E8%AE%B0/Docker%E6%90%AD%E5%BB%BA%E8%98%91%E8%8F%87%E5%8D%9A%E5%AE%A2(Eureka%E7%89%88)/images/image-20200209130124155.png?lastModify=1621486067\" /></p>\n\n<p>我们在使用命令 ，查看已经启动的端口号</p>\n\n<pre>\nnetstat -tunlp</pre>\n\n<p>&nbsp;</p>\n\n<p>我们已经看到了，现在已经开机自启了 RabbitMQ的 5672 15672 ， mysql的 3306， 其他的一些就是项目的端口，现在我们还需要启动 redis的 6379 和 tomcat的 8080</p>\n\n<p><img alt=\"image-20200209130139403\" src=\"file://C:/Users/Administrator/Desktop/LearningNotes/%E6%9D%82%E8%AE%B0/Docker%E6%90%AD%E5%BB%BA%E8%98%91%E8%8F%87%E5%8D%9A%E5%AE%A2(Eureka%E7%89%88)/images/image-20200209130139403.png?lastModify=1621486067\" /></p>\n\n<p>注意：如果我们查看端口号没有RabbitMQ，我们需要手动启动对应的服务</p>\n\n<p>新开一个xshell连接，启动rabbitmq：</p>\n\n<pre>\n# 后台启动RabbitMQ\nrabbitmq-server -detached</pre>\n\n<h3>启动redis</h3>\n\n<pre>\n# 进入redis的安装目录\ncd /soft/redis/bin/\n\n# 后台启动redis\n./redis-server redis.conf\n\n# 查看启动端口号\nnetstat -tunlp</pre>\n\n<p>我们看到redis已经正常启动了</p>\n\n<p><img alt=\"image-20200209130156442\" src=\"file://C:/Users/Administrator/Desktop/LearningNotes/%E6%9D%82%E8%AE%B0/Docker%E6%90%AD%E5%BB%BA%E8%98%91%E8%8F%87%E5%8D%9A%E5%AE%A2(Eureka%E7%89%88)/images/image-20200209130156442.png?lastModify=1621486067\" /></p>\n\n<h3>启动tomcat中的solr</h3>\n\n<p>tip：如果配置了Solr作为全文检索，那么需要启动Solr，否则可以忽略这一步</p>\n\n<pre>\n# 进入tomcat目录\ncd /soft/tomcat/bin\n\n# 启动\n./startup.sh\n\n# 查看启动信息\ntail -f ../logs/catalina.out</pre>\n\n<h3>启动微服务</h3>\n\n<p>启动 mogu_eureka &amp; mogu_picture &amp; mogu_sms &amp; mogu_admin &amp; mogu_web</p>\n\n<pre>\n#进入到项目目录\ncd /home/mogu_blog</pre>\n\n<p>我们查看项目结构，有以下几个文件夹</p>\n\n<p><img alt=\"image-20200209130210835\" src=\"file://C:/Users/Administrator/Desktop/LearningNotes/%E6%9D%82%E8%AE%B0/Docker%E6%90%AD%E5%BB%BA%E8%98%91%E8%8F%87%E5%8D%9A%E5%AE%A2(Eureka%E7%89%88)/images/image-20200209130210835.png?lastModify=1621486067\" /></p>\n\n<p>下面说明每个文件夹的作用</p>\n\n<pre>\nmogu_admin：admin端API接口服务\nmogu_data：存在蘑菇博客的图片资源\nmogu_eureka：服务发现\nmogu_picture: 图片服务器，用于图片上传和下载\nmogu_sms: 消息发送服务器，用于邮件和短信发送\nmogu_web：web端API接口服务\nmogu_monitor：监控模块\nmogu_zipkin：链路追踪模块\nvue_mogu_admin：VUE的后台管理页面\nvue_mogu_web：VUE的门户网站</pre>\n\n<p>首先进入mogu_eureka目录下</p>\n\n<p>我们查看一下目录结构</p>\n\n<p><img alt=\"image-20200209130224724\" src=\"file://C:/Users/Administrator/Desktop/LearningNotes/%E6%9D%82%E8%AE%B0/Docker%E6%90%AD%E5%BB%BA%E8%98%91%E8%8F%87%E5%8D%9A%E5%AE%A2(Eureka%E7%89%88)/images/image-20200209130224724.png?lastModify=1621486067\" /></p>\n\n<pre>\n./startup.sh  #启动脚本\n./shutdown.sh #关闭脚本\nmogu_admin***.jar #springboot打包的可执行jar包\n/config #外部配置文件\ncatalina.out #启动脚本后，生成的日志文件</pre>\n\n<p>然后我们使用下面的命令进行启动</p>\n\n<pre>\n# 进入mogu_eureka目录\ncd mogu_eureka\n# 启动项目\n./startup.sh</pre>\n\n<p>不过需要注意的是：mogu_picture 、 mogu_web、mogu_sms 我们还需要修改一些配置，才能够启动成功</p>\n\n<blockquote>\n<p>tip：因为镜像中的代码可能不是最新版本，因此推荐在按照本篇博客，安装好docker环境后，需要在参考下面蘑菇博客部署阿里云这篇博客，重新将前后端代码都重新部署一遍，同时也记得把doc中的两个SQL文件也重新导入，确保服务器为最新代码~</p>\n</blockquote>\n\n<h3>mogu_picture修改配置</h3>\n\n<p>首先我们在启动startup.sh脚本前，先修改对应目录下 config文件夹的application.yml配置文件，直接修改可能会里面是乱码，可以先把它取出来，到window下修改，然后在放入</p>\n\n<pre>\n# 进入picture目录下\ncd /home/mogu_blog/mogu_picture/config\n# 编辑配置\nvim application.yml</pre>\n\n<p>然后找到下面的内容，把对应的ip地址改成自己云服务器的即可</p>\n\n<pre>\n#Data image url\nfile:\n  upload:\n    path: /home/mogu_blog/mogu_data/</pre>\n\n<p>修改完成后，我们回到上级目录，执行启动脚本</p>\n\n<pre>\n# 返回上一级\ncd ..\n# 启动项目\n./startup.sh</pre>\n\n<h3>mogu_web修改配置</h3>\n\n<p>同理，找到mogu_web下的config文件，我们需要将下面的域名，改成自己的IP地址</p>\n\n<pre>\n#Data image url\ndata:\n  # 门户页面\n  webSite:\n    url: http://101.132.122.175:9527/#/\n  # mogu_web网址，用于第三方登录回调\n  web:\n    url: http://101.132.122.175:8603\n  # 静态资源映射，通过nginx\n  image:\n    url: http://101.132.122.175:8600/</pre>\n\n<p>同时在配置文件的最下面，还需要修改第三方注册需要的 clientId 和 ClientSecret：如果不清楚如何获取的小伙伴，可以查看我的这篇博客，在后面部分对ID的获取有相关介绍：<a href=\"http://moguit.cn/#/info?blogUid=8cbadb54967257f12d6cc7eb1a58a361\">SpringBoot+Vue如何集成第三方登录JustAuth</a></p>\n\n<pre>\n# 第三方登录\njustAuth:\n  clientId:\n    gitee: XXXXXXXXXXXXXXXXXXXXXX\n    github: XXXXXXXXXXXXXXXXXXXXXX\n  clientSecret:\n    gitee: XXXXXXXXXXXXXXXXXXXXXX\n    github: XXXXXXXXXXXXXXXXXXXXXX</pre>\n\n<h3>mogu_sms修改配置</h3>\n\n<p>在mogu_sms中，主要修改的就是邮箱的配置，我们将发送邮件的信息改成自己的</p>\n\n<pre>\n#mail\nmail:\n    username: XXXXXXX@163.com\n    password: XXXXXXX #授权码开启SMTP服务里设置</pre>\n\n<p>注意，上面的password是授权码，授权码不是密码，以163邮箱为例，我们需要开启SMTP服务，然后设置授权码</p>\n\n<p><img alt=\"image-20200722090457339\" src=\"file://C:/Users/Administrator/Desktop/LearningNotes/%E6%9D%82%E8%AE%B0/Docker%E6%90%AD%E5%BB%BA%E8%98%91%E8%8F%87%E5%8D%9A%E5%AE%A2(Eureka%E7%89%88)/images/image-20200722090457339.png?lastModify=1621486067\" /></p>\n\n<p>&nbsp;</p>\n\n<p>修改完成后，我们启动对应的项目即可，最终我们需要启动的项目有： mogu_eureka，mogu_picture, mogu_sms, mogu_admin, mogu_web</p>\n\n<p><strong>tip:（用于以后使用图形化客户端进行连接）</strong></p>\n\n<p>mysql的账号和密码是 root mogu2018</p>\n\n<p>redis的密码是 mogu2018</p>\n\n<h2>验证是否后台是否启动成功</h2>\n\n<p>等服务器都启动完成后，下面我们验证一下后台是否正常启动，访问下列的地址：</p>\n\n<pre>\nhttp://your_ip:8761</pre>\n\n<p>首次登录会出现登录框：用户名：user 密码：password123</p>\n\n<p>如果我们看到下面四个服务都注册到eureka中，那说明启动成功</p>\n\n<p><img alt=\"image-20200209130259959\" src=\"file://C:/Users/Administrator/Desktop/LearningNotes/%E6%9D%82%E8%AE%B0/Docker%E6%90%AD%E5%BB%BA%E8%98%91%E8%8F%87%E5%8D%9A%E5%AE%A2(Eureka%E7%89%88)/images/image-20200209130259959.png?lastModify=1621486067\" /></p>\n\n<p>我们在通过访问下列swagger接口，测试接口是否正常</p>\n\n<pre>\nhttp://your_ip:8601/swagger-ui.html\nhttp://your_ip:8603/swagger-ui.html</pre>\n\n<p>如果能够进入下面页面的话，说明后台是没有问题的了，下面我们可以验证一下接口</p>\n\n<p><img alt=\"image-20200209130313977\" src=\"file://C:/Users/Administrator/Desktop/LearningNotes/%E6%9D%82%E8%AE%B0/Docker%E6%90%AD%E5%BB%BA%E8%98%91%E8%8F%87%E5%8D%9A%E5%AE%A2(Eureka%E7%89%88)/images/image-20200209130313977.png?lastModify=1621486067\" /></p>\n\n<p>验证登录</p>\n\n<p><img alt=\"image-20200209130324333\" src=\"file://C:/Users/Administrator/Desktop/LearningNotes/%E6%9D%82%E8%AE%B0/Docker%E6%90%AD%E5%BB%BA%E8%98%91%E8%8F%87%E5%8D%9A%E5%AE%A2(Eureka%E7%89%88)/images/image-20200209130324333.png?lastModify=1621486067\" /></p>\n\n<p>登录功能正常使用，我们把token复制到来，然后在swagger页面的右上角，有一个authorize的按钮，点击后，将token粘贴进去，即可操作全部接口进行测试了~</p>\n\n<p><img alt=\"image-20200209130336478\" src=\"file://C:/Users/Administrator/Desktop/LearningNotes/%E6%9D%82%E8%AE%B0/Docker%E6%90%AD%E5%BB%BA%E8%98%91%E8%8F%87%E5%8D%9A%E5%AE%A2(Eureka%E7%89%88)/images/image-20200209130336478.png?lastModify=1621486067\" /></p>\n\n<h2>修改前端项目配置</h2>\n\n<p>我们现在需要修改两个地方的配置，分别是：vue_mogu_admin 和 vue_mogu_web</p>\n\n<p>下面我们到 vue_mogu_web/config/目录下，修改prod.env.js文件</p>\n\n<p><img alt=\"image-20200209130347971\" src=\"file://C:/Users/Administrator/Desktop/LearningNotes/%E6%9D%82%E8%AE%B0/Docker%E6%90%AD%E5%BB%BA%E8%98%91%E8%8F%87%E5%8D%9A%E5%AE%A2(Eureka%E7%89%88)/images/image-20200209130347971.png?lastModify=1621486067\" /></p>\n\n<p>把里面的ip地址换成你主机的地址即可</p>\n\n<pre>\nWEB_API: &#39;&quot;http://your_ip:8603&quot;&#39;,\nPICTURE_HOST: &#39;&quot;http://your_ip:8600&quot;&#39;,</pre>\n\n<p>同理，在修改 vue_mogu_admin下的地址，把里面的ip地址，换成你服务器的ip即可</p>\n\n<p><img alt=\"image-20200209130403916\" src=\"file://C:/Users/Administrator/Desktop/LearningNotes/%E6%9D%82%E8%AE%B0/Docker%E6%90%AD%E5%BB%BA%E8%98%91%E8%8F%87%E5%8D%9A%E5%AE%A2(Eureka%E7%89%88)/images/image-20200209130403916.png?lastModify=1621486067\" /></p>\n\n<p>修改完成后，需要进行重新编译~ 打包~ 部署~</p>\n\n<p>我们首先在 vue_mogu_admin 目录下，执行下列命令进行打包（打包过程中.....可能会遇到一些语法规范错误，请无视~）</p>\n\n<pre>\n# 安装依赖\nnpm install --registry=https://registry.npm.taobao.org\n\n# 打包\nnpm run build</pre>\n\n<p>打包完成后，会生成一个dist目录，我们将整个dist目录，压缩成 zip格式</p>\n\n<p><img alt=\"image-20200209130425874\" src=\"file://C:/Users/Administrator/Desktop/LearningNotes/%E6%9D%82%E8%AE%B0/Docker%E6%90%AD%E5%BB%BA%E8%98%91%E8%8F%87%E5%8D%9A%E5%AE%A2(Eureka%E7%89%88)/images/image-20200209130425874.png?lastModify=1621486067\" /></p>\n\n<p>然后使用xftp工具，丢入到我们的前端目录下，目录在 /home/mogu_blog/vue_mogu_admin</p>\n\n<p><img alt=\"image-20200209130438506\" src=\"file://C:/Users/Administrator/Desktop/LearningNotes/%E6%9D%82%E8%AE%B0/Docker%E6%90%AD%E5%BB%BA%E8%98%91%E8%8F%87%E5%8D%9A%E5%AE%A2(Eureka%E7%89%88)/images/image-20200209130438506.png?lastModify=1621486067\" /></p>\n\n<p>注意：如果该文件夹下存在 dist文件夹，我们需要将其删除，然后在解压</p>\n\n<p>然后使用下面命令进行解压</p>\n\n<pre>\nunzip dist.zip</pre>\n\n<p>同理的操作，在执行一下上述操作，将vue_mogu_web项目也进行打包，部署到 /home/mogu_blog/vue_mogu_web目录下即可</p>\n\n<h2>访问蘑菇博客项目</h2>\n\n<h3>访问前端项目</h3>\n\n<p>例如： 192.168.1.101:9527</p>\n\n<p><img alt=\"image-20200209130524162\" src=\"file://C:/Users/Administrator/Desktop/LearningNotes/%E6%9D%82%E8%AE%B0/Docker%E6%90%AD%E5%BB%BA%E8%98%91%E8%8F%87%E5%8D%9A%E5%AE%A2(Eureka%E7%89%88)/images/image-20200209130524162.png?lastModify=1621486067\" /></p>\n\n<h3>访问后端项目</h3>\n\n<p>ip地址:9528 用户名和密码是： admin mogu2018</p>\n\n<p><img alt=\"image-20200209130547785\" src=\"file://C:/Users/Administrator/Desktop/LearningNotes/%E6%9D%82%E8%AE%B0/Docker%E6%90%AD%E5%BB%BA%E8%98%91%E8%8F%87%E5%8D%9A%E5%AE%A2(Eureka%E7%89%88)/images/image-20200209130547785.png?lastModify=1621486067\" /></p>\n\n<h2>总结：</h2>\n\n<p>好了，到目前为止，蘑菇博客已经搭建完成。当然小伙伴并不是拉取来就能直接用的， 如果ip地址不一样的话，是不能直接使用的，后面的话，需要拉取源码后，修改对应的配置信息后，然后在打包部署，才能够使用的。</p>\n','498323b36535b000042e3b0d802bc9a3',6,0,0,NULL,1,'2021-05-20 12:47:53','2021-06-10 08:11:49',NULL,'6795d72d4b27b24e02acb38723ccc5d6','1',0,0,1,NULL,1);

/*Table structure for table `t_question_tag` */

DROP TABLE IF EXISTS `t_question_tag`;

CREATE TABLE `t_question_tag` (
  `uid` varchar(32) NOT NULL COMMENT '唯一uid',
  `parent_uid` varchar(32) DEFAULT NULL COMMENT '父uid',
  `name` varchar(100) DEFAULT NULL COMMENT '标签名',
  `summary` varchar(1000) DEFAULT NULL COMMENT '标签简介',
  `status` tinyint unsigned NOT NULL DEFAULT '1' COMMENT '状态',
  `click_count` int DEFAULT '0' COMMENT '点击数',
  `create_time` timestamp NULL DEFAULT NULL COMMENT '创建时间',
  `update_time` timestamp NULL DEFAULT NULL COMMENT '更新时间',
  `sort` int DEFAULT '0' COMMENT '排序字段，越大越靠前',
  PRIMARY KEY (`uid`)
) ENGINE=InnoDB DEFAULT CHARSET=utf8 COMMENT='问答标签表';

/*Data for the table `t_question_tag` */

insert  into `t_question_tag`(`uid`,`parent_uid`,`name`,`summary`,`status`,`click_count`,`create_time`,`update_time`,`sort`) values ('004821a6b2f713e0268bb18de74a0ec8',NULL,'前端','前端',1,0,'2021-05-12 19:20:03','2021-05-12 19:20:03',0),('498323b36535b000042e3b0d802bc9a3',NULL,'后端','后端',1,0,'2021-05-12 19:20:08','2021-05-12 19:20:08',0),('75f56941c94683c584c10cba4fde9a13',NULL,'Java','Java',1,0,'2021-05-12 19:20:14','2021-05-12 19:20:14',0);

/*Table structure for table `t_question_template` */

DROP TABLE IF EXISTS `t_question_template`;

CREATE TABLE `t_question_template` (
  `uid` varchar(32) NOT NULL COMMENT '唯一uid',
  `name` varchar(200) DEFAULT NULL COMMENT '模板名称',
  `summary` varchar(200) DEFAULT NULL COMMENT '模板简介',
  `content` longtext COMMENT '模板内容',
  `status` tinyint unsigned NOT NULL DEFAULT '1' COMMENT '状态',
  `create_time` timestamp NULL DEFAULT NULL COMMENT '创建时间',
  `update_time` timestamp NULL DEFAULT NULL COMMENT '更新时间',
  `is_publish` varchar(1) DEFAULT '1' COMMENT '是否发布：0：否，1：是',
  `sort` int NOT NULL DEFAULT '0' COMMENT '排序字段',
  PRIMARY KEY (`uid`)
) ENGINE=InnoDB DEFAULT CHARSET=utf8 COMMENT='问答表';

/*Data for the table `t_question_template` */

insert  into `t_question_template`(`uid`,`name`,`summary`,`content`,`status`,`create_time`,`update_time`,`is_publish`,`sort`) values ('732b83c9661290b868142ac4f7f877ed','开发实战相关','开发实战相关','<h2>问题描述</h2>\n\n<p>&nbsp;</p>\n\n<h2>问题出现的环境背景及自己尝试过哪些方法</h2>\n\n<p>&nbsp;</p>\n\n<h2>相关代码</h2>\n\n<p>粘贴代码文本（请勿用截图）</p>\n\n<p>&nbsp;</p>\n\n<h2>你期待的结果是什么？实际看到的错误信息又是什么？</h2>\n',1,'2021-06-09 17:08:09','2021-06-09 18:47:05','1',0),('90a2b545283d8d564a1a990955e735b1','编程问题相关','编程问题相关','<h2>题目描述</h2>\n\n<p>&nbsp;</p>\n\n<h2>题目来源及自己的思路</h2>\n\n<p>&nbsp;</p>\n\n<h2>相关代码</h2>\n\n<p>粘贴代码文本（请勿用截图）</p>\n\n<p>&nbsp;</p>\n\n<h2>你期待的结果是什么？实际看到的错误信息又是什么？</h2>\n',1,'2021-06-09 18:53:14','2021-06-09 18:53:14','1',0),('c92dcaeda36b513c20e41218d6ad26c4','工具软件相关','工具软件相关','<h2>问题描述</h2>\n\n<p>&nbsp;</p>\n\n<h2>问题出现的平台版本及自己尝试过哪些方法</h2>\n\n<p>&nbsp;</p>\n\n<h2>相关代码</h2>\n\n<p>粘贴代码文本（请勿用截图）</p>\n\n<p>&nbsp;</p>\n\n<h2>你期待的结果是什么？实际看到的错误信息又是什么？</h2>\n',1,'2021-06-09 18:53:50','2021-06-09 18:53:50','1',0);

/*Table structure for table `t_report` */

DROP TABLE IF EXISTS `t_report`;

CREATE TABLE `t_report` (
  `uid` varchar(32) CHARACTER SET utf8mb4 COLLATE utf8mb4_0900_ai_ci NOT NULL COMMENT '主键',
  `report_type` varchar(50) CHARACTER SET utf8mb4 COLLATE utf8mb4_0900_ai_ci DEFAULT NULL COMMENT '分类（博客/问答/评论）',
  `report_user_uid` varchar(50) CHARACTER SET utf8mb4 COLLATE utf8mb4_0900_ai_ci DEFAULT NULL COMMENT '被举报人uid',
  `report_content_uid` varchar(50) CHARACTER SET utf8mb4 COLLATE utf8mb4_0900_ai_ci DEFAULT NULL COMMENT 'uid',
  `user_uid` varchar(50) CHARACTER SET utf8mb4 COLLATE utf8mb4_0900_ai_ci DEFAULT NULL COMMENT '举报人uid',
  `progress` tinyint unsigned NOT NULL DEFAULT '0' COMMENT '进展状态: 0 未处理   1: 已查看  2：已处理',
  `status` tinyint unsigned NOT NULL DEFAULT '1' COMMENT '状态  （0 删除  1正常）',
  `create_time` timestamp NULL DEFAULT NULL COMMENT '创建时间',
  `update_time` timestamp NULL DEFAULT NULL COMMENT '更新时间',
  `violation_type` varchar(255) CHARACTER SET utf8mb4 COLLATE utf8mb4_0900_ai_ci DEFAULT NULL COMMENT '违规类型',
  `content` varchar(255) CHARACTER SET utf8mb4 COLLATE utf8mb4_0900_ai_ci DEFAULT NULL COMMENT '举报内容',
  PRIMARY KEY (`uid`) USING BTREE,
  UNIQUE KEY `id` (`uid`) USING BTREE
) ENGINE=InnoDB DEFAULT CHARSET=utf8mb4 COLLATE=utf8mb4_0900_ai_ci ROW_FORMAT=DYNAMIC COMMENT='内容举报信息';

/*Data for the table `t_report` */

/*Table structure for table `t_resource_sort` */

DROP TABLE IF EXISTS `t_resource_sort`;

CREATE TABLE `t_resource_sort` (
  `uid` varchar(32) NOT NULL COMMENT '唯一uid',
  `file_uid` varchar(32) DEFAULT NULL COMMENT '分类图片uid',
  `sort_name` varchar(255) DEFAULT NULL COMMENT '分类名',
  `content` varchar(255) DEFAULT NULL COMMENT '分类介绍',
  `click_count` varchar(255) DEFAULT NULL COMMENT '点击数',
  `status` tinyint unsigned NOT NULL DEFAULT '1' COMMENT '状态',
  `create_time` timestamp NOT NULL DEFAULT '0000-00-00 00:00:00' COMMENT '创建时间',
  `update_time` timestamp NOT NULL DEFAULT '0000-00-00 00:00:00' COMMENT '更新时间',
  `parent_uid` varchar(32) DEFAULT NULL COMMENT '父UID',
  `sort` int DEFAULT '0' COMMENT '排序字段',
  PRIMARY KEY (`uid`)
) ENGINE=InnoDB DEFAULT CHARSET=utf8 COMMENT='资源分类表';

/*Data for the table `t_resource_sort` */

insert  into `t_resource_sort`(`uid`,`file_uid`,`sort_name`,`content`,`click_count`,`status`,`create_time`,`update_time`,`parent_uid`,`sort`) values ('6d00af642cbff05e3bf5ffcaeefa97cb','adeaf35fdcd2d36ed143d95bc02b1cc2','测试分类2','测试分类2',NULL,0,'2020-03-09 09:06:42','2020-03-09 09:06:42',NULL,0),('a442a4d5c4e07a9032af7de99f301de4','3e6d4c73afeb338ad5e9c2d5be0bea14','测试分类2','测试分类',NULL,1,'2020-03-09 09:21:21','2020-03-09 09:21:21',NULL,2),('cf2fa0b814489b81eec18f2e7f879f19','dd34fc59ff945ca781cd46c23f7d7b65','测试分类','测试分类',NULL,1,'2020-02-01 12:35:35','2020-02-01 12:35:35',NULL,1);

/*Table structure for table `t_role` */

DROP TABLE IF EXISTS `t_role`;

CREATE TABLE `t_role` (
  `uid` varchar(32) NOT NULL COMMENT '角色id',
  `role_name` varchar(255) NOT NULL COMMENT '角色名',
  `create_time` timestamp NOT NULL DEFAULT '0000-00-00 00:00:00' COMMENT '创建时间',
  `update_time` timestamp NOT NULL DEFAULT '0000-00-00 00:00:00' COMMENT '更新时间',
  `status` tinyint unsigned NOT NULL DEFAULT '1' COMMENT '状态',
  `summary` varchar(255) DEFAULT NULL COMMENT '角色介绍',
  `category_menu_uids` text COMMENT '角色管辖的菜单的UID',
  PRIMARY KEY (`uid`)
) ENGINE=InnoDB DEFAULT CHARSET=utf8;

/*Data for the table `t_role` */

insert  into `t_role`(`uid`,`role_name`,`create_time`,`update_time`,`status`,`summary`,`category_menu_uids`) values ('434994947c5a4ee3a710cd277357c7c3','超级管理员','2018-10-16 07:56:26','2021-06-13 11:07:04',1,'超级管理员，管理全部菜单和功能','[\"49b42250abcb47ff876bad699cf34f03\",\"1f01cd1d2f474743b241d74008b12333\",\"e5218b0b1cf016ae21eced4e47b628ac\",\"fe45ea293f75dc88b96cab96c218512a\",\"0cab1fcdcd01f394768e2e2674e56773\",\"16a75a3c38e71c1046b443b4b64dd930\",\"2b983c5439ac07f2cf07437ba9fff6be\",\"7ada0a7053be4ad4b31f6be64315d03a\",\"9db7ffbded9717f13a1a97fca46bc17c\",\"0a035547bbec404eb3ee0ef43312148d\",\"2a733ff390af9b44ecda4e8c4634d75d\",\"327d945daf4ddb71976c4ab3830e7c66\",\"6c8a8c50c77429fab210bd52ed8c50bb\",\"72d26cf940bf9dfb6bde0a590ff40882\",\"80ee135af885f02d52ecb67d5a05b173\",\"aef85c40b54320d7c5a9d78697e12910\",\"f87d2f9b4539abbade38583420dc8b89\",\"fbc30e4ae5bb33b39baca7bf6bd8ce99\",\"78ab104b123f4950af14d65798afb756\",\"6606b7e646d545e5a25c70b5e5fade9f\",\"2a733ff390af9b44ecda4e8c4634d75f\",\"327d945daf4ddb71976c4ab3830e7c6h\",\"6c8a8c50c77429fab210bd52ed8c50ba\",\"72d26cf940bf9dfb6bde0a590ff4088g\",\"80ee135af885f02d52ecb67d5a05b17b\",\"aef85c40b54320d7c5a9d78697e1291c\",\"f87d2f9b4539abbade38583420dc8b8e\",\"fbc30e4ae5bb33b39baca7bf6bd8ce9d\",\"7cb1a6b7462832bf831a18a28eea94cd\",\"237d410f90d0c70b894f87a87718d88c\",\"5bf9bd28d387ef923f2c5d11ec01fbbd\",\"86508603e6d78036db0bf9222946f68c\",\"bcfac78203944094040851cc0a9bb095\",\"da32aa8f92ae7fe7e7f445bf1028d2df\",\"ed535411a72bb5cdd62aade25ca6e9c9\",\"3e92f2fd6cf012d30bfae2d9cdb7092d\",\"a8bad1abec6c8fc8d4bce5a27829c878\",\"b21105b915a5b54588c2cd458a94d2d5\",\"ccc0dced06919403832647a871312f09\",\"e76ec0b7226985a414f035e2ecbd00b4\",\"fa1e85a9c7734d27df07bc730206bd1a\",\"1d9a5030142e9fd7690f554c20e3bc90\",\"f874529321a37e84f099488a4eaf5a0b\",\"badf0010422b432ba6ec9c83a25012ed\",\"78f24799307cb63bc3759413dadf4d1a\",\"587e2697fa4d85046feece8ab9d0706c\",\"f87d2f9b4539abbade38583420dc8byl\",\"fbc30e4ae5bb33b39baca7bf6bd8cezm\",\"2fb47d3b6dbd44279c8206740a263543\",\"f87d2f9b4539abbade38583420dc8bpl\",\"fbc30e4ae5bb33b39baca7bf6bd8ceom\",\"faccfe476b89483791c05019ad5b4906\",\"2a733ff390af9b44ecda4e8c4634dm8k\",\"f87d2f9b4539abbade38583420dc8l9l\",\"fbc30e4ae5bb33b39baca7bf6bd8ck0m\",\"c28f0b052e0b930299dd53de59cc32d7\",\"2a733ff390af9b44ecda4e8c4634dh8k\",\"327d945daf4ddb71976c4ab3830e7g7i\",\"f87d2f9b4539abbade38583420dc8i9l\",\"fbc30e4ae5bb33b39baca7bf6bd8cj0m\",\"9002d1ae905c4cb79c2a485333dad2f7\",\"2a733ff390af9b44ecda4e8c4634d78k\",\"327d945daf4ddb71976c4ab3830e7c7i\",\"aef85c40b54320d7c5a9d78697e1296n\",\"f87d2f9b4539abbade38583420dc8b9l\",\"fbc30e4ae5bb33b39baca7bf6bd8ce0m\",\"3eacc357e23b0b17e4f835c2f998ed34\",\"2496af227b283bc79d9261b73e3ea743\",\"25b3ea9639872aa730ad6147baf61641\",\"82962bbcdb674a3fdd57aec131114d56\",\"8b40ea466efc42f497c49c8a610c9c20\",\"c2a1218dd07747a57b055f184ddae217\",\"26bcccf0164bf84f12ab20448388d346\",\"62c91c47c4646661c045727f0a8eb9d4\",\"7be9dee2f91165d8562aaa80c7e5b936\",\"9e73a9b1de18e4f1cb19eca5e8cd321d\",\"ab1289c29b336dccda87a9fa8b711aa2\",\"e91945e49c5fdb207f996bc9668cd965\",\"062087bce19d00312b3787b6e24c21d1\",\"2a733ff390af9b44ecda4e8c4634d7ck\",\"327d945daf4ddb71976c4ab3830e7cdi\",\"f87d2f9b4539abbade38583420dc8bbl\",\"fbc30e4ae5bb33b39baca7bf6bd8ceam\",\"d3a19221259d439b916f475e43edb13d\",\"aa225cdae6464bc0acebd732192f8362\",\"2a733ff390af9b44ecda4e8c4634d73k\",\"327d945daf4ddb71976c4ab3830e7c4i\",\"aef85c40b54320d7c5a9d78697e1295n\",\"f87d2f9b4539abbade38583420dc8b2l\",\"fbc30e4ae5bb33b39baca7bf6bd8ce1m\",\"879cfcd4dfd3e5bc1bb6ea2c0f1f82c0\",\"5010ae46511e4c0b9f30d1c63ad3f0c1\",\"2a733ff390af9b44ecda4e8c4634d7uk\",\"327d945daf4ddb71976c4ab3830e7cvi\",\"f87d2f9b4539abbade38583420dc8btl\",\"fbc30e4ae5bb33b39baca7bf6bd8cesm\",\"2de247af3b0a459095e937d7ab9f5864\",\"2a733ff390af9b44ecda4e8c4634d7lk\",\"327d945daf4ddb71976c4ab3830e7cmi\",\"72d26cf940bf9dfb6bde0a590ff408nj\",\"f87d2f9b4539abbade38583420dc8bkl\",\"fbc30e4ae5bb33b39baca7bf6bd8cejm\",\"f4697cdf85920369179b90ff45a5982d\",\"f3a559635f9d46ee3356d072f5896fcb\",\"672b093002b618293befd8e1a164e4cc\",\"407a263eb12eff5aac31e9f62901cea0\",\"34c1b7b1bd3118979fe1f9f9a1147fa5\",\"c519725da92b42f3acf0cc9fad58c664\",\"fb4237a353d0418ab42c748b7c1d64c6\",\"065cda845549289b2afcd0129d87c2c0\",\"2a733ff390af9b44ecda4e8c4634d75t\",\"72d26cf940bf9dfb6bde0a590ff4088s\",\"f87d2f9b4539abbade38583420dc8b8r\",\"fbc30e4ae5bb33b39baca7bf6bd8ce9q\",\"b511cae571834971a392ae4779270034\",\"0ef5e85a09b8987a2a723b40a9f77160\",\"94d5a5438d972e7661d3f6e262cf9773\",\"01704cae6dd21267e1a57089a53cf455\",\"758a05100a203f73ea6f1861ed155828\",\"ba92c0532a96dfac964f91eec16c10e3\",\"da6f0cc43343ee9f8a741b700b67fcaf\",\"f59f750fe16aac77e7435367bc95e2ba\",\"3218dc3afad673f411baf774e22f3deb\",\"287ba89d9609e9f36ec60835a7dddfc7\",\"4e3bf287105637b86e27d8b4fd4e5f42\",\"8f61d6c126c299016e8165629832ec05\",\"b0b7373219566e42618ee6269123bced\",\"f7913b2aae2b9c0dc3268a374036826e\",\"2cfdc779041f420b309c4da77ec0c7db\",\"14df8d2b303589f0797cab35ebe3ae4b\",\"b6d9fcb52c1513b78187c025384e2ad5\",\"d1e93bf542e130c221f3b29ff5507ae3\",\"f8d4b1a29db0086a1465e745f78dc489\",\"98b82be8785e41dc939b6a5517fdfa53\",\"a5902692a3ed4fd794895bf634f97b8e\",\"fbc30e4ae5bb33b39baca7bf6bd8celm\",\"9e91b4f993c946cba4bf720b2c1b2e90\",\"fbc30e4ae5bb33b39baca7bf6bd8cemm\",\"4337f63d13d84b9aba64b9d7a69fd066\",\"fbc30e4ae5bb33b39baca7bf6bd8cekm\",\"bcf4a9bc21c14b559bcb015fb7912266\",\"9beb7caa2c844b36a02789262dc76fbe\",\"fbc30e4ae5bb33b39baca7bf6bd8ce9m\",\"2a733ff390af9b44ecda4e8c4634d75k\",\"327d945daf4ddb71976c4ab3830e7c6i\",\"72d26cf940bf9dfb6bde0a590ff4088j\",\"f87d2f9b4539abbade38583420dc8b8l\",\"6228ff4e9ebd42c89599b322201a0345\",\"9c91231f1682aabd765225a7e503bb43\",\"f87d2f9b4539abbade38583420dc8bxl\",\"fbc30e4ae5bb33b39baca7bf6bd8cewm\",\"baace3dc03d34c54b81761dce8243814\",\"af0e753d3ea0adf5cd8cf1dd55f162c2\",\"f9276eb8e3274c8aa05577c86e4dc8c1\",\"e4a482c089d04a30b6ecbaadb81b70f8\",\"d4d92c53d3614d00865e9219b8292a90\",\"acbb5d09da25e6c9e019cc361b35d159\",\"65e22f3d36d94bcea47478aba02895a1\",\"4dea9c4f39d2480983e8c4333d35e036\",\"2a733ff390af9b44ecda4e8c4634d7pk\",\"327d945daf4ddb71976c4ab3830e7cqi\",\"aef85c40b54320d7c5a9d78697e129rn\",\"f87d2f9b4539abbade38583420dc8bol\",\"fbc30e4ae5bb33b39baca7bf6bd8cenm\",\"1cc493d36e17fad535f2bf70242162b0\",\"2a733ff390af9b44ecda4e8c4634d7gk\",\"327d945daf4ddb71976c4ab3830e7cfi\",\"72d26cf940bf9dfb6bde0a590ff408ej\",\"f87d2f9b4539abbade38583420dc8bhl\",\"fbc30e4ae5bb33b39baca7bf6bd8ceim\",\"510483ce569b4fc88299f346147b1314\",\"e1e54aea65cc22d9f8a4c74ce8d23749\",\"4062db4658392e71c177758bb51bb4cb\",\"5ef38a4f70c6d859155528776a30cda7\",\"688beda820a236b50f18ccdd5dc9fee9\",\"94bee9c48a4611c96b89112b845c7f28\",\"baa21ccb45ee133b064187185edb2ac0\",\"ffc6e9ca2cc243febf6d2f476b849163\",\"2a733ff390af9b44ecda4e8c4634dh8c\",\"327d945daf4ddb71976c4ab3830e7g7d\",\"f87d2f9b4539abbade38583420dc8i9b\",\"fbc30e4ae5bb33b39baca7bf6bd8cj0a\",\"9449ce5dd5e24b21a9d15f806cb36e87\",\"2a733ff390af9b44ecda4e8c4634db8k\",\"327d945daf4ddb71976c4ab3830e7d7i\",\"aef85c40b54320d7c5a9d78697e12e6n\",\"f87d2f9b4539abbade38583420dc8c9l\",\"fbc30e4ae5bb33b39baca7bf6bd8ca0m\",\"147cd431cbb9007bde87444d7987b151\",\"a0c40ddd3fe15bb3f2edf9ec242a1511\",\"14bcfc15d02f0d568adf2d383c0342d8\",\"bfcb9b002c3de18f269189c573b985f8\",\"2d5cd8a387fc2d010c245acd65fefd3b\",\"99f5d4233d446a809b9937961c590766\",\"a9396f1a3fbdec3d4cb614f388a22bea\",\"152216a4fd9b995aa20bfa1eec6312c2\",\"238352fc7e86340c339b9a575b1b7086\",\"cbd7ba11c1b38c66b569405ed9185f35\",\"505b4769b77617a314a3ed78e4acdff7\",\"93f7fd9a6e81735c47649e6b36042b5d\",\"bfc9463e59a3ca250dcfc1c86627e034\",\"2a733ff390af9b44ecda4e8c4634d75u\",\"02ea2f9ef5d44f559fb66189b05f6769\",\"2a733ff390af9b44ecda4e8c4634d75v\",\"3108a88dcf22633e991c9569d22a8f8d\",\"0850ea1f2db145275c5b7e77cc85c20a\",\"4fe7725159ced4a238b816a4595109d1\",\"6275bc5189e2e595b621d744d68278af\",\"1dd262b88b63e8f6bd9a6ca72ed0622c\",\"21a411858fc22b5feb4c44fcad00e529\",\"aa6c5d513421aa50cac1ee9ec647d100\",\"b7fc36f7efc9738bddc9b09fedeccf60\",\"ffe445828071ce87a851ad58100f1340\"]'),('434994947c5a4ee3a710cd277357c7c4','文章管理员','2018-10-15 07:56:21','2020-10-07 15:23:29',0,'管理文章','[\"49b42250abcb47ff876bad699cf34f03\",\"1f01cd1d2f474743b241d74008b12333\",\"fe45ea293f75dc88b96cab96c218512a\",\"e5218b0b1cf016ae21eced4e47b628ac\",\"0cab1fcdcd01f394768e2e2674e56773\",\"16a75a3c38e71c1046b443b4b64dd930\",\"2b983c5439ac07f2cf07437ba9fff6be\",\"7ada0a7053be4ad4b31f6be64315d03a\",\"0a035547bbec404eb3ee0ef43312148d\",\"2a733ff390af9b44ecda4e8c4634d75d\",\"327d945daf4ddb71976c4ab3830e7c66\",\"6c8a8c50c77429fab210bd52ed8c50bb\",\"72d26cf940bf9dfb6bde0a590ff40882\",\"80ee135af885f02d52ecb67d5a05b173\",\"aef85c40b54320d7c5a9d78697e12910\",\"f87d2f9b4539abbade38583420dc8b89\",\"fbc30e4ae5bb33b39baca7bf6bd8ce99\",\"78ab104b123f4950af14d65798afb756\",\"6606b7e646d545e5a25c70b5e5fade9f\",\"2a733ff390af9b44ecda4e8c4634d75f\",\"327d945daf4ddb71976c4ab3830e7c6h\",\"6c8a8c50c77429fab210bd52ed8c50ba\",\"72d26cf940bf9dfb6bde0a590ff4088g\",\"80ee135af885f02d52ecb67d5a05b17b\",\"aef85c40b54320d7c5a9d78697e1291c\",\"f87d2f9b4539abbade38583420dc8b8e\",\"fbc30e4ae5bb33b39baca7bf6bd8ce9d\",\"1d9a5030142e9fd7690f554c20e3bc90\",\"bcf4a9bc21c14b559bcb015fb7912266\",\"9beb7caa2c844b36a02789262dc76fbe\",\"fbc30e4ae5bb33b39baca7bf6bd8ce9m\",\"2a733ff390af9b44ecda4e8c4634d75k\",\"327d945daf4ddb71976c4ab3830e7c6i\",\"72d26cf940bf9dfb6bde0a590ff4088j\",\"f87d2f9b4539abbade38583420dc8b8l\",\"6228ff4e9ebd42c89599b322201a0345\",\"9c91231f1682aabd765225a7e503bb43\",\"f87d2f9b4539abbade38583420dc8bxl\",\"fbc30e4ae5bb33b39baca7bf6bd8cewm\",\"fbc30e4ae5bb33b39baca7bf6bd8ceim\"]'),('ad92f1639508ca405728f4981770793b','演示角色','2020-03-22 08:24:29','2021-06-09 08:32:36',1,'具备所有的查询权限和部分操作权限','[\"e5218b0b1cf016ae21eced4e47b628ac\",\"fe45ea293f75dc88b96cab96c218512a\",\"0cab1fcdcd01f394768e2e2674e56773\",\"2b983c5439ac07f2cf07437ba9fff6be\",\"7ada0a7053be4ad4b31f6be64315d03a\",\"9db7ffbded9717f13a1a97fca46bc17c\",\"0a035547bbec404eb3ee0ef43312148d\",\"2a733ff390af9b44ecda4e8c4634d75d\",\"327d945daf4ddb71976c4ab3830e7c66\",\"6c8a8c50c77429fab210bd52ed8c50bb\",\"72d26cf940bf9dfb6bde0a590ff40882\",\"80ee135af885f02d52ecb67d5a05b173\",\"aef85c40b54320d7c5a9d78697e12910\",\"f87d2f9b4539abbade38583420dc8b89\",\"fbc30e4ae5bb33b39baca7bf6bd8ce99\",\"6606b7e646d545e5a25c70b5e5fade9f\",\"2a733ff390af9b44ecda4e8c4634d75f\",\"327d945daf4ddb71976c4ab3830e7c6h\",\"6c8a8c50c77429fab210bd52ed8c50ba\",\"72d26cf940bf9dfb6bde0a590ff4088g\",\"80ee135af885f02d52ecb67d5a05b17b\",\"aef85c40b54320d7c5a9d78697e1291c\",\"f87d2f9b4539abbade38583420dc8b8e\",\"fbc30e4ae5bb33b39baca7bf6bd8ce9d\",\"7cb1a6b7462832bf831a18a28eea94cd\",\"237d410f90d0c70b894f87a87718d88c\",\"5bf9bd28d387ef923f2c5d11ec01fbbd\",\"86508603e6d78036db0bf9222946f68c\",\"bcfac78203944094040851cc0a9bb095\",\"da32aa8f92ae7fe7e7f445bf1028d2df\",\"ed535411a72bb5cdd62aade25ca6e9c9\",\"3e92f2fd6cf012d30bfae2d9cdb7092d\",\"a8bad1abec6c8fc8d4bce5a27829c878\",\"b21105b915a5b54588c2cd458a94d2d5\",\"ccc0dced06919403832647a871312f09\",\"e76ec0b7226985a414f035e2ecbd00b4\",\"fa1e85a9c7734d27df07bc730206bd1a\",\"1d9a5030142e9fd7690f554c20e3bc90\",\"f874529321a37e84f099488a4eaf5a0b\",\"fbc30e4ae5bb33b39baca7bf6bd8cezm\",\"fbc30e4ae5bb33b39baca7bf6bd8ceom\",\"fbc30e4ae5bb33b39baca7bf6bd8ck0m\",\"fbc30e4ae5bb33b39baca7bf6bd8cj0m\",\"9002d1ae905c4cb79c2a485333dad2f7\",\"2a733ff390af9b44ecda4e8c4634d78k\",\"327d945daf4ddb71976c4ab3830e7c7i\",\"aef85c40b54320d7c5a9d78697e1296n\",\"f87d2f9b4539abbade38583420dc8b9l\",\"fbc30e4ae5bb33b39baca7bf6bd8ce0m\",\"c2a1218dd07747a57b055f184ddae217\",\"62c91c47c4646661c045727f0a8eb9d4\",\"fbc30e4ae5bb33b39baca7bf6bd8ceam\",\"fbc30e4ae5bb33b39baca7bf6bd8ce1m\",\"879cfcd4dfd3e5bc1bb6ea2c0f1f82c0\",\"fbc30e4ae5bb33b39baca7bf6bd8cesm\",\"fbc30e4ae5bb33b39baca7bf6bd8cejm\",\"f4697cdf85920369179b90ff45a5982d\",\"f3a559635f9d46ee3356d072f5896fcb\",\"672b093002b618293befd8e1a164e4cc\",\"407a263eb12eff5aac31e9f62901cea0\",\"34c1b7b1bd3118979fe1f9f9a1147fa5\",\"fbc30e4ae5bb33b39baca7bf6bd8ce9q\",\"b511cae571834971a392ae4779270034\",\"0ef5e85a09b8987a2a723b40a9f77160\",\"94d5a5438d972e7661d3f6e262cf9773\",\"01704cae6dd21267e1a57089a53cf455\",\"758a05100a203f73ea6f1861ed155828\",\"ba92c0532a96dfac964f91eec16c10e3\",\"da6f0cc43343ee9f8a741b700b67fcaf\",\"f59f750fe16aac77e7435367bc95e2ba\",\"3218dc3afad673f411baf774e22f3deb\",\"287ba89d9609e9f36ec60835a7dddfc7\",\"4e3bf287105637b86e27d8b4fd4e5f42\",\"8f61d6c126c299016e8165629832ec05\",\"b0b7373219566e42618ee6269123bced\",\"f7913b2aae2b9c0dc3268a374036826e\",\"2cfdc779041f420b309c4da77ec0c7db\",\"98b82be8785e41dc939b6a5517fdfa53\",\"a5902692a3ed4fd794895bf634f97b8e\",\"fbc30e4ae5bb33b39baca7bf6bd8celm\",\"9e91b4f993c946cba4bf720b2c1b2e90\",\"fbc30e4ae5bb33b39baca7bf6bd8cemm\",\"4337f63d13d84b9aba64b9d7a69fd066\",\"fbc30e4ae5bb33b39baca7bf6bd8cekm\",\"fbc30e4ae5bb33b39baca7bf6bd8ce9m\",\"fbc30e4ae5bb33b39baca7bf6bd8cewm\",\"baace3dc03d34c54b81761dce8243814\",\"af0e753d3ea0adf5cd8cf1dd55f162c2\",\"f9276eb8e3274c8aa05577c86e4dc8c1\",\"e4a482c089d04a30b6ecbaadb81b70f8\",\"d4d92c53d3614d00865e9219b8292a90\",\"acbb5d09da25e6c9e019cc361b35d159\",\"fbc30e4ae5bb33b39baca7bf6bd8cenm\",\"fbc30e4ae5bb33b39baca7bf6bd8ceim\",\"510483ce569b4fc88299f346147b1314\",\"e1e54aea65cc22d9f8a4c74ce8d23749\",\"4062db4658392e71c177758bb51bb4cb\",\"5ef38a4f70c6d859155528776a30cda7\",\"688beda820a236b50f18ccdd5dc9fee9\",\"94bee9c48a4611c96b89112b845c7f28\",\"baa21ccb45ee133b064187185edb2ac0\",\"ffc6e9ca2cc243febf6d2f476b849163\",\"2a733ff390af9b44ecda4e8c4634dh8c\",\"327d945daf4ddb71976c4ab3830e7g7d\",\"f87d2f9b4539abbade38583420dc8i9b\",\"fbc30e4ae5bb33b39baca7bf6bd8cj0a\",\"9449ce5dd5e24b21a9d15f806cb36e87\",\"2a733ff390af9b44ecda4e8c4634db8k\",\"327d945daf4ddb71976c4ab3830e7d7i\",\"aef85c40b54320d7c5a9d78697e12e6n\",\"f87d2f9b4539abbade38583420dc8c9l\",\"fbc30e4ae5bb33b39baca7bf6bd8ca0m\",\"147cd431cbb9007bde87444d7987b151\",\"a0c40ddd3fe15bb3f2edf9ec242a1511\",\"14bcfc15d02f0d568adf2d383c0342d8\",\"bfcb9b002c3de18f269189c573b985f8\",\"2d5cd8a387fc2d010c245acd65fefd3b\",\"99f5d4233d446a809b9937961c590766\",\"a9396f1a3fbdec3d4cb614f388a22bea\",\"152216a4fd9b995aa20bfa1eec6312c2\",\"238352fc7e86340c339b9a575b1b7086\",\"cbd7ba11c1b38c66b569405ed9185f35\",\"505b4769b77617a314a3ed78e4acdff7\",\"93f7fd9a6e81735c47649e6b36042b5d\",\"bfc9463e59a3ca250dcfc1c86627e034\",\"2a733ff390af9b44ecda4e8c4634d75u\",\"02ea2f9ef5d44f559fb66189b05f6769\",\"2a733ff390af9b44ecda4e8c4634d75v\",\"3108a88dcf22633e991c9569d22a8f8d\",\"0850ea1f2db145275c5b7e77cc85c20a\",\"4fe7725159ced4a238b816a4595109d1\",\"6275bc5189e2e595b621d744d68278af\",\"1dd262b88b63e8f6bd9a6ca72ed0622c\",\"21a411858fc22b5feb4c44fcad00e529\",\"aa6c5d513421aa50cac1ee9ec647d100\",\"b7fc36f7efc9738bddc9b09fedeccf60\",\"ffe445828071ce87a851ad58100f1340\"]'),('d105da79260f4d6a8a03571e4a2b17bc','一般管理员','2019-05-29 00:43:26','2020-10-07 15:23:07',1,'一般管理员','[\"49b42250abcb47ff876bad699cf34f03\",\"1f01cd1d2f474743b241d74008b12333\",\"fe45ea293f75dc88b96cab96c218512a\",\"0cab1fcdcd01f394768e2e2674e56773\",\"e5218b0b1cf016ae21eced4e47b628ac\",\"16a75a3c38e71c1046b443b4b64dd930\",\"2b983c5439ac07f2cf07437ba9fff6be\",\"7ada0a7053be4ad4b31f6be64315d03a\",\"9db7ffbded9717f13a1a97fca46bc17c\",\"0a035547bbec404eb3ee0ef43312148d\",\"2a733ff390af9b44ecda4e8c4634d75d\",\"327d945daf4ddb71976c4ab3830e7c66\",\"6c8a8c50c77429fab210bd52ed8c50bb\",\"72d26cf940bf9dfb6bde0a590ff40882\",\"80ee135af885f02d52ecb67d5a05b173\",\"aef85c40b54320d7c5a9d78697e12910\",\"f87d2f9b4539abbade38583420dc8b89\",\"fbc30e4ae5bb33b39baca7bf6bd8ce99\",\"78ab104b123f4950af14d65798afb756\",\"6606b7e646d545e5a25c70b5e5fade9f\",\"2a733ff390af9b44ecda4e8c4634d75f\",\"327d945daf4ddb71976c4ab3830e7c6h\",\"6c8a8c50c77429fab210bd52ed8c50ba\",\"72d26cf940bf9dfb6bde0a590ff4088g\",\"80ee135af885f02d52ecb67d5a05b17b\",\"aef85c40b54320d7c5a9d78697e1291c\",\"f87d2f9b4539abbade38583420dc8b8e\",\"fbc30e4ae5bb33b39baca7bf6bd8ce9d\",\"7cb1a6b7462832bf831a18a28eea94cd\",\"237d410f90d0c70b894f87a87718d88c\",\"86508603e6d78036db0bf9222946f68c\",\"bcfac78203944094040851cc0a9bb095\",\"da32aa8f92ae7fe7e7f445bf1028d2df\",\"ed535411a72bb5cdd62aade25ca6e9c9\",\"3e92f2fd6cf012d30bfae2d9cdb7092d\",\"a8bad1abec6c8fc8d4bce5a27829c878\",\"b21105b915a5b54588c2cd458a94d2d5\",\"ccc0dced06919403832647a871312f09\",\"e76ec0b7226985a414f035e2ecbd00b4\",\"fa1e85a9c7734d27df07bc730206bd1a\",\"1d9a5030142e9fd7690f554c20e3bc90\",\"f874529321a37e84f099488a4eaf5a0b\",\"badf0010422b432ba6ec9c83a25012ed\",\"78f24799307cb63bc3759413dadf4d1a\",\"587e2697fa4d85046feece8ab9d0706c\",\"f87d2f9b4539abbade38583420dc8byl\",\"fbc30e4ae5bb33b39baca7bf6bd8cezm\",\"2fb47d3b6dbd44279c8206740a263543\",\"f87d2f9b4539abbade38583420dc8bpl\",\"fbc30e4ae5bb33b39baca7bf6bd8ceom\",\"faccfe476b89483791c05019ad5b4906\",\"2a733ff390af9b44ecda4e8c4634dm8k\",\"f87d2f9b4539abbade38583420dc8l9l\",\"fbc30e4ae5bb33b39baca7bf6bd8ck0m\",\"c28f0b052e0b930299dd53de59cc32d7\",\"2a733ff390af9b44ecda4e8c4634dh8k\",\"327d945daf4ddb71976c4ab3830e7g7i\",\"f87d2f9b4539abbade38583420dc8i9l\",\"fbc30e4ae5bb33b39baca7bf6bd8cj0m\",\"9002d1ae905c4cb79c2a485333dad2f7\",\"2a733ff390af9b44ecda4e8c4634d78k\",\"327d945daf4ddb71976c4ab3830e7c7i\",\"aef85c40b54320d7c5a9d78697e1296n\",\"f87d2f9b4539abbade38583420dc8b9l\",\"fbc30e4ae5bb33b39baca7bf6bd8ce0m\",\"3eacc357e23b0b17e4f835c2f998ed34\",\"2496af227b283bc79d9261b73e3ea743\",\"25b3ea9639872aa730ad6147baf61641\",\"82962bbcdb674a3fdd57aec131114d56\",\"8b40ea466efc42f497c49c8a610c9c20\",\"c2a1218dd07747a57b055f184ddae217\",\"26bcccf0164bf84f12ab20448388d346\",\"62c91c47c4646661c045727f0a8eb9d4\",\"7be9dee2f91165d8562aaa80c7e5b936\",\"9e73a9b1de18e4f1cb19eca5e8cd321d\",\"ab1289c29b336dccda87a9fa8b711aa2\",\"e91945e49c5fdb207f996bc9668cd965\",\"062087bce19d00312b3787b6e24c21d1\",\"2a733ff390af9b44ecda4e8c4634d7ck\",\"327d945daf4ddb71976c4ab3830e7cdi\",\"f87d2f9b4539abbade38583420dc8bbl\",\"fbc30e4ae5bb33b39baca7bf6bd8ceam\",\"c519725da92b42f3acf0cc9fad58c664\",\"fb4237a353d0418ab42c748b7c1d64c6\",\"065cda845549289b2afcd0129d87c2c0\",\"2a733ff390af9b44ecda4e8c4634d75t\",\"72d26cf940bf9dfb6bde0a590ff4088s\",\"f87d2f9b4539abbade38583420dc8b8r\",\"fbc30e4ae5bb33b39baca7bf6bd8ce9q\",\"b511cae571834971a392ae4779270034\",\"98b82be8785e41dc939b6a5517fdfa53\",\"a5902692a3ed4fd794895bf634f97b8e\",\"fbc30e4ae5bb33b39baca7bf6bd8celm\",\"9e91b4f993c946cba4bf720b2c1b2e90\",\"fbc30e4ae5bb33b39baca7bf6bd8cemm\",\"4337f63d13d84b9aba64b9d7a69fd066\",\"fbc30e4ae5bb33b39baca7bf6bd8cekm\",\"bcf4a9bc21c14b559bcb015fb7912266\",\"9beb7caa2c844b36a02789262dc76fbe\",\"fbc30e4ae5bb33b39baca7bf6bd8ce9m\",\"2a733ff390af9b44ecda4e8c4634d75k\",\"327d945daf4ddb71976c4ab3830e7c6i\",\"72d26cf940bf9dfb6bde0a590ff4088j\",\"f87d2f9b4539abbade38583420dc8b8l\",\"6228ff4e9ebd42c89599b322201a0345\",\"9c91231f1682aabd765225a7e503bb43\",\"f87d2f9b4539abbade38583420dc8bxl\",\"fbc30e4ae5bb33b39baca7bf6bd8cewm\",\"baace3dc03d34c54b81761dce8243814\",\"f9276eb8e3274c8aa05577c86e4dc8c1\",\"e4a482c089d04a30b6ecbaadb81b70f8\",\"d4d92c53d3614d00865e9219b8292a90\",\"acbb5d09da25e6c9e019cc361b35d159\",\"65e22f3d36d94bcea47478aba02895a1\",\"4dea9c4f39d2480983e8c4333d35e036\",\"2a733ff390af9b44ecda4e8c4634d7pk\",\"327d945daf4ddb71976c4ab3830e7cqi\",\"aef85c40b54320d7c5a9d78697e129rn\",\"f87d2f9b4539abbade38583420dc8bol\",\"fbc30e4ae5bb33b39baca7bf6bd8cenm\",\"1cc493d36e17fad535f2bf70242162b0\",\"2a733ff390af9b44ecda4e8c4634d7gk\",\"327d945daf4ddb71976c4ab3830e7cfi\",\"72d26cf940bf9dfb6bde0a590ff408ej\",\"f87d2f9b4539abbade38583420dc8bhl\",\"fbc30e4ae5bb33b39baca7bf6bd8ceim\",\"99f5d4233d446a809b9937961c590766\",\"02ea2f9ef5d44f559fb66189b05f6769\",\"2a733ff390af9b44ecda4e8c4634d75v\"]');

/*Table structure for table `t_sign_in` */

DROP TABLE IF EXISTS `t_sign_in`;

CREATE TABLE `t_sign_in` (
  `uid` varchar(32) NOT NULL COMMENT '唯一uid',
  `user_uid` varchar(32) DEFAULT NULL COMMENT '用户uid',
  `latest_sign_date` varchar(32) DEFAULT NULL COMMENT '最近的签到时间',
  `consecutive_sign_count` int DEFAULT '0' COMMENT '连续签到次数',
  `status` tinyint unsigned NOT NULL DEFAULT '1' COMMENT '状态',
  `create_time` timestamp NULL DEFAULT NULL COMMENT '创建时间',
  `update_time` timestamp NULL DEFAULT NULL COMMENT '更新时间',
  PRIMARY KEY (`uid`)
) ENGINE=InnoDB DEFAULT CHARSET=utf8 COMMENT='用户签到表';

/*Data for the table `t_sign_in` */

insert  into `t_sign_in`(`uid`,`user_uid`,`latest_sign_date`,`consecutive_sign_count`,`status`,`create_time`,`update_time`) values ('2818fcbbebbd6baeab42242dfa9637a2','42f5053b1dfb317ac679d3d050a6f19e','20211218',1,1,'2021-12-18 19:34:15','2021-12-18 19:34:15');

/*Table structure for table `t_study_video` */

DROP TABLE IF EXISTS `t_study_video`;

CREATE TABLE `t_study_video` (
  `uid` varchar(32) NOT NULL COMMENT '唯一uid',
  `file_uid` varchar(32) DEFAULT NULL COMMENT '视频封面图片uid',
  `resource_sort_uid` varchar(255) DEFAULT NULL COMMENT '资源分类UID',
  `name` varchar(255) DEFAULT NULL COMMENT '视频名称',
  `summary` varchar(255) DEFAULT NULL COMMENT '视频简介',
  `content` varchar(255) DEFAULT NULL COMMENT '分类介绍',
  `baidu_path` varchar(255) DEFAULT NULL COMMENT '百度云完整路径',
  `click_count` varchar(255) DEFAULT NULL COMMENT '点击数',
  `status` tinyint unsigned NOT NULL DEFAULT '1' COMMENT '状态',
  `create_time` timestamp NOT NULL DEFAULT '0000-00-00 00:00:00' COMMENT '创建时间',
  `update_time` timestamp NOT NULL DEFAULT '0000-00-00 00:00:00' COMMENT '更新时间',
  `parent_uid` varchar(32) DEFAULT NULL,
  PRIMARY KEY (`uid`)
) ENGINE=InnoDB DEFAULT CHARSET=utf8 COMMENT='学习视频表';

/*Data for the table `t_study_video` */

insert  into `t_study_video`(`uid`,`file_uid`,`resource_sort_uid`,`name`,`summary`,`content`,`baidu_path`,`click_count`,`status`,`create_time`,`update_time`,`parent_uid`) values ('b396e08946a3571ab5de04dae522f255','dd34fc59ff945ca781cd46c23f7d7b65','cf2fa0b814489b81eec18f2e7f879f19','测试','测试','<p>测试</p>\n','测试','0',0,'2020-02-01 12:37:28','2020-10-29 09:18:06',NULL);

/*Table structure for table `t_subject` */

DROP TABLE IF EXISTS `t_subject`;

CREATE TABLE `t_subject` (
  `uid` varchar(32) NOT NULL COMMENT '主键',
  `subject_name` varchar(255) DEFAULT NULL COMMENT '专题名称',
  `summary` varchar(255) DEFAULT NULL COMMENT '简介',
  `file_uid` varchar(32) DEFAULT NULL COMMENT '封面图片UID',
  `click_count` int NOT NULL DEFAULT '0' COMMENT '专题点击数',
  `collect_count` int NOT NULL DEFAULT '0' COMMENT '专题收藏数',
  `status` tinyint(1) DEFAULT '1' COMMENT '状态',
  `sort` int NOT NULL DEFAULT '0' COMMENT '排序字段',
  `create_time` timestamp NOT NULL DEFAULT '0000-00-00 00:00:00' COMMENT '创建时间',
  `update_time` timestamp NOT NULL DEFAULT '0000-00-00 00:00:00' COMMENT '更新时间',
  PRIMARY KEY (`uid`)
) ENGINE=InnoDB DEFAULT CHARSET=utf8 COMMENT='专题表';

/*Data for the table `t_subject` */

insert  into `t_subject`(`uid`,`subject_name`,`summary`,`file_uid`,`click_count`,`collect_count`,`status`,`sort`,`create_time`,`update_time`) values ('026b7d3453ff74d3d6a31a10abc39a48','Java学习笔记','测试简介','0a5331caf040ea332dfedcf3287935dc',0,0,1,0,'2020-08-23 08:59:17','2021-05-17 16:12:57'),('0ff36c7fdd46585836d117b883c240ea','陌溪教你学编程~','陌溪教你学编程~','baafaa7ec7e1677ffe6bedacbbbd8ee9',0,0,1,3,'2021-09-04 08:17:10','2021-09-04 08:18:21'),('136b547482b8734840cfaacb639e2496','专题管理15','专题管理15','76b93ea63169cddb8f269a30021902bc',0,0,1,0,'2020-08-23 15:57:20','2021-05-17 16:13:03'),('13e64cddf5efc221dfba1986cd049ad8','专题管理11','专题管理11','0a5331caf040ea332dfedcf3287935dc',0,0,1,0,'2020-08-23 15:55:58','2021-05-17 16:13:08'),('199b78b4bbf7c8d6bab290f1e30e3507','专题4介绍','专题4介绍','76b93ea63169cddb8f269a30021902bc',0,0,1,0,'2020-08-31 08:25:17','2021-05-17 16:13:13'),('1a520cc46876d0e47c4af403f5ff318b','专题管理6','专题管理6','0a5331caf040ea332dfedcf3287935dc',0,0,1,0,'2020-08-23 15:54:39','2021-05-17 16:13:20'),('1c71beeab364d1dfdf7f0cf5edafb0c5','专题管理5','专题管理5','f58d18eac69fc82f6a179c4f63717ffa',0,0,0,0,'2020-08-23 15:54:28','2021-05-17 16:13:32'),('21315371525ad12a991922329f205d5b','专题管理10','专题管理10','eb7801d1f8929420262a9a072a257099',0,0,0,0,'2020-08-23 15:55:47','2021-05-17 16:13:32'),('34bdc099224854aa3b9df4ffe56100fe','专题管理18','专题管理18','0051cb722bb1bd89e1ec57b5f970c287',0,0,0,0,'2020-08-23 15:58:06','2021-05-17 16:13:32'),('4488ba98b5ace6a837a1ecc244b6a2df','测试专题2','测试专题2','6d1c017a7a980c6f6852cb5a992424b5',0,0,0,0,'2020-08-23 15:37:59','2021-05-17 16:13:32'),('448f45e5432689ba706587aa759125d6','专题管理3','专题管理3','11a0ca657864b7e89b7262f22247274e',0,0,0,0,'2020-08-23 15:54:06','2021-05-17 16:13:32'),('58a6150e6d8bd5df877dee8d82fffc4d','测试图片2','测试图片2','235cc58878dd63148d05c0f491395a40',0,0,0,0,'2020-09-15 20:26:18','2021-05-17 16:13:32'),('615131f559b437909fefa86b21883f30','专题管理17','专题管理17','0051cb722bb1bd89e1ec57b5f970c287',0,0,0,0,'2020-08-23 15:57:44','2021-05-17 16:13:32'),('6c9db5a10516afe8035a445d1172fd01','专题管理4','专题管理4','ffe1c088d99304a0c3e40e8421ccffbd',0,0,0,0,'2020-08-23 15:54:18','2020-08-31 08:19:59'),('758a106b566a4799e2f0b24f52b35bdb','专题管理14','专题管理14','235cc58878dd63148d05c0f491395a40',0,0,0,0,'2020-08-23 15:56:53','2021-05-17 16:13:32'),('7eca5f77f692078824572f7a7d3a45f2','专题管理13','专题管理13','cb0f614d93b8d4bfa78e6fe29d4b048b',0,0,1,1,'2020-08-23 15:56:41','2021-05-17 16:12:52'),('92b43c5787fd23424b567830fdbce6b8','专题管理9','专题管理9','c49a66b73b4deb5bfaaff02b6b23417a',0,0,0,0,'2020-08-23 15:55:38','2021-05-17 16:13:32'),('b9a9ec4db002857a98c5090a18109225','专题管理7','专题管理7','aae71f2c737d24e06a6501b44cd77a68',0,0,0,0,'2020-08-23 15:54:49','2021-05-17 16:13:32'),('d9325e8af33baead15ff318a12fa790d','123','123','d01453db03fbb44b4e6df0ee586a9d9f',0,0,0,0,'2020-09-15 20:26:34','2021-05-17 16:13:32'),('db235c13e4fd66356e38c4b9f874c78a','测试测试',NULL,'5fae676476807d3e821423ffbc4583ef',0,0,0,0,'2020-10-07 16:27:03','2021-05-17 16:13:32'),('e57ab21562973029e0324476948511f5','专题管理8','专题管理8','51435e2fa2c45d5c4203278f958f8f52',0,0,0,0,'2020-08-23 15:55:30','2021-05-17 16:13:35'),('f256e3a37941d998d8371798c1dff3fd','专题管理16','专题管理16','808e310c02f10be658c98ba1a5ab14dc',0,0,0,0,'2020-08-23 15:57:31','2021-05-17 16:13:36'),('ffb9f021c6822e16277fcb952c2adc26','专题管理19','专题管理19','f58d18eac69fc82f6a179c4f63717ffa',0,0,0,0,'2020-08-23 15:58:14','2021-05-17 16:13:38'),('ffd65140d630f6355a033a213bf0197b','专题管理12','专题管理12','eb7801d1f8929420262a9a072a257099',0,0,0,0,'2020-08-23 15:56:27','2021-05-17 16:13:40');

/*Table structure for table `t_subject_item` */

DROP TABLE IF EXISTS `t_subject_item`;

CREATE TABLE `t_subject_item` (
  `uid` varchar(32) NOT NULL COMMENT '主键',
  `subject_uid` varchar(32) NOT NULL COMMENT '专题uid',
  `blog_uid` varchar(32) NOT NULL COMMENT '博客uid',
  `status` tinyint(1) DEFAULT '1' COMMENT '状态',
  `sort` int NOT NULL DEFAULT '0' COMMENT '排序字段',
  `create_time` timestamp NOT NULL DEFAULT '0000-00-00 00:00:00' COMMENT '创建时间',
  `update_time` timestamp NOT NULL DEFAULT '0000-00-00 00:00:00' COMMENT '更新时间',
  PRIMARY KEY (`uid`)
) ENGINE=InnoDB DEFAULT CHARSET=utf8 COMMENT='专题Item表';

/*Data for the table `t_subject_item` */

insert  into `t_subject_item`(`uid`,`subject_uid`,`blog_uid`,`status`,`sort`,`create_time`,`update_time`) values ('040074687196ac3e2652b11e4eb68ad6','0ff36c7fdd46585836d117b883c240ea','72cddce55848900fa700acaab2944510',1,8,'2021-09-04 08:49:15','2021-09-04 09:00:25'),('12028222cea8e1543f99dd8482bdbf66','7eca5f77f692078824572f7a7d3a45f2','7135efc7f536769efd0d0483c687ba07',1,4,'2020-11-01 15:45:14','2021-09-03 22:07:59'),('130065b278652653d52c104afc30c8b0','7eca5f77f692078824572f7a7d3a45f2','062ca3475e8193a4a81853a4bf41a8fa',1,10,'2020-11-01 15:45:14','2021-09-03 22:07:59'),('13d2b9bcc9157cdbad5437b5d6724b92','0ff36c7fdd46585836d117b883c240ea','9062c964e5cb016db201af3698b47779',1,9,'2021-09-04 08:49:15','2021-09-04 09:00:25'),('284872c130a37e0810f015a564d5e561','0ff36c7fdd46585836d117b883c240ea','292bd0d6bd8cd43421fc30bd458da9cf',1,4,'2021-09-04 08:49:15','2021-09-04 09:00:25'),('3a26e109f7a1dc08ee01c291c16ce864','7eca5f77f692078824572f7a7d3a45f2','9fa1fcd046b6cddb67c7859d050aeecd',1,7,'2020-11-01 15:45:14','2021-09-03 22:07:59'),('3f5245cb48a19848771ba2c82895f261','0ff36c7fdd46585836d117b883c240ea','061ce2bdbd221d0e19c4686b0b4aa63a',1,6,'2021-09-04 08:49:15','2021-09-04 09:00:25'),('4da924dc6ec5e7d3203d9cc9647d5b0a','7eca5f77f692078824572f7a7d3a45f2','80d3eae77c16cea10e119b9f1a1da4c8',1,5,'2020-10-11 16:35:22','2021-09-03 22:07:59'),('4f305449bf0eba3bfc5b78e378865aab','026b7d3453ff74d3d6a31a10abc39a48','80d3eae77c16cea10e119b9f1a1da4c8',1,0,'2020-09-04 14:53:02','2020-09-04 14:53:02'),('4f31299debf6d2a9ebf0efb9dc98a973','0ff36c7fdd46585836d117b883c240ea','0d701ab115c1a940a504f46415af6a95',1,3,'2021-09-04 08:49:15','2021-09-04 09:00:25'),('664ec84b4ac76fa7737b261018422fc2','0ff36c7fdd46585836d117b883c240ea','7115c8df0e19890aae950657a824aed7',1,1,'2021-09-04 08:49:15','2021-09-04 09:00:25'),('6e7a470a098c9f81a1af10c4eef1635d','199b78b4bbf7c8d6bab290f1e30e3507','7a7ad19472d53147150eb7fdb0978bb2',1,0,'2020-10-07 16:36:41','2020-10-07 16:36:41'),('7a8106f2a213995beec8f0d17f69d1ae','13e64cddf5efc221dfba1986cd049ad8','7a7ad19472d53147150eb7fdb0978bb2',1,0,'2020-10-07 16:35:42','2020-10-07 16:35:42'),('9065cfb24b5d04b54a6d8056e4bb73ef','7eca5f77f692078824572f7a7d3a45f2','c58083675437f407d73d3322ca01b995',1,8,'2020-11-01 15:45:14','2021-09-03 22:07:59'),('9609745eedfba624511352a54435d0b6','0ff36c7fdd46585836d117b883c240ea','3f8b7b70fdf6d45fa49776cdd6d0ff1b',1,5,'2021-09-04 08:49:15','2021-09-04 09:00:25'),('9da779fb5361008c0aa908d572646adb','199b78b4bbf7c8d6bab290f1e30e3507','80d3eae77c16cea10e119b9f1a1da4c8',1,0,'2020-10-07 16:36:41','2020-10-07 16:36:41'),('a6bb817a4338014a3c4bcc6f65615dea','7eca5f77f692078824572f7a7d3a45f2','635fc430e3378403a7d3f1e2a4e726a9',1,9,'2020-11-01 15:45:14','2021-09-03 22:07:59'),('ad1d747e000888f6a794d4d3d4612610','0ff36c7fdd46585836d117b883c240ea','b2fb78b4cb4e0b08adb0f6c7f34a97f3',1,10,'2021-09-04 08:49:15','2021-09-04 09:00:25'),('b1a405db3d32b586b3e3a39ad61d1d76','0ff36c7fdd46585836d117b883c240ea','083448f1fd33314d752795a7577562bb',1,7,'2021-09-04 08:49:15','2021-09-04 09:00:25'),('b5437af7ae1bc21b50bb2876d449bdfb','7eca5f77f692078824572f7a7d3a45f2','7a7ad19472d53147150eb7fdb0978bb2',1,6,'2020-10-11 16:35:22','2021-09-03 22:07:59'),('bf58d0974edc7f494611bc9c46b5318c','0ff36c7fdd46585836d117b883c240ea','3daa7faf8a9839c2247882f67853aeca',1,2,'2021-09-04 08:49:15','2021-09-04 09:00:25'),('cf108ab9e61de1c2ec0486bddfdac9e1','7eca5f77f692078824572f7a7d3a45f2','8dc52bd61e36fa56cfc7699815375572',1,3,'2020-11-01 15:45:14','2021-09-03 22:07:59'),('de8ea588b0601465d1afb68672463b19','136b547482b8734840cfaacb639e2496','7a7ad19472d53147150eb7fdb0978bb2',1,0,'2020-10-13 08:35:01','2020-10-13 08:35:01'),('dfa84fb363d659bf0416553aff3cb6db','136b547482b8734840cfaacb639e2496','80d3eae77c16cea10e119b9f1a1da4c8',1,0,'2020-10-13 08:35:01','2020-10-13 08:35:01'),('f104aacfb7485784d42956705da452ea','026b7d3453ff74d3d6a31a10abc39a48','7a7ad19472d53147150eb7fdb0978bb2',1,0,'2020-09-04 14:53:02','2020-09-04 14:53:02'),('f9104455cdece248058a4dd90d336dda','13e64cddf5efc221dfba1986cd049ad8','80d3eae77c16cea10e119b9f1a1da4c8',1,0,'2020-10-07 16:35:42','2020-10-07 16:35:42');

/*Table structure for table `t_sys_dict_data` */

DROP TABLE IF EXISTS `t_sys_dict_data`;

CREATE TABLE `t_sys_dict_data` (
  `uid` varchar(32) NOT NULL COMMENT '主键',
  `oid` int NOT NULL AUTO_INCREMENT COMMENT '自增键oid',
  `dict_type_uid` varchar(255) DEFAULT NULL COMMENT '字典类型UID',
  `dict_label` varchar(255) DEFAULT NULL COMMENT '字典标签',
  `dict_value` varchar(255) DEFAULT NULL COMMENT '字典键值',
  `css_class` varchar(255) DEFAULT NULL COMMENT '样式属性（其他样式扩展）',
  `list_class` varchar(255) DEFAULT NULL COMMENT '表格回显样式',
  `is_default` tinyint(1) DEFAULT '0' COMMENT '是否默认（1是 0否）,默认为0',
  `create_by_uid` varchar(32) DEFAULT NULL COMMENT '创建人UID',
  `update_by_uid` varchar(32) DEFAULT NULL COMMENT '最后更新人UID',
  `remark` varchar(255) DEFAULT NULL COMMENT '备注',
  `status` tinyint(1) DEFAULT '1' COMMENT '状态',
  `create_time` timestamp NOT NULL DEFAULT '0000-00-00 00:00:00' COMMENT '创建时间',
  `update_time` timestamp NOT NULL DEFAULT '0000-00-00 00:00:00' COMMENT '更新时间',
  `is_publish` varchar(1) NOT NULL DEFAULT '1' COMMENT '是否发布(1:是，0:否)',
  `sort` int NOT NULL DEFAULT '0' COMMENT '排序字段',
  PRIMARY KEY (`uid`),
  KEY `oid` (`oid`)
) ENGINE=InnoDB AUTO_INCREMENT=107 DEFAULT CHARSET=utf8 COMMENT='字典数据表';

/*Data for the table `t_sys_dict_data` */

insert  into `t_sys_dict_data`(`uid`,`oid`,`dict_type_uid`,`dict_label`,`dict_value`,`css_class`,`list_class`,`is_default`,`create_by_uid`,`update_by_uid`,`remark`,`status`,`create_time`,`update_time`,`is_publish`,`sort`) values ('026b7d3453ff74d3d6a31a10abc39a47',10,'b0c90de7ebeb138e9a0487f6ba86275a','删除','3',NULL,NULL,0,'1f01cd1d2f474743b241d74008b12333','1f01cd1d2f474743b241d74008b12333','删除操作',1,'2020-02-17 21:25:04','2020-02-17 21:25:04','1',0),('027cda93d736123d9553e4edf692c5e7',97,'221d5f68584e937e7a9a04f544eb2fb7','有其他问题','10',NULL,NULL,0,'1f01cd1d2f474743b241d74008b12333','1f01cd1d2f474743b241d74008b12333',NULL,1,'2021-12-03 15:30:55','2021-12-03 15:30:55','1',0),('03bfb8183ef66828f7b04487bfbe35c7',27,'904965b87673d2dd762c9ac2b6726813','七牛云对象存储','1',NULL,'primary',0,'1f01cd1d2f474743b241d74008b12333','1f01cd1d2f474743b241d74008b12333','图片显示优先级  七牛云',1,'2020-02-18 09:45:27','2020-10-22 10:04:42','1',0),('03ebe4234670f7cfeb0b19c8794bdaea',19,'e582ff889b2e64fffed194737d78fa98','二级推荐','2',NULL,'success',0,'1f01cd1d2f474743b241d74008b12333','1f01cd1d2f474743b241d74008b12333','推荐等级 二级推荐',1,'2020-02-17 22:05:34','2020-02-17 22:05:34','1',3),('0cb01485ad75f7ec37a29d388e7d6013',7,'e2fa1d1024a2570f13ec7f684c08bd25','女','2',NULL,NULL,0,'1f01cd1d2f474743b241d74008b12333','1f01cd1d2f474743b241d74008b12333','性别 女',1,'2020-02-16 20:49:56','2020-02-16 20:49:56','1',0),('0d5183928308f7945bfb300f873b1f1e',44,'147b16259a5f482e86b75893d09e10d4','上架','1',NULL,'success',1,'1f01cd1d2f474743b241d74008b12333','1f01cd1d2f474743b241d74008b12333','友链状态 上线中',1,'2020-03-15 08:50:28','2020-03-15 08:50:28','1',0),('0f2833c5c24480bab9c4e3e5a815002a',70,'904965b87673d2dd762c9ac2b6726813','Minio对象存储','2',NULL,'primary',0,'1f01cd1d2f474743b241d74008b12333','1f01cd1d2f474743b241d74008b12333','使用Minio构建本地对象存储服务',1,'2020-10-22 10:04:02','2020-10-22 10:05:39','1',0),('0fb5f67e224f91638e71935eb6a38467',21,'e582ff889b2e64fffed194737d78fa98','四级推荐','4',NULL,'primary',0,'1f01cd1d2f474743b241d74008b12333','1f01cd1d2f474743b241d74008b12333','推荐等级 四级推荐',1,'2020-02-17 22:06:13','2020-02-17 22:06:13','1',1),('10e538229ea9ee8552672ed1cb5575e0',61,'5c956299119cbbcbcf2009558ce503d0','是','1',NULL,'danger',0,'1f01cd1d2f474743b241d74008b12333','1f01cd1d2f474743b241d74008b12333','是否跳转外链  是',1,'2020-07-03 21:20:09','2020-07-03 21:43:33','1',1),('1e666c133099dc361ec0dbaa8b6203cc',56,'80dfd5fa0b8226c8c0102da80cc6fedb','三级菜单','3',NULL,'info',0,'1f01cd1d2f474743b241d74008b12333','1f01cd1d2f474743b241d74008b12333','菜单管理 三级菜单  按钮',1,'2020-03-21 18:02:22','2020-03-21 18:02:22','1',0),('2388fa41c446c4f870b6010bc404473f',31,'94ba24e6adb46cd094bb2217f1028285','原创','1',NULL,'success',1,'1f01cd1d2f474743b241d74008b12333','1f01cd1d2f474743b241d74008b12333','原创博客',1,'2020-02-19 09:54:52','2020-02-19 09:54:52','1',1),('23b55a610d84470e052e09abf110dccc',17,'e582ff889b2e64fffed194737d78fa98','正常','0',NULL,'info',1,'1f01cd1d2f474743b241d74008b12333','1f01cd1d2f474743b241d74008b12333','推荐等级 正常',1,'2020-02-17 22:01:56','2020-02-17 22:01:56','1',5),('23b587cf1116c6db057c52e910d47dfd',85,'38b324261de1cedbb45c30eeee276f70','审批拒绝','1',NULL,'danger',0,'1f01cd1d2f474743b241d74008b12333','1f01cd1d2f474743b241d74008b12333','审批拒绝',1,'2021-11-30 08:32:15','2021-11-30 08:56:04','1',1),('24a86c58140ac5290cc0853a725a62f2',92,'221d5f68584e937e7a9a04f544eb2fb7','人身攻击','5',NULL,NULL,0,'1f01cd1d2f474743b241d74008b12333','1f01cd1d2f474743b241d74008b12333',NULL,1,'2021-12-03 15:27:52','2021-12-03 15:27:52','1',0),('24f6c115ecfbb9c1818f9603990c8971',80,'f1929a18eac0a6dfa9007aa8024899a2','Solr搜索','2',NULL,NULL,0,'1f01cd1d2f474743b241d74008b12333','1f01cd1d2f474743b241d74008b12333','搜索模式：Solr搜索',1,'2021-09-11 16:18:17','2021-09-11 16:18:17','1',0),('24f8476073d8f76093e2b344ccb5708b',76,'13ff59a74df2979c0c98a2f810c8bb8c','用户投稿','1',NULL,'primary',1,'1f01cd1d2f474743b241d74008b12333','1f01cd1d2f474743b241d74008b12333','用户投稿',1,'2021-06-13 11:21:55','2021-06-13 11:21:55','1',0),('2ebdf915ac4003d4ed5e2b4c78038acf',59,'eaef85e78f7f88bd0efd428f32033f2f','博客详情','BLOG_INFO',NULL,'warning',0,'1f01cd1d2f474743b241d74008b12333','1f01cd1d2f474743b241d74008b12333','评论来源 博客详情',1,'2020-04-04 21:27:11','2020-04-04 21:27:11','1',0),('30a04bbb52add36a22211f6b93fc882e',13,'5ce79da03dbedef627e8c6fb002b1a29','是','1',NULL,'success',1,'1f01cd1d2f474743b241d74008b12333','1f01cd1d2f474743b241d74008b12333','系统是否  是',1,'2020-02-17 21:56:35','2020-02-17 21:56:35','1',1),('3151f138e5c2858112da60b70a699469',23,'ba386b930c4a3580357b1df8a2e24c8a','华北','z1',NULL,NULL,0,'1f01cd1d2f474743b241d74008b12333','1f01cd1d2f474743b241d74008b12333','存储区域 华北',1,'2020-02-17 23:37:31','2020-02-17 23:37:31','1',0),('331a17f267fd3d33d489528aca002ca8',98,'023eed2b528c585cea65fcac1a46db3c','违法违禁','0',NULL,NULL,0,'1f01cd1d2f474743b241d74008b12333','1f01cd1d2f474743b241d74008b12333',NULL,1,'2021-12-03 15:34:22','2021-12-03 15:34:22','1',0),('331a3276054a75c143fd53429a8c8e45',89,'221d5f68584e937e7a9a04f544eb2fb7','低俗','2',NULL,NULL,0,'1f01cd1d2f474743b241d74008b12333','1f01cd1d2f474743b241d74008b12333',NULL,1,'2021-12-03 15:27:15','2021-12-03 15:27:15','1',0),('332f266d0f5e06a8169ed8d7d39ef04b',77,'13ff59a74df2979c0c98a2f810c8bb8c','后台上架','0',NULL,'warning',0,'1f01cd1d2f474743b241d74008b12333','1f01cd1d2f474743b241d74008b12333','后台上架',1,'2021-06-13 11:23:55','2021-06-13 11:56:55','1',0),('3555747751ef69d66109280797dd2859',57,'eaef85e78f7f88bd0efd428f32033f2f','留言板','MESSAGE_BOARD',NULL,'primary',0,'1f01cd1d2f474743b241d74008b12333','1f01cd1d2f474743b241d74008b12333','评论来源 留言板',1,'2020-04-04 21:25:34','2020-04-04 21:25:34','1',0),('397dabc1d6679e8917b0bd22d3b70a45',105,'023eed2b528c585cea65fcac1a46db3c','涉嫌个人隐私','7',NULL,NULL,0,'1f01cd1d2f474743b241d74008b12333','1f01cd1d2f474743b241d74008b12333',NULL,1,'2021-12-03 15:35:28','2021-12-03 15:35:28','1',0),('39cf99bab1bd3ca0683424f99f1a9fee',26,'ba386b930c4a3580357b1df8a2e24c8a','东南亚','as0',NULL,NULL,0,'1f01cd1d2f474743b241d74008b12333','1f01cd1d2f474743b241d74008b12333','存储区域 东南亚',1,'2020-02-17 23:38:32','2020-02-17 23:38:32','1',0),('3b38f16f39b491acb52d6a3a2be6e9c6',58,'eaef85e78f7f88bd0efd428f32033f2f','关于我','ABOUT',NULL,'success',0,'1f01cd1d2f474743b241d74008b12333','1f01cd1d2f474743b241d74008b12333','评论来源 关于我',1,'2020-04-04 21:26:14','2020-04-04 21:26:14','1',0),('3f47a55713b1ea101b7f38af0fe1efa9',37,'20a4dd3551aa6264f7e43c2274820763','GITEE','GITEE',NULL,'primary',0,'1f01cd1d2f474743b241d74008b12333','1f01cd1d2f474743b241d74008b12333','账号类型 Gitee',1,'2020-03-10 12:09:07','2020-03-10 12:09:07','1',0),('40b08947b62bc34793b0655c944d2eec',34,'20a4dd3551aa6264f7e43c2274820763','Gitee','Gitee',NULL,NULL,0,'1f01cd1d2f474743b241d74008b12333','1f01cd1d2f474743b241d74008b12333','账号类型 Gitee',0,'2020-03-10 11:59:26','2020-03-10 11:59:26','1',0),('416abb075fd0f8d4a512d204121c15b2',15,'f4c0b7c14e1857a8453af396e1537556','发布','1',NULL,'success',1,'1f01cd1d2f474743b241d74008b12333','1f01cd1d2f474743b241d74008b12333','发布状态  上架',1,'2020-02-17 22:00:01','2020-02-17 22:00:01','1',1),('431eb64cba73239ebd01b0b823e5f36f',64,'b96483ba6cd5122b2d33981681db8b1c','否','0',NULL,'info',0,'1f01cd1d2f474743b241d74008b12333','1f01cd1d2f474743b241d74008b12333','参数类型 是否内置  否',1,'2020-07-21 17:16:16','2020-07-21 17:16:16','1',0),('4388c150a36826f1ef7aa18c164eda9b',87,'221d5f68584e937e7a9a04f544eb2fb7','违法违禁','0',NULL,NULL,0,'1f01cd1d2f474743b241d74008b12333','1f01cd1d2f474743b241d74008b12333',NULL,1,'2021-12-03 15:26:43','2021-12-03 15:26:43','1',0),('464f9e4a13d53494bff10df5e966b0cf',39,'397114076512e421458806e5d0050af6','禁言','0',NULL,'danger',0,'1f01cd1d2f474743b241d74008b12333','1f01cd1d2f474743b241d74008b12333','评论状态 禁言',1,'2020-03-10 13:01:20','2020-03-10 13:01:20','1',0),('46eba4b9e3b596a9b4cb8a622d7dadc2',102,'023eed2b528c585cea65fcac1a46db3c','血腥暴力','4',NULL,NULL,0,'1f01cd1d2f474743b241d74008b12333','1f01cd1d2f474743b241d74008b12333',NULL,1,'2021-12-03 15:34:54','2021-12-03 15:34:54','1',0),('47559bf170909797709381e3b8c1a796',38,'20a4dd3551aa6264f7e43c2274820763','GITHUB','GITHUB',NULL,'danger',0,'1f01cd1d2f474743b241d74008b12333','1f01cd1d2f474743b241d74008b12333','账号类型 Github',1,'2020-03-10 12:09:20','2020-03-10 12:09:20','1',0),('490b20a757bc11fbb0b089a91c169830',14,'5ce79da03dbedef627e8c6fb002b1a29','否','0',NULL,'warning',0,'1f01cd1d2f474743b241d74008b12333','1f01cd1d2f474743b241d74008b12333','系统是否  否',1,'2020-02-17 21:56:47','2020-02-17 21:56:47','1',0),('49d73b6c112e6d3233e11cc97c4ae231',71,'a7be558b1c601b94126cc6ab5d5d008d','博客','0',NULL,'default',1,'1f01cd1d2f474743b241d74008b12333','1f01cd1d2f474743b241d74008b12333','文章类型：博客',1,'2020-11-07 10:15:56','2020-11-07 10:19:05','1',1),('4a3e898c54f9ddcfa52a5c40e5a647dd',45,'147b16259a5f482e86b75893d09e10d4','下架','2',NULL,'warning',0,'1f01cd1d2f474743b241d74008b12333','1f01cd1d2f474743b241d74008b12333','友链状态  已下架',1,'2020-03-15 08:52:20','2020-03-15 08:52:20','1',0),('4a90a207068f8044c65cae80fbbb7309',62,'5c956299119cbbcbcf2009558ce503d0','否','0',NULL,'info',1,'1f01cd1d2f474743b241d74008b12333','1f01cd1d2f474743b241d74008b12333','是否跳转外链  否',1,'2020-07-03 21:20:22','2020-07-03 21:43:26','1',0),('4dcc00f8566473020608d9609a1686e5',46,'6472ff63369e0118d2e0b907437d631d','已开启','0',NULL,'warning',1,'1f01cd1d2f474743b241d74008b12333','1f01cd1d2f474743b241d74008b12333','反馈状态 已开启',1,'2020-03-16 09:20:38','2020-03-16 09:20:38','1',4),('4f243578b444646a6bc1349a10d1be9f',8,'b0c90de7ebeb138e9a0487f6ba86275a','新增','1',NULL,NULL,0,'1f01cd1d2f474743b241d74008b12333','1f01cd1d2f474743b241d74008b12333','新增操作',1,'2020-02-17 21:24:29','2020-02-17 21:24:29','1',0),('5130d2cf209bcf02e97322491b4e611e',4,'861dfd0f77c8b053d40e020f23702df4','隐藏','0',NULL,NULL,0,'1f01cd1d2f474743b241d74008b12333','1f01cd1d2f474743b241d74008b12333','菜单状态 隐藏',1,'2020-02-16 13:23:39','2020-02-16 13:23:39','1',0),('57968d6ea419bc4868ef8a4518c1f90c',69,'a9eade09410e392988140adb1710e447','超时','5000_10000000',NULL,'danger',0,'1f01cd1d2f474743b241d74008b12333','1f01cd1d2f474743b241d74008b12333','接口耗时  超时  5000_100000',1,'2020-09-22 20:15:46','2020-09-22 20:35:19','1',0),('5b6f8111b8296906b887ec5d4420721b',52,'4d4a35b3dfc16d23b65a82073c88c0e6','博主','2',NULL,'danger',1,'1f01cd1d2f474743b241d74008b12333','1f01cd1d2f474743b241d74008b12333','用户标签  博主',1,'2020-03-18 09:25:33','2020-03-18 09:25:33','1',0),('5f554b9bae92a1d630a1b89b8f88bc65',47,'6472ff63369e0118d2e0b907437d631d','进行中','1',NULL,'primary',0,'1f01cd1d2f474743b241d74008b12333','1f01cd1d2f474743b241d74008b12333','反馈状态 进行中',1,'2020-03-16 09:20:56','2020-03-16 09:20:56','1',2),('603e0699d21efc7d4dc4391ccbb63107',99,'023eed2b528c585cea65fcac1a46db3c','色情','1',NULL,NULL,0,'1f01cd1d2f474743b241d74008b12333','1f01cd1d2f474743b241d74008b12333',NULL,1,'2021-12-03 15:34:29','2021-12-03 15:34:29','1',0),('614a593ba613eb6f5c591f2d2430538a',49,'6472ff63369e0118d2e0b907437d631d','已拒绝','3',NULL,'danger',0,'1f01cd1d2f474743b241d74008b12333','1f01cd1d2f474743b241d74008b12333','反馈状态 已拒绝',1,'2020-03-16 09:21:33','2020-03-16 09:21:33','1',1),('64ca3257cd6bae549ca82ffd65bbf90d',86,'38b324261de1cedbb45c30eeee276f70','待审批','0',NULL,'danger',0,'1f01cd1d2f474743b241d74008b12333','1f01cd1d2f474743b241d74008b12333',NULL,1,'2021-11-30 08:55:42','2021-11-30 08:56:08','1',0),('663c62090001705f84eccaff3b2d85de',96,'221d5f68584e937e7a9a04f544eb2fb7','转载/原创类型错误','9',NULL,NULL,0,'1f01cd1d2f474743b241d74008b12333','1f01cd1d2f474743b241d74008b12333',NULL,1,'2021-12-03 15:30:41','2021-12-03 15:30:41','1',0),('66aa82856368c573e0bfe012ec6d0ab6',22,'ba386b930c4a3580357b1df8a2e24c8a','华东','z0',NULL,NULL,0,'1f01cd1d2f474743b241d74008b12333','1f01cd1d2f474743b241d74008b12333','存储区域 华东',1,'2020-02-17 23:37:12','2020-02-17 23:37:12','1',0),('6caab28eb72a7331ecac4d01c616f023',67,'a9eade09410e392988140adb1710e447','正常','0_2000',NULL,'primary',0,'1f01cd1d2f474743b241d74008b12333','1f01cd1d2f474743b241d74008b12333','接口耗时  正常  0_2000',1,'2020-09-22 20:14:36','2020-09-22 20:25:39','1',0),('6e19e89f593b2e378ae98e209972004b',51,'4d4a35b3dfc16d23b65a82073c88c0e6','管理员','1',NULL,'warning',0,'1f01cd1d2f474743b241d74008b12333','1f01cd1d2f474743b241d74008b12333','用户标签 管理员',1,'2020-03-18 09:25:09','2020-03-18 09:25:09','1',0),('71bb6611f581413baa7b654dd271deca',16,'f4c0b7c14e1857a8453af396e1537556','下架','0',NULL,'danger',0,'1f01cd1d2f474743b241d74008b12333','1f01cd1d2f474743b241d74008b12333','发布状态  下架',1,'2020-02-17 22:00:15','2020-02-17 22:00:15','1',0),('763bb526d9aa6ebd5bc0b7db69548c57',30,'80dfd5fa0b8226c8c0102da80cc6fedb','二级菜单','2',NULL,'danger',0,'1f01cd1d2f474743b241d74008b12333','1f01cd1d2f474743b241d74008b12333','菜单等级 二级菜单',1,'2020-02-19 08:45:53','2020-02-19 08:45:53','1',2),('76d6cba2e899fb63f37706f1af6957c4',91,'221d5f68584e937e7a9a04f544eb2fb7','血腥暴力','4',NULL,NULL,0,'1f01cd1d2f474743b241d74008b12333','1f01cd1d2f474743b241d74008b12333',NULL,1,'2021-12-03 15:27:34','2021-12-03 15:28:37','1',0),('78a4a2573f5fe9bd22813a9e4b1f38a8',60,'20a4dd3551aa6264f7e43c2274820763','QQ','QQ',NULL,'primary',0,'1f01cd1d2f474743b241d74008b12333','1f01cd1d2f474743b241d74008b12333','账号类型 QQ',1,'2020-05-28 09:13:00','2020-05-28 09:13:09','1',0),('7968decd1305ef2770a51653ffef0954',103,'023eed2b528c585cea65fcac1a46db3c','人身攻击','5',NULL,NULL,0,'1f01cd1d2f474743b241d74008b12333','1f01cd1d2f474743b241d74008b12333',NULL,1,'2021-12-03 15:35:04','2021-12-03 15:35:04','1',0),('7a88a80ab90ed03c86ec3276bd9748cb',65,'6634c313a8883f6c876806a15b9cc4b1','富文本编辑器','0',NULL,'primary',1,'1f01cd1d2f474743b241d74008b12333','1f01cd1d2f474743b241d74008b12333','富文本编辑器Markdown',1,'2020-08-29 08:14:32','2020-08-29 08:47:11','1',1),('7c99aecb7b9b50c06b1c643c19568a4d',25,'ba386b930c4a3580357b1df8a2e24c8a','北美','na0',NULL,NULL,0,'1f01cd1d2f474743b241d74008b12333','1f01cd1d2f474743b241d74008b12333','存储区域 北美',1,'2020-02-17 23:38:16','2020-02-17 23:38:16','1',0),('7f3b25f9e33411907e8bcbe22dcf3151',104,'023eed2b528c585cea65fcac1a46db3c','引战','6',NULL,NULL,0,'1f01cd1d2f474743b241d74008b12333','1f01cd1d2f474743b241d74008b12333',NULL,1,'2021-12-03 15:35:17','2021-12-03 15:35:17','1',0),('7f81e25214cb16cc8d41fa5bea3ba60f',88,'221d5f68584e937e7a9a04f544eb2fb7','色情','1',NULL,NULL,0,'1f01cd1d2f474743b241d74008b12333','1f01cd1d2f474743b241d74008b12333',NULL,1,'2021-12-03 15:27:05','2021-12-03 15:27:05','1',0),('8232af8905226ca2567c61c6f15f3cb6',73,'d01f71985808c64372f18a653df34fb0','创建','0',NULL,'info',1,'1f01cd1d2f474743b241d74008b12333','1f01cd1d2f474743b241d74008b12333','问答状态 创建',1,'2021-05-05 12:50:20','2021-05-05 12:50:20','1',0),('827c3607cb4f028030bdf48a2528c694',74,'d01f71985808c64372f18a653df34fb0','回答','1',NULL,'primary',0,'1f01cd1d2f474743b241d74008b12333','1f01cd1d2f474743b241d74008b12333','问答状态 回答',1,'2021-05-05 12:53:17','2021-05-05 12:53:17','1',0),('82d7c4c2fcbd2d3b9aa856ac33420c45',2,'861dfd0f77c8b053d40e020f23702df4','显示','1',NULL,NULL,1,'1f01cd1d2f474743b241d74008b12333','1f01cd1d2f474743b241d74008b12333','菜单状态 显示',1,'2020-02-16 12:40:51','2020-10-15 10:17:39','1',1),('868d1b0c1df6915a4a6ca574b46d4ac8',18,'e582ff889b2e64fffed194737d78fa98','一级推荐','1',NULL,'danger',0,'1f01cd1d2f474743b241d74008b12333','1f01cd1d2f474743b241d74008b12333','推荐等级 一级推荐',1,'2020-02-17 22:05:19','2020-02-17 22:05:19','1',4),('8cb9f3d3fa091a581a333102dec732ab',20,'e582ff889b2e64fffed194737d78fa98','三级推荐','3',NULL,'warning',0,'1f01cd1d2f474743b241d74008b12333','1f01cd1d2f474743b241d74008b12333','推荐等级 三级推荐',1,'2020-02-17 22:05:55','2020-02-17 22:05:55','1',2),('8ebc1d994bffcf334bfebe1e941387d1',84,'38b324261de1cedbb45c30eeee276f70','审批通过','2',NULL,'success',1,'1f01cd1d2f474743b241d74008b12333','1f01cd1d2f474743b241d74008b12333','审批通过',1,'2021-11-30 08:31:57','2021-11-30 08:55:50','1',2),('910e6216ed547a2c7a4feddfd4bf66f7',95,'221d5f68584e937e7a9a04f544eb2fb7','不良封面/标题','8',NULL,NULL,0,'1f01cd1d2f474743b241d74008b12333','1f01cd1d2f474743b241d74008b12333',NULL,1,'2021-12-03 15:29:11','2021-12-03 15:30:18','1',0),('9288f39aa07aee842952fbc7dd1fe4a2',66,'6634c313a8883f6c876806a15b9cc4b1','Markdown编辑器','1',NULL,'warning',0,'1f01cd1d2f474743b241d74008b12333','1f01cd1d2f474743b241d74008b12333','Markdown编辑器',1,'2020-08-29 08:14:59','2020-08-29 08:14:59','1',0),('952a40a014f56a1fc6f445e7ae51679c',94,'221d5f68584e937e7a9a04f544eb2fb7','青少年不良信息','7',NULL,NULL,0,'1f01cd1d2f474743b241d74008b12333','1f01cd1d2f474743b241d74008b12333',NULL,1,'2021-12-03 15:29:00','2021-12-03 15:29:00','1',0),('95b43081a93a53727b0474098242d64c',33,'20a4dd3551aa6264f7e43c2274820763','Github','Github',NULL,NULL,0,'1f01cd1d2f474743b241d74008b12333','1f01cd1d2f474743b241d74008b12333','账号类型 Github',0,'2020-03-10 11:59:12','2020-03-10 11:59:12','1',0),('964945d3c156ea7dcc64b13741b02923',63,'b96483ba6cd5122b2d33981681db8b1c','是','1',NULL,'primary',1,'1f01cd1d2f474743b241d74008b12333','1f01cd1d2f474743b241d74008b12333','参数类型  是否内置  是',1,'2020-07-21 17:15:49','2020-07-21 17:16:29','1',1),('9673bcc91bb2f22c31381c8364d4726b',9,'b0c90de7ebeb138e9a0487f6ba86275a','编辑','2',NULL,NULL,0,'1f01cd1d2f474743b241d74008b12333','1f01cd1d2f474743b241d74008b12333','编辑操作',1,'2020-02-17 21:24:45','2020-02-17 21:24:45','1',0),('9ac5eeb64aaa1f246905f3236d7be96a',106,'023eed2b528c585cea65fcac1a46db3c','有其他问题','8',NULL,NULL,0,'1f01cd1d2f474743b241d74008b12333','1f01cd1d2f474743b241d74008b12333',NULL,1,'2021-12-03 15:35:39','2021-12-03 15:35:39','1',0),('a03e72c6f457bb282d3a7f62ff5f4598',55,'6bf52bf12dce9d0bc56f2d0e10ceccbe','按钮','1',NULL,'warning',0,'1f01cd1d2f474743b241d74008b12333','1f01cd1d2f474743b241d74008b12333','菜单类型 按钮',1,'2020-03-21 09:28:32','2020-03-21 09:28:32','1',0),('a4fea13a55ee91e76002a0fe9ab30182',100,'023eed2b528c585cea65fcac1a46db3c','低俗','2',NULL,NULL,0,'1f01cd1d2f474743b241d74008b12333','1f01cd1d2f474743b241d74008b12333',NULL,1,'2021-12-03 15:34:36','2021-12-03 15:34:36','1',0),('a94dadf4a2a5c003c3bb38dd6075ebe3',35,'20a4dd3551aa6264f7e43c2274820763','Mogu','Mogu',NULL,NULL,0,'1f01cd1d2f474743b241d74008b12333','1f01cd1d2f474743b241d74008b12333','账号类型 蘑菇博客',0,'2020-03-10 11:59:53','2020-03-10 11:59:53','1',0),('ac72222bb8ac26959460f87328c97d59',24,'ba386b930c4a3580357b1df8a2e24c8a','华南','z2',NULL,NULL,0,'1f01cd1d2f474743b241d74008b12333','1f01cd1d2f474743b241d74008b12333','存储区域 华南',1,'2020-02-17 23:38:00','2020-02-17 23:38:00','1',0),('b0e0e31c66fa52f481ea1982348ee703',12,'e7a80c0adce2b69035dfa505d998ba74','关闭','0',NULL,'danger',0,'1f01cd1d2f474743b241d74008b12333','1f01cd1d2f474743b241d74008b12333','系统开关 关闭',1,'2020-02-17 21:50:22','2020-02-17 21:50:22','1',0),('b481e56f99b336b426fba98c8025d7f9',93,'221d5f68584e937e7a9a04f544eb2fb7','引战','6',NULL,NULL,0,'1f01cd1d2f474743b241d74008b12333','1f01cd1d2f474743b241d74008b12333',NULL,1,'2021-12-03 15:28:49','2021-12-03 15:28:49','1',0),('b8764efefb7a78d4a2d84466daf34084',40,'397114076512e421458806e5d0050af6','正常','1',NULL,'success',1,'1f01cd1d2f474743b241d74008b12333','1f01cd1d2f474743b241d74008b12333','评论状态 正常',1,'2020-03-10 13:01:35','2020-03-10 13:01:35','1',0),('bc852b3bbec6b9641a508fa32c49a40d',54,'6bf52bf12dce9d0bc56f2d0e10ceccbe','菜单','0',NULL,'success',1,'1f01cd1d2f474743b241d74008b12333','1f01cd1d2f474743b241d74008b12333','菜单类型  菜单',1,'2020-03-21 09:28:13','2020-03-21 09:28:13','1',1),('bc9c1933052d66f8424b09a6869972d0',79,'f1929a18eac0a6dfa9007aa8024899a2','ES搜素','1',NULL,NULL,0,'1f01cd1d2f474743b241d74008b12333','1f01cd1d2f474743b241d74008b12333','搜索模式：开启ElasticSearch全文检索',1,'2021-09-11 15:27:36','2021-09-11 16:17:54','1',0),('bd14282cf7e3db5831e1b9e7e899024e',42,'d3d9f373ae0c344fa0a24eadd23a191b','评论','0',NULL,'warning',1,'1f01cd1d2f474743b241d74008b12333','1f01cd1d2f474743b241d74008b12333','评论类型 评论',1,'2020-03-15 08:49:18','2020-05-14 18:50:12','1',0),('c027f76096eb89ee6364b25f7b366388',78,'f1929a18eac0a6dfa9007aa8024899a2','SQL搜索','0',NULL,NULL,1,'1f01cd1d2f474743b241d74008b12333','1f01cd1d2f474743b241d74008b12333','搜索模式：SQL搜索',1,'2021-09-11 15:27:00','2021-09-11 15:27:00','1',0),('c3299bf019caeff6690e90c358e67e43',53,'861dfd0f77c8b053d40e020f23702df4','123','123',NULL,NULL,0,'1f01cd1d2f474743b241d74008b12333','1f01cd1d2f474743b241d74008b12333',NULL,0,'2020-03-20 11:51:09','2020-03-20 11:51:09','1',0),('ca66f4c186c3ceb69057ae0432bd43d6',11,'e7a80c0adce2b69035dfa505d998ba74','开启','1',NULL,'primary',1,'1f01cd1d2f474743b241d74008b12333','1f01cd1d2f474743b241d74008b12333','系统开关 开启',1,'2020-02-17 21:50:06','2020-02-17 21:50:06','1',1),('cc7cc52fbe8b7b4c89a6f1670d09c060',6,'e2fa1d1024a2570f13ec7f684c08bd25','男','1',NULL,NULL,1,'1f01cd1d2f474743b241d74008b12333','1f01cd1d2f474743b241d74008b12333','性别 男',1,'2020-02-16 20:49:40','2020-02-16 20:49:40','1',2),('d350119289186d520e0ccbb9b320e07a',48,'6472ff63369e0118d2e0b907437d631d','已完成','2',NULL,'success',0,'1f01cd1d2f474743b241d74008b12333','1f01cd1d2f474743b241d74008b12333','反馈状态 已完成',1,'2020-03-16 09:21:13','2020-03-16 09:21:13','1',3),('d3fe3ce87880595aad04b3e8077da223',32,'94ba24e6adb46cd094bb2217f1028285','转载','0',NULL,'info',0,'1f01cd1d2f474743b241d74008b12333','1f01cd1d2f474743b241d74008b12333','转载博客',1,'2020-02-19 09:55:09','2020-02-19 09:55:09','1',0),('dc3c52a18d8ad99b83337751187e7359',29,'80dfd5fa0b8226c8c0102da80cc6fedb','一级菜单','1',NULL,'success',0,'1f01cd1d2f474743b241d74008b12333','1f01cd1d2f474743b241d74008b12333','菜单等级 一级菜单',1,'2020-02-19 08:45:31','2020-02-19 08:45:31','1',3),('e42847ffae93e9f494dfc6cc65eaedce',68,'a9eade09410e392988140adb1710e447','一般','2000_5000',NULL,'warning',0,'1f01cd1d2f474743b241d74008b12333','1f01cd1d2f474743b241d74008b12333','接口耗时 一般  2000_5000',1,'2020-09-22 20:14:57','2020-09-22 20:25:30','1',0),('e6d918372233a8b48b9609fa70326c89',43,'147b16259a5f482e86b75893d09e10d4','申请','0',NULL,'danger',0,'1f01cd1d2f474743b241d74008b12333','1f01cd1d2f474743b241d74008b12333','友链状态  申请中',1,'2020-03-15 08:49:57','2020-03-15 08:49:57','1',0),('e7dbddd726ae81086364e49abb12c539',41,'d3d9f373ae0c344fa0a24eadd23a191b','点赞','1',NULL,'success',0,'1f01cd1d2f474743b241d74008b12333','1f01cd1d2f474743b241d74008b12333','评论类型  点赞',1,'2020-03-15 08:49:02','2020-03-15 08:49:02','1',0),('e9d6bc86f8ffa4e8dcf85b98069211dd',28,'904965b87673d2dd762c9ac2b6726813','本地文件存储','0',NULL,'primary',1,'1f01cd1d2f474743b241d74008b12333','1f01cd1d2f474743b241d74008b12333','图片显示优先级  本地',1,'2020-02-18 09:45:45','2020-10-22 10:04:36','1',0),('eb41378fca0eb8f298f8bfbdd469e970',101,'023eed2b528c585cea65fcac1a46db3c','赌博诈骗','3',NULL,NULL,0,'1f01cd1d2f474743b241d74008b12333','1f01cd1d2f474743b241d74008b12333',NULL,1,'2021-12-03 15:34:44','2021-12-03 15:34:44','1',0),('f17c906835e1963e21e4f866d66da5eb',90,'221d5f68584e937e7a9a04f544eb2fb7','赌博诈骗','3',NULL,NULL,0,'1f01cd1d2f474743b241d74008b12333','1f01cd1d2f474743b241d74008b12333',NULL,1,'2021-12-03 15:27:25','2021-12-03 15:27:25','1',0),('f3d2ded0e31673ce545b905aacce627f',72,'a7be558b1c601b94126cc6ab5d5d008d','推广','1',NULL,'default',0,'1f01cd1d2f474743b241d74008b12333','1f01cd1d2f474743b241d74008b12333','文章类型：推广',1,'2020-11-07 10:16:16','2020-11-07 10:16:16','1',0),('f6fdd4f421d31989b57d932422ec5528',50,'4d4a35b3dfc16d23b65a82073c88c0e6','普通用户','0',NULL,'info',0,'1f01cd1d2f474743b241d74008b12333','1f01cd1d2f474743b241d74008b12333','用户标签 普通用户',1,'2020-03-18 09:24:40','2020-03-18 09:24:40','1',0),('f775d45cb2ca89e0487654a60900bd31',75,'d01f71985808c64372f18a653df34fb0','解决','2',NULL,'success',0,'1f01cd1d2f474743b241d74008b12333','1f01cd1d2f474743b241d74008b12333','问答状态 解决',1,'2021-05-05 12:53:34','2021-05-05 12:53:34','1',0),('f963505ec3462cb63f9a590c9df08ac8',36,'20a4dd3551aa6264f7e43c2274820763','MOGU','MOGU',NULL,'success',0,'1f01cd1d2f474743b241d74008b12333','1f01cd1d2f474743b241d74008b12333','账号类型 蘑菇博客',1,'2020-03-10 12:08:50','2020-03-10 12:08:50','1',0);

/*Table structure for table `t_sys_dict_type` */

DROP TABLE IF EXISTS `t_sys_dict_type`;

CREATE TABLE `t_sys_dict_type` (
  `uid` varchar(32) NOT NULL COMMENT '主键',
  `oid` int NOT NULL AUTO_INCREMENT COMMENT '自增键oid',
  `dict_name` varchar(255) DEFAULT NULL COMMENT '字典名称',
  `dict_type` varchar(255) DEFAULT NULL COMMENT '字典类型',
  `create_by_uid` varchar(32) NOT NULL COMMENT '创建人UID',
  `update_by_uid` varchar(32) NOT NULL COMMENT '最后更新人UID',
  `remark` varchar(255) DEFAULT NULL COMMENT '备注',
  `status` tinyint(1) DEFAULT '1' COMMENT '状态',
  `create_time` timestamp NOT NULL DEFAULT '0000-00-00 00:00:00' COMMENT '创建时间',
  `update_time` timestamp NOT NULL DEFAULT '0000-00-00 00:00:00' COMMENT '更新时间',
  `is_publish` varchar(1) NOT NULL DEFAULT '1' COMMENT '是否发布(1:是，0:否)',
  `sort` int NOT NULL DEFAULT '0' COMMENT '排序字段',
  PRIMARY KEY (`uid`),
  KEY `oid` (`oid`)
) ENGINE=InnoDB AUTO_INCREMENT=35 DEFAULT CHARSET=utf8 COMMENT='字典类型表';

/*Data for the table `t_sys_dict_type` */

insert  into `t_sys_dict_type`(`uid`,`oid`,`dict_name`,`dict_type`,`create_by_uid`,`update_by_uid`,`remark`,`status`,`create_time`,`update_time`,`is_publish`,`sort`) values ('023eed2b528c585cea65fcac1a46db3c',34,'评论举报类型','sys_comment_report_type','1f01cd1d2f474743b241d74008b12333','1f01cd1d2f474743b241d74008b12333','评论举报类型',1,'2021-12-03 15:33:50','2021-12-03 15:33:59','1',0),('13ff59a74df2979c0c98a2f810c8bb8c',29,'文章来源','sys_article_source','1f01cd1d2f474743b241d74008b12333','1f01cd1d2f474743b241d74008b12333','文章来源',1,'2021-06-13 11:06:22','2021-06-13 11:28:40','1',0),('147b16259a5f482e86b75893d09e10d4',18,'友链状态','sys_link_status','1f01cd1d2f474743b241d74008b12333','1f01cd1d2f474743b241d74008b12333','友链状态',1,'2020-03-15 08:47:56','2020-03-15 08:47:56','1',0),('20a4dd3551aa6264f7e43c2274820763',15,'用户账号来源','sys_account_source','1f01cd1d2f474743b241d74008b12333','1f01cd1d2f474743b241d74008b12333','用户账号来源',1,'2020-03-10 11:57:40','2020-03-10 12:12:45','1',0),('221d5f68584e937e7a9a04f544eb2fb7',33,'内容举报类型','sys_content_report_type','1f01cd1d2f474743b241d74008b12333','1f01cd1d2f474743b241d74008b12333','内容举报类型',1,'2021-12-03 15:24:11','2021-12-03 15:32:50','1',0),('38b324261de1cedbb45c30eeee276f70',32,'审批状态','sys_audit_status','1f01cd1d2f474743b241d74008b12333','1f01cd1d2f474743b241d74008b12333','审批状态',1,'2021-11-30 08:31:04','2021-11-30 08:31:04','1',0),('397114076512e421458806e5d0050af6',16,'评论状态','sys_comment_status','1f01cd1d2f474743b241d74008b12333','1f01cd1d2f474743b241d74008b12333','评论状态',1,'2020-03-10 13:00:24','2020-03-10 13:00:24','1',0),('4d4a35b3dfc16d23b65a82073c88c0e6',20,'用户标签','sys_user_tag','1f01cd1d2f474743b241d74008b12333','1f01cd1d2f474743b241d74008b12333','用户标签：普通用户，管理员，博主',1,'2020-03-18 09:23:56','2020-03-18 09:24:07','1',0),('5c907ad864bc904851bde2506851cb88',8,'通知类型','sys_notice_type','1f01cd1d2f474743b241d74008b12333','1f01cd1d2f474743b241d74008b12333','通知类型列表',1,'2020-02-17 21:40:53','2020-02-17 21:40:53','1',0),('5c956299119cbbcbcf2009558ce503d0',23,'跳转外链','sys_jump_external','1f01cd1d2f474743b241d74008b12333','1f01cd1d2f474743b241d74008b12333','是否跳转外部链接',1,'2020-07-03 21:19:39','2020-07-03 21:19:39','1',0),('5ce79da03dbedef627e8c6fb002b1a29',7,'系统是否','sys_yes_no','1f01cd1d2f474743b241d74008b12333','1f01cd1d2f474743b241d74008b12333','系统是否列表',1,'2020-02-17 21:40:24','2020-02-17 23:28:38','1',0),('6472ff63369e0118d2e0b907437d631d',19,'反馈状态','sys_feedback_status','1f01cd1d2f474743b241d74008b12333','1f01cd1d2f474743b241d74008b12333','反馈状态',1,'2020-03-16 09:20:06','2020-03-16 09:20:06','1',0),('6634c313a8883f6c876806a15b9cc4b1',25,'编辑器模式','sys_editor_modal','1f01cd1d2f474743b241d74008b12333','1f01cd1d2f474743b241d74008b12333','用于选择编辑器是富文本或者markdown',1,'2020-08-29 08:13:46','2020-08-29 08:13:46','1',0),('6bf52bf12dce9d0bc56f2d0e10ceccbe',21,'菜单类型','sys_menu_type','1f01cd1d2f474743b241d74008b12333','1f01cd1d2f474743b241d74008b12333','菜单类型',1,'2020-03-21 09:27:49','2020-03-21 09:27:49','1',0),('80dfd5fa0b8226c8c0102da80cc6fedb',14,'菜单等级','sys_menu_level','1f01cd1d2f474743b241d74008b12333','1f01cd1d2f474743b241d74008b12333','菜单管理 菜单等级',1,'2020-02-19 08:45:01','2020-02-19 08:45:01','1',0),('861dfd0f77c8b053d40e020f23702df4',3,'显示状态','sys_show_hide','1f01cd1d2f474743b241d74008b12333','1f01cd1d2f474743b241d74008b12333','显示状态',1,'2020-02-16 10:48:38','2020-10-15 10:20:40','1',3),('904965b87673d2dd762c9ac2b6726813',13,'图片显示优先级','sys_picture_priority','1f01cd1d2f474743b241d74008b12333','1f01cd1d2f474743b241d74008b12333','七牛云、本地、Minio显示优先级',1,'2020-02-18 09:44:59','2020-10-22 09:59:08','1',0),('94ba24e6adb46cd094bb2217f1028285',11,'原创状态','sys_original_status','1f01cd1d2f474743b241d74008b12333','1f01cd1d2f474743b241d74008b12333','原创状态列表',1,'2020-02-17 21:45:52','2020-02-17 23:31:37','1',1),('a7be558b1c601b94126cc6ab5d5d008d',27,'文章类型','sys_blog_type','1f01cd1d2f474743b241d74008b12333','1f01cd1d2f474743b241d74008b12333','文章类型：博客，推广',1,'2020-11-07 10:14:58','2020-11-07 10:14:58','1',0),('a9eade09410e392988140adb1710e447',26,'接口耗时','sys_spend_time','1f01cd1d2f474743b241d74008b12333','1f01cd1d2f474743b241d74008b12333','日志接口耗时区间',1,'2020-09-22 20:13:17','2020-09-22 20:13:52','1',0),('b0c90de7ebeb138e9a0487f6ba86275a',5,'操作类型','sys_oper_type','1f01cd1d2f474743b241d74008b12333','1f01cd1d2f474743b241d74008b12333','操作类型',1,'2020-02-16 12:56:40','2020-02-16 12:56:40','1',0),('b96483ba6cd5122b2d33981681db8b1c',24,'参数类型','sys_params_type','1f01cd1d2f474743b241d74008b12333','1f01cd1d2f474743b241d74008b12333','参数类型',1,'2020-07-21 17:14:50','2020-07-21 17:14:50','1',0),('ba386b930c4a3580357b1df8a2e24c8a',12,'存储区域','sys_storage_region','1f01cd1d2f474743b241d74008b12333','1f01cd1d2f474743b241d74008b12333','七牛云存储区域',1,'2020-02-17 23:36:21','2020-02-17 23:36:21','1',0),('d01f71985808c64372f18a653df34fb0',28,'问答状态','sys_question_status','1f01cd1d2f474743b241d74008b12333','1f01cd1d2f474743b241d74008b12333','问答状态',1,'2021-05-05 12:49:42','2021-05-05 12:49:42','1',0),('d3d9f373ae0c344fa0a24eadd23a191b',17,'评论类型','sys_comment_type','1f01cd1d2f474743b241d74008b12333','1f01cd1d2f474743b241d74008b12333','评论类型',1,'2020-03-15 08:47:37','2020-03-15 08:47:37','1',0),('e2fa1d1024a2570f13ec7f684c08bd25',2,'用户性别','sys_user_sex','1f01cd1d2f474743b241d74008b12333','1f01cd1d2f474743b241d74008b12333','用户性别列表',1,'2020-02-16 10:40:49','2020-02-17 23:31:49','1',2),('e582ff889b2e64fffed194737d78fa98',9,'推荐等级','sys_recommend_level','1f01cd1d2f474743b241d74008b12333','1f01cd1d2f474743b241d74008b12333','推荐等级列表',1,'2020-02-17 21:41:59','2020-02-17 21:41:59','1',0),('e7a80c0adce2b69035dfa505d998ba74',6,'系统开关','sys_normal_disable','1f01cd1d2f474743b241d74008b12333','1f01cd1d2f474743b241d74008b12333','系统开关列表',1,'2020-02-17 21:38:55','2020-02-17 21:40:00','1',0),('eaef85e78f7f88bd0efd428f32033f2f',22,'评论来源','sys_comment_source','1f01cd1d2f474743b241d74008b12333','1f01cd1d2f474743b241d74008b12333','评论来源',1,'2020-04-04 21:24:55','2020-04-04 21:24:55','1',0),('f1929a18eac0a6dfa9007aa8024899a2',30,'搜索模式','sys_search_model','1f01cd1d2f474743b241d74008b12333','1f01cd1d2f474743b241d74008b12333','搜索模式：SQL搜索、全文检索',1,'2021-09-11 15:26:35','2021-09-11 15:26:35','1',0),('f4c0b7c14e1857a8453af396e1537556',10,'发布状态','sys_publish_status','1f01cd1d2f474743b241d74008b12333','1f01cd1d2f474743b241d74008b12333','发布状态列表',1,'2020-02-17 21:44:09','2020-02-17 21:44:09','1',0);

/*Table structure for table `t_sys_log` */

DROP TABLE IF EXISTS `t_sys_log`;

CREATE TABLE `t_sys_log` (
  `uid` varchar(32) NOT NULL COMMENT '唯一uid',
  `user_name` varchar(255) NOT NULL COMMENT '用户名',
  `admin_uid` varchar(32) DEFAULT NULL COMMENT '管理员uid',
  `ip` varchar(50) DEFAULT NULL COMMENT '请求ip地址',
  `url` varchar(255) DEFAULT NULL COMMENT '请求url',
  `type` varchar(32) DEFAULT NULL COMMENT '请求方式',
  `class_path` varchar(255) DEFAULT NULL COMMENT '请求类路径',
  `method` varchar(32) DEFAULT NULL COMMENT '请求方法名',
  `params` longtext COMMENT '请求参数',
  `operation` varchar(32) DEFAULT NULL COMMENT '描述',
  `status` tinyint(1) DEFAULT '1' COMMENT '状态',
  `create_time` timestamp NULL DEFAULT '0000-00-00 00:00:00' COMMENT '创建时间',
  `update_time` timestamp NULL DEFAULT '0000-00-00 00:00:00' COMMENT '更新时间',
  `ip_source` varchar(255) DEFAULT NULL COMMENT 'ip来源',
  `spend_time` int DEFAULT '0' COMMENT '方法请求花费的时间',
  PRIMARY KEY (`uid`) USING BTREE
) ENGINE=InnoDB DEFAULT CHARSET=utf8;

/*Data for the table `t_sys_log` */

insert  into `t_sys_log`(`uid`,`user_name`,`admin_uid`,`ip`,`url`,`type`,`class_path`,`method`,`params`,`operation`,`status`,`create_time`,`update_time`,`ip_source`,`spend_time`) values ('0a52b1b20a1b05edacd220f122d7c163','admin','1f01cd1d2f474743b241d74008b12333','112.10.222.237','/blog/edit','POST','com.moxi.mogublog.admin.restapi.BlogRestApi','edit','{\"result\":org.springframework.validation.BeanPropertyBindingResult: 0 errors,\"blogVO\":BlogVO(title=测试, summary=测试, content=<p>测试</p>\n, tagUid=7e0e93ea6cdb44ae92e58f48e6496ed7, blogSortUid=a03d7290b1c04b6eaf46659661b47032, fileUid=295f4e11a4b4ce89da861cc8af2fb869, adminUid=1f01cd1d2f474743b241d74008b12333, isPublish=1, isOriginal=1, author=admin, articlesPart=蘑菇博客, level=0, type=0, outsideLink=null, tagList=[Tag(content=Java, clickCount=1688, sort=1649)], photoList=[http://82.156.177.91:8600/blog/admin/png/2021/10/25/1635174297898.png], blogSort=BlogSort(sortName=后端开发, content=后端开发专题, clickCount=372, sort=6, icon=el-icon-monitor), praiseCount=null, copyright=null, levelKeyword=null, useSort=0, sort=0, openComment=1, orderByDescColumn=null, orderByAscColumn=null, userUid=null, articleSource=0)}','编辑博客',1,'2021-10-25 23:06:12','2021-10-25 23:06:12','中国|浙江省|杭州市|移动',78),('108c6a3c76a645d63bd9d9cf37584641','admin','1f01cd1d2f474743b241d74008b12333','112.10.222.237','/blog/edit','POST','com.moxi.mogublog.admin.restapi.BlogRestApi','edit','{\"result\":org.springframework.validation.BeanPropertyBindingResult: 0 errors,\"blogVO\":BlogVO(title=测试问题, summary=测试问题, content=<p>测试问题测试问题测试问题</p>\n, tagUid=7e0e93ea6cdb44ae92e58f48e6496ed7, blogSortUid=a03d7290b1c04b6eaf46659661b47032, fileUid=96e94eeacf3612504a40562b5e466191, adminUid=1f01cd1d2f474743b241d74008b12333, isPublish=1, isOriginal=1, author=mogu2022, articlesPart=蘑菇博客, level=1, type=0, outsideLink=null, tagList=[Tag(content=Java, clickCount=1688, sort=1649)], photoList=[http://82.156.177.91:8600/blog/admin/png/2021/10/25/1635174297779.png], blogSort=BlogSort(sortName=后端开发, content=后端开发专题, clickCount=372, sort=6, icon=el-icon-monitor), praiseCount=null, copyright=null, levelKeyword=null, useSort=0, sort=0, openComment=1, orderByDescColumn=null, orderByAscColumn=null, userUid=595ab5582fad346907bec50e09e119cf, articleSource=0)}','编辑博客',1,'2021-10-25 23:06:58','2021-10-25 23:06:58','中国|浙江省|杭州市|移动',127),('16669e132e18f7bbf3fdbf2c3a198149','admin','1f01cd1d2f474743b241d74008b12333','39.182.27.13','/user/edit','POST','com.moxi.mogublog.admin.restapi.UserRestApi','edit','{\"result\":org.springframework.validation.BeanPropertyBindingResult: 0 errors,\"userVO\":UserVO(userName=mogu2021, passWord=c5dea93b3377f5a40245f518505ab479, nickName=mogu2021, gender=1, avatar=7035807923efe69b1ab6810b01b193a3, email=mogu2021@qq.com, birthday=null, mobile=null, qqNumber=null, weChat=null, occupation=null, summary=null, editorModel=1, source=MOGU, uuid=null, commentStatus=1, startEmailNotification=0, userTag=0, photoUrl=http://106.52.63.60:8600/blog/admin/jpg/2021/12/18/1639827069391.jpg, orderByDescColumn=null, orderByAscColumn=null, backgroundFileUid=null, refresh=false)}','编辑用户',1,'2021-12-18 19:31:10','2021-12-18 19:31:10','中国|浙江省|杭州市|移动',52),('1dbf95d53d402220e064daec4b2fa3f3','admin','1f01cd1d2f474743b241d74008b12333','112.10.222.237','/blog/edit','POST','com.moxi.mogublog.admin.restapi.BlogRestApi','edit','{\"result\":org.springframework.validation.BeanPropertyBindingResult: 0 errors,\"blogVO\":BlogVO(title=测试4, summary=测试4, content=<p>测试4</p>\n, tagUid=7e0e93ea6cdb44ae92e58f48e6496ed7, blogSortUid=a03d7290b1c04b6eaf46659661b47032, fileUid=295f4e11a4b4ce89da861cc8af2fb869, adminUid=1f01cd1d2f474743b241d74008b12333, isPublish=1, isOriginal=1, author=admin, articlesPart=蘑菇博客, level=2, type=0, outsideLink=null, tagList=[Tag(content=Java, clickCount=1688, sort=1649)], photoList=[http://82.156.177.91:8600/blog/admin/png/2021/10/25/1635174297898.png], blogSort=BlogSort(sortName=后端开发, content=后端开发专题, clickCount=372, sort=6, icon=el-icon-monitor), praiseCount=null, copyright=null, levelKeyword=null, useSort=0, sort=0, openComment=1, orderByDescColumn=null, orderByAscColumn=null, userUid=null, articleSource=0)}','编辑博客',1,'2021-10-25 23:07:07','2021-10-25 23:07:07','中国|浙江省|杭州市|移动',96),('20478668da7fdfcd2f15fa0955c47774','admin','1f01cd1d2f474743b241d74008b12333','112.10.222.237','/picture/delete','POST','com.moxi.mogublog.admin.restapi.PictureRestApi','delete','{\"pictureVO\":PictureVO(fileUid=null, fileUids=null, picName=null, pictureSortUid=null)}','删除图片',1,'2021-10-25 23:04:40','2021-10-25 23:04:40','中国|浙江省|杭州市|移动',235),('2e5ebf5c6fd97e86d11d01306f397b9e','admin','1f01cd1d2f474743b241d74008b12333','112.10.222.237','/blog/edit','POST','com.moxi.mogublog.admin.restapi.BlogRestApi','edit','{\"result\":org.springframework.validation.BeanPropertyBindingResult: 0 errors,\"blogVO\":BlogVO(title=测试波尔克2, summary=测试博客2, content=<p>测试博客2</p>\n, tagUid=5626932d452c2ad863d9b3cb0b69d22d, blogSortUid=a03d7290b1c04b6eaf46659661b47032, fileUid=96e94eeacf3612504a40562b5e466191, adminUid=1f01cd1d2f474743b241d74008b12333, isPublish=1, isOriginal=1, author=陌溪, articlesPart=蘑菇博客, level=0, type=0, outsideLink=null, tagList=[Tag(content=学习笔记, clickCount=217, sort=216)], photoList=[http://82.156.177.91:8600/blog/admin/png/2021/10/25/1635174297779.png], blogSort=BlogSort(sortName=后端开发, content=后端开发专题, clickCount=372, sort=6, icon=el-icon-monitor), praiseCount=null, copyright=null, levelKeyword=null, useSort=0, sort=0, openComment=1, orderByDescColumn=null, orderByAscColumn=null, userUid=null, articleSource=0)}','编辑博客',1,'2021-10-25 23:09:35','2021-10-25 23:09:35','中国|浙江省|杭州市|移动',117),('2eff78ddb99f4a1439a6e78a4a1578d2','admin','1f01cd1d2f474743b241d74008b12333','112.10.222.237','/webConfig/editWebConfig','POST','com.moxi.mogublog.admin.restapi.WebConfigRestApi','editWebConfig','{\"result\":org.springframework.validation.BeanPropertyBindingResult: 0 errors,\"webConfigVO\":WebConfigVO(logo=,0a5331caf040ea332dfedcf3287935dc, name=蘑菇博客, title=蘑菇博客, summary=蘑菇博客, keyword=蘑菇博客, author=陌溪, recordNum=, aliPay=b4bb7ba9905203188eb89895f0e7c121, weixinPay=0a55fb8d7181493e4fe781a08ff522ad, linkApplyTemplate=, openComment=1, openMobileComment=0, openAdmiration=1, openMobileAdmiration=0, openCreateBlog=1, openCreateQuestion=0, github=https://github.com/moxi624, gitee=https://gitee.com/moxi159753, qqNumber=1595833114, qqGroup=950309755, weChat=, email=1595833114@qq.com, showList=[\"2\",\"3\",\"4\",\"5\",\"1\"], loginTypeList=[\"3\",\"4\",\"1\",\"2\"], photoList=[http://localhost:8600/blog/admin/png/2021/5/17/1621237908824.png], aliPayPhoto=null, weixinPayPhoto=null)}','修改网站配置',1,'2021-10-25 22:56:09','2021-10-25 22:56:09','中国|浙江省|杭州市|移动',272),('38d828b8da634eabad852891b1f5f680','admin','1f01cd1d2f474743b241d74008b12333','112.10.222.237','/blog/edit','POST','com.moxi.mogublog.admin.restapi.BlogRestApi','edit','{\"result\":org.springframework.validation.BeanPropertyBindingResult: 0 errors,\"blogVO\":BlogVO(title=测试4, summary=测试4, content=<p>测试4</p>\n, tagUid=7e0e93ea6cdb44ae92e58f48e6496ed7, blogSortUid=a03d7290b1c04b6eaf46659661b47032, fileUid=295f4e11a4b4ce89da861cc8af2fb869, adminUid=1f01cd1d2f474743b241d74008b12333, isPublish=1, isOriginal=1, author=admin, articlesPart=蘑菇博客, level=0, type=0, outsideLink=null, tagList=[Tag(content=Java, clickCount=1688, sort=1649)], photoList=[http://82.156.177.91:8600/blog/admin/png/2021/10/25/1635174297898.png], blogSort=BlogSort(sortName=后端开发, content=后端开发专题, clickCount=372, sort=6, icon=el-icon-monitor), praiseCount=null, copyright=null, levelKeyword=null, useSort=0, sort=0, openComment=1, orderByDescColumn=null, orderByAscColumn=null, userUid=null, articleSource=0)}','编辑博客',1,'2021-10-25 23:05:59','2021-10-25 23:05:59','中国|浙江省|杭州市|移动',97),('3bd4380868413bcec3cb76430c8ff87b','admin','1f01cd1d2f474743b241d74008b12333','112.10.222.237','/blog/edit','POST','com.moxi.mogublog.admin.restapi.BlogRestApi','edit','{\"result\":org.springframework.validation.BeanPropertyBindingResult: 0 errors,\"blogVO\":BlogVO(title=测试444, summary=测试444, content=<p>测试444</p>\n, tagUid=7e0e93ea6cdb44ae92e58f48e6496ed7, blogSortUid=a03d7290b1c04b6eaf46659661b47032, fileUid=74fdc97330f33eff09bea0cabdfb8c01, adminUid=1f01cd1d2f474743b241d74008b12333, isPublish=1, isOriginal=1, author=admin, articlesPart=蘑菇博客, level=2, type=0, outsideLink=null, tagList=[Tag(content=Java, clickCount=1688, sort=1649)], photoList=[http://82.156.177.91:8600/blog/admin/png/2021/10/25/1635174297380.png], blogSort=BlogSort(sortName=后端开发, content=后端开发专题, clickCount=372, sort=6, icon=el-icon-monitor), praiseCount=null, copyright=null, levelKeyword=null, useSort=0, sort=0, openComment=1, orderByDescColumn=null, orderByAscColumn=null, userUid=null, articleSource=0)}','编辑博客',1,'2021-10-25 23:07:02','2021-10-25 23:07:02','中国|浙江省|杭州市|移动',103),('41c970354c5af952dbea0f35ee04e0da','admin','1f01cd1d2f474743b241d74008b12333','39.182.27.13','/webConfig/editWebConfig','POST','com.moxi.mogublog.admin.restapi.WebConfigRestApi','editWebConfig','{\"result\":org.springframework.validation.BeanPropertyBindingResult: 0 errors,\"webConfigVO\":WebConfigVO(logo=,0a5331caf040ea332dfedcf3287935dc, name=蘑菇博客, title=蘑菇博客, summary=蘑菇博客, keyword=蘑菇博客, author=陌溪, recordNum=, aliPay=b4bb7ba9905203188eb89895f0e7c121, weixinPay=0a55fb8d7181493e4fe781a08ff522ad, linkApplyTemplate=, openComment=1, openMobileComment=0, openAdmiration=1, openMobileAdmiration=0, openCreateBlog=1, openCreateQuestion=1, github=https://github.com/moxi624, gitee=https://gitee.com/moxi159753, qqNumber=1595833114, qqGroup=950309755, weChat=, email=1595833114@qq.com, showList=[\"2\",\"3\",\"4\",\"5\",\"1\"], loginTypeList=[\"3\",\"4\",\"1\",\"2\"], openLoadingValid=1, loadingValidFileUid=null, loadingValidText=null, photoList=[http://106.52.63.60:8600/blog/admin/png/2021/5/17/1621237908824.png], aliPayPhoto=null, weixinPayPhoto=null)}','修改网站配置',1,'2021-12-18 19:33:13','2021-12-18 19:33:13','中国|浙江省|杭州市|移动',53),('45a7a940ea5fcee61286a14acde74213','admin','1f01cd1d2f474743b241d74008b12333','112.10.222.237','/systemConfig/editSystemConfig','POST','com.moxi.mogublog.admin.restapi.SystemConfigRestApi','editSystemConfig','{\"systemConfigVO\":SystemConfigVO(qiNiuAccessKey=QKD378sek_yRy0AlpWEzT_U_oni0SfrrxaP2lgWX, qiNiuSecretKey=Vjh0zPBLrflxYn08YNIG4rkRYv7sqtlMccgd8QzL, qiNiuBucket=testmogublog, qiNiuArea=z2, uploadQiNiu=0, uploadLocal=1, picturePriority=0, contentPicturePriority=0, localPictureBaseUrl=http://82.156.177.91:8600, qiNiuPictureBaseUrl=http://testimage.moguit.cn/, email=123456789@qq.com, emailUserName=null, emailPassword=, smtpAddress=null, smtpPort=, startEmailNotification=0, editorModel=0, themeColor=#000303, uploadMinio=0, minioEndPoint=http://121.62.22.36:9090, minioAccessKey=mogu2018, minioSecretKey=mogu2018, minioBucket=mogublog, minioPictureBaseUrl=http://121.62.22.36:9090, dashboardNotification=<p>欢迎来到蘑菇博客项目，开源项目离不开大家的支持，希望小伙伴能随手点赞一下，你的点赞就是我维护的动力~</p>\n\n<p>项目源码：<a href=\"https://gitee.com/moxi159753/mogu_blog_v2\"><span style=\"color:#0000cd\">点我传送</span></a>，项目文档：<a href=\"http://moxi159753.gitee.io/mogu_blog_doc/#/\" target=\"_blank\"><span style=\"color:#0000ff\">点我传送</span></a>，项目官网：<a href=\"http://www.moguit.cn/#/\" target=\"_blank\"><span style=\"color:#0000ff\">点我传送</span></a>，学习笔记：<a href=\"https://gitee.com/moxi159753/LearningNotes\" target=\"_blank\"><span style=\"color:#0000ff\">点我传送</span></a></p>\n\n<p>蘑菇博客使用了一些监控的Spring Cloud组件，但是并不一定都需要部署，必须启动的服务包含</p>\n\n<p><code>nacos</code>，<code>nginx</code>，<code>rabbitmq</code>，&nbsp;<code>redis</code>，<code>mysql</code>，<code>mogu-gateway</code>,&nbsp;&nbsp;<code>mogu-sms</code>，<code>mogu-picture</code>，&nbsp;<code>mogu-web</code>,&nbsp;<code>mogu-admin</code></p>\n\n<p>其它的服务都可以不启动，也不影正常使用，可以根据自身服务器配置来启动</p>\n\n<p>最低配置：1核2G&nbsp;<code>需要开启虚拟内存</code></p>\n\n<p>推荐配置：2核4G 【双十二特惠】</p>\n\n<p>双12活动开始喽~，本次优惠力度非常大，如果有需求的，欢迎点击下面链接购买</p>\n\n<p>【阿里云】云服务器双12狂欢特惠，1核2G 5M轻量级应用服务器114元/年【博主使用】&nbsp;<a href=\"https://www.aliyun.com/minisite/goods?userCode=w7aungxw\"><span style=\"color:#0000ff\">点我传送</span></a></p>\n\n<p>【腾讯云】云产品限时秒杀，爆款1核2G云服务器，首年99元（老用户重新用微信QQ注册即可）&nbsp;<a href=\"https://curl.qcloud.com/zry6xub9\"><span style=\"color:#0000ff\">点我进入</span></a></p>\n\n<p>服务器和域名等服务的购买和续费都会产生一定的费用，为了维持项目的正常运作，如果觉得本项目对您有帮助的话</p>\n\n<p>欢迎朋友能够给予一些支持，非常感谢~（ps.. 小伙伴赞赏的时候可以备注一下下~）</p>\n\n<table border=\"1\" cellpadding=\"1\" cellspacing=\"1\" style=\"width:500px\">\n	<tbody>\n		<tr>\n			<td style=\"text-align:center\">微信</td>\n			<td style=\"text-align:center\">支付宝</td>\n		</tr>\n		<tr>\n			<td><img alt=\"\" src=\"http://demopicture.moguit.cn//blog/admin/png/2020/12/11/1607690861847.png\" /></td>\n			<td><img alt=\"\" src=\"http://demopicture.moguit.cn//blog/admin/png/2020/12/11/1607690798874.png\" /></td>\n		</tr>\n	</tbody>\n</table>\n, openDashboardNotification=1, openEmailActivate=0)}','修改系统配置',1,'2021-10-25 23:05:19','2021-10-25 23:05:19','中国|浙江省|杭州市|移动',205),('64824023b327ec92fe55a4035da6acec','admin','1f01cd1d2f474743b241d74008b12333','39.182.27.13','/admin/edit','POST','com.moxi.mogublog.admin.restapi.AdminRestApi','edit','{\"result\":org.springframework.validation.BeanPropertyBindingResult: 0 errors,\"adminVO\":AdminVO(userName=admin, passWord=$2a$10$B0n1cVKwXok9fu9WKmw6wuuLriYmtnaUGfpHdch6OCAtFxa8zmljO, nickName=admin, gender=1, avatar=20c3d4696b46016d37f07df756b7a2e2, email=null, birthday=null, mobile=null, qqNumber=null, weChat=null, occupation=Java开发工程师, summary=种树最好的时候是十年前，其次是现在！, personResume=<h2>源码&amp;文档</h2>\n\n<p>目前蘑菇博客源码已经开源至<a href=\"https://gitee.com/moxi159753/mogu_blog_v2\" target=\"_blank\">码云</a>和<a href=\"https://github.com/moxi624/mogu_blog_v2\" target=\"_blank\">Github</a>中，感兴趣的小伙伴可以star fork关注一下下~</p>\n\n<p>Gitee地址：<a href=\"https://gitee.com/moxi159753/mogu_blog_v2\" target=\"_blank\">https://gitee.com/moxi159753/mogu_blog_v2</a></p>\n\n<p>Github地址：<a href=\"https://github.com/moxi624/mogu_blog_v2\" target=\"_blank\">https://github.com/moxi624/mogu_blog_v2</a></p>\n\n<p>文档地址：<a href=\"http://moxi159753.gitee.io/mogu_blog_doc\" target=\"_blank\">http://moxi159753.gitee.io/mogu_blog_doc</a></p>\n\n<p>备用文档地址：<a href=\"http://doc.moguit.cn/\" target=\"_blank\">http://doc.moguit.cn</a></p>\n\n<p>蘑菇博客笔记：<a href=\"https://gitee.com/moxi159753/LearningNotes\">https://gitee.com/moxi159753/LearningNotes</a></p>\n\n<h2>关于本站</h2>\n\n<p>本站目前部署在阿里云的轻量应用服务器，配置为1核2G5M，学生价为114元/年</p>\n\n<p>因为目前采用的配置比较低，有一些服务都没有启动，目前只启动的服务有 mogu-eureka，mogu-picture，mogu-sms，mogu-web，mogu-admin</p>\n\n<p>如果您想开启全部功能的话 ，推荐采用2核4G的云服务器进行本项目的部署</p>\n\n<p>最低配置：1核2G (需要开启虚拟内存)</p>\n\n<p>推荐配置：2核4G</p>\n\n<blockquote>\n<p>【阿里云】云服务器狂欢特惠，1核2G 5M轻量级应用服务器114元/年【博主使用】&nbsp;<a href=\"https://www.aliyun.com/minisite/goods?userCode=w7aungxw\">点我进入</a></p>\n\n<p>【阿里云】亿元补贴，充值返卷，万份飞天礼包等你来抢，2核2G 最低仅需86元/年&nbsp;<a href=\"https://www.aliyun.com/purchasing/2021?userCode=w7aungxw\">点我传送</a></p>\n\n<p>【腾讯云】云产品限时秒杀，爆款1核2G云服务器，首年99元（老用户重新用微信QQ注册即可）&nbsp;<a href=\"https://curl.qcloud.com/zry6xub9\">点我进入</a></p>\n</blockquote>\n\n<p>&nbsp;</p>\n\n<hr />\n<h2>友链申请</h2>\n\n<p>如果您想和蘑菇博客交换友链，可以登录后，在个人中心的友链申请处进行申请（我会收到邮件通知~），或者也可以在留言板上进行留言，我看到后也会添加上去~</p>\n\n<ul>\n	<li>请确定贵站可以稳定运营，原创文章数量超过20篇</li>\n	<li>原创博客优先，技术类博客优先</li>\n	<li>申请前请先添加下方蘑菇博客友链</li>\n</ul>\n\n<blockquote>\n<p>网站名称：蘑菇博客</p>\n\n<p>网站LOGO：<a href=\"http://picture.moguit.cn/blog/admin/png/2020/11/9/1604885496928.png\" target=\"_blank\">点我查看</a></p>\n\n<p>网站简介：蘑菇博客 - 专注于技术分享的博客平台</p>\n\n<p>网站地址：http://www.moguit.cn</p>\n</blockquote>\n\n<h2>关于我</h2>\n\n<p><strong>陌溪</strong>&nbsp;是一个从三本院校一路摸滚翻爬上来的程序员。目前就职于&nbsp;<strong>字节跳动的Data广告部门</strong>，是字节跳动全线产品的商业变现研发团队。这两天创建了一个&nbsp;<strong>微信公众号【陌溪教你学编程】</strong>，未来将会在公众号上持续性的输出很多原创小知识以及学习资源，欢迎各位小伙伴关注我，和我一起共同学习，同时我也希望各位小伙伴能够给<strong>蘑菇博客</strong>项目<strong>多多 Star支持</strong>，您的<strong>点赞</strong>就是我维护的动力！</p>\n\n<table border=\"1\" cellpadding=\"1\" cellspacing=\"1\">\n	<tbody>\n		<tr>\n			<td>微信公众号【陌溪教你学编程】</td>\n			<td>微信群【陌溪教你学编程】</td>\n		</tr>\n		<tr>\n			<td><img alt=\"\" src=\"http://localhost:8600/blog/admin/jpg/2021/5/28/1622202938766.jpg\" /></td>\n			<td><img alt=\"\" src=\"http://localhost:8600/blog/admin/jpg/2021/5/28/1622202940094.jpg\" /></td>\n		</tr>\n	</tbody>\n</table>\n\n<p>正宗95后，爱编程，爱旅游，爱生活，爱锻炼，从刚研究生入学后，就坚持着写代码</p>\n\n<blockquote>\n<p>意志力和天生才华，都是人们在事实发生了之后再去赋予某个人的优点：杰森是位不可思议的网球选手，因此，他一定生下来就具有这种才华；杰尼年复一年地练习拉小提琴，每天坚持几个小时，因此，他一定有着令人难以置信的意志力。</p>\n\n<p>&mdash;&mdash;《刻意练习：从新手到大师》</p>\n</blockquote>\n\n<p>平时喜欢把学习上遇到的问题以博客的方式记录下来，主要目的是为了巩固自己的知识，在以后遇到问题的时候，能够非常快速的查阅</p>\n\n<blockquote>\n<p>内心没有阳光的人温暖不了别人。用心写博客，知识不是高谈阔论，是现实点点滴滴的积累</p>\n</blockquote>\n\n<p>最近可能随着研究生生涯过半，已经要着手开始写小论文的事情了，博客项目的更新估计会变的比较缓慢，应该不会存在大版本的更新迭代了，不过每天应该会抽出一点点时间，来解决博客存在的问题~</p>\n\n<p>目前博客项目的技术功能也编写的差不多，可能还要做的就是SEO优化，后面一段时间应该注重于网站的稳定性和BUG的解决，要是小伙伴在使用的时候，发现了什么问题，欢迎私聊我，或者在QQ群里提出~</p>\n\n<p>在今年的8、9月份，也该着手于校招了，后面应该更多的时间沉淀在Java的基础学习了</p>\n\n<p><img src=\"http://localhost:8600/blog/admin/jpg/2021/5/28/1622202940219.jpg\" /></p>\n\n<p>回顾2019年，每天也会在项目中，花费一些时间去提交代码，可能有的时候是增加了新功能，有的时候是解决一个BUG，到现在已经成为了一个习惯了，因此博客项目中也添加了比较多的有趣的功能，比如这个文章贡献度</p>\n\n<p><img src=\"http://localhost:8600/blog/admin/jpg/2021/5/28/1622202939943.jpg\" /></p>\n\n<p>哈哈哈，其实它和码云上的代码贡献度是一样的，每次发表一篇博客，就会标记出个点，点越大说明该天发表博客越多，可能是因为自己有些强迫症的原因，不过我也希望能够借此来激励自己养成每天写博客的习惯，通过分享自己学习到的东西，来和各位IT的前辈们共同进步。</p>\n\n<p>当然闲暇之余也会玩玩游戏，有空的时候会在酒馆搓搓炉石~，玩玩农药，有喜欢的小伙伴也可以一起，虽然我贼菜</p>\n\n<hr />\n<h2>项目起因</h2>\n\n<p>本博客项目由我和几个小伙伴参与开发的，最开始的搭建蘑菇博客的初心是为了巩固和学习Java开发的一些知识，因此项目的技术选型都是比较新颖的技术，可能这些技术并不一定适用于博客系统，但是我也想着能尽可能把更多的技术融合进来，毕竟通过自己手把手的操作一遍，也能够算是入门了。我也很庆幸我成功将自己的项目开源出来了，并且坚持下来，蘑菇博客起源是2018年9月，到想在也已经度过了1年半的岁月。我也从最开始只会一点点Jsp和Servlet就出去找工作的傻小子慢慢成长了，在读研之前，我也在公司里呆过，算上来好像将近快一年，很感谢之前在公司里的同事和领导，是他们带我入门企业级的项目开发，让我养成了很多Java项目开发的规范，但是真正在自己手把手搭建一个项目的时候，其实还是有很多的不足之处。</p>\n\n<blockquote>\n<p>苟有恒,何必三更眠五更起,最无益,莫过一日曝十日寒</p>\n</blockquote>\n, github=https://github.com/moxi624/mogu_blog_v2, gitee=https://gitee.com/moxi159753/mogu_blog_v2, roleUid=434994947c5a4ee3a710cd277357c7c3, storageSize=36400660, maxStorageSize=500, userUid=null)}','更新管理员',1,'2021-12-18 19:32:14','2021-12-18 19:32:14','中国|浙江省|杭州市|移动',87),('64df24f84e846e7a36020a31a94f959b','admin','1f01cd1d2f474743b241d74008b12333','112.10.222.237','/blog/edit','POST','com.moxi.mogublog.admin.restapi.BlogRestApi','edit','{\"result\":org.springframework.validation.BeanPropertyBindingResult: 0 errors,\"blogVO\":BlogVO(title=测试问题, summary=测试问题, content=<p>测试问题测试问题测试问题</p>\n, tagUid=7e0e93ea6cdb44ae92e58f48e6496ed7, blogSortUid=a03d7290b1c04b6eaf46659661b47032, fileUid=96e94eeacf3612504a40562b5e466191, adminUid=null, isPublish=0, isOriginal=1, author=mogu2022, articlesPart=蘑菇博客, level=0, type=0, outsideLink=null, tagList=[Tag(content=Java, clickCount=1688, sort=1649)], photoList=[http://82.156.177.91:8600/blog/admin/png/2021/10/25/1635174297779.png], blogSort=BlogSort(sortName=后端开发, content=后端开发专题, clickCount=372, sort=6, icon=el-icon-monitor), praiseCount=null, copyright=null, levelKeyword=null, useSort=0, sort=0, openComment=1, orderByDescColumn=null, orderByAscColumn=null, userUid=595ab5582fad346907bec50e09e119cf, articleSource=0)}','编辑博客',1,'2021-10-25 23:05:46','2021-10-25 23:05:46','中国|浙江省|杭州市|移动',1255),('6b3054a64fdfca075e01870b1001bbdc','admin','1f01cd1d2f474743b241d74008b12333','39.182.27.13','/user/edit','POST','com.moxi.mogublog.admin.restapi.UserRestApi','edit','{\"result\":org.springframework.validation.BeanPropertyBindingResult: 0 errors,\"userVO\":UserVO(userName=mogu2020, passWord=972d768bb099b1de8fd2362275256fac, nickName=mogu2020, gender=1, avatar=f9ca26b3268806a60c5b2367769d33e4, email=1595833114@qq.com, birthday=null, mobile=null, qqNumber=null, weChat=null, occupation=null, summary=null, editorModel=1, source=MOGU, uuid=null, commentStatus=0, startEmailNotification=0, userTag=2, photoUrl=http://106.52.63.60:8600/blog/admin/jpg/2021/12/18/1639827093799.jpg, orderByDescColumn=null, orderByAscColumn=null, backgroundFileUid=null, refresh=false)}','编辑用户',1,'2021-12-18 19:31:36','2021-12-18 19:31:36','中国|浙江省|杭州市|移动',63),('7454b9a4aeaf278772d7954f716ed971','admin','1f01cd1d2f474743b241d74008b12333','39.182.27.13','/user/edit','POST','com.moxi.mogublog.admin.restapi.UserRestApi','edit','{\"result\":org.springframework.validation.BeanPropertyBindingResult: 0 errors,\"userVO\":UserVO(userName=mogu2022, passWord=402bd8a798ba87a4fc28f0c092daed23, nickName=mogu2022, gender=1, avatar=352e2dac1cd5f7ec28d48b34ae311b3b, email=mogu2022@qq.com, birthday=null, mobile=null, qqNumber=null, weChat=null, occupation=null, summary=null, editorModel=1, source=MOGU, uuid=null, commentStatus=1, startEmailNotification=0, userTag=0, photoUrl=http://106.52.63.60:8600/blog/admin/jpg/2021/12/18/1639827080581.jpg, orderByDescColumn=null, orderByAscColumn=null, backgroundFileUid=null, refresh=false)}','编辑用户',1,'2021-12-18 19:31:24','2021-12-18 19:31:24','中国|浙江省|杭州市|移动',51),('74e3390e4ee0ba4957866e47694d3fac','admin','1f01cd1d2f474743b241d74008b12333','39.182.27.13','/webNavbar/delete','POST','com.moxi.mogublog.admin.restapi.WebNavbarRestApi','delete','{\"result\":org.springframework.validation.BeanPropertyBindingResult: 0 errors,\"webNavbarVO\":WebNavbarVO(name=null, navbarLevel=null, summary=null, icon=null, parentUid=null, url=null, sort=null, isShow=null, isJumpExternalUrl=null)}','删除门户导航栏',1,'2021-12-18 19:34:59','2021-12-18 19:34:59','中国|浙江省|杭州市|移动',47),('924478ca4dd0fd8206c804edbd2d3e0f','admin','1f01cd1d2f474743b241d74008b12333','112.10.222.237','/blog/edit','POST','com.moxi.mogublog.admin.restapi.BlogRestApi','edit','{\"result\":org.springframework.validation.BeanPropertyBindingResult: 0 errors,\"blogVO\":BlogVO(title=测试444, summary=测试444, content=<p>测试444</p>\n, tagUid=7e0e93ea6cdb44ae92e58f48e6496ed7, blogSortUid=a03d7290b1c04b6eaf46659661b47032, fileUid=74fdc97330f33eff09bea0cabdfb8c01, adminUid=1f01cd1d2f474743b241d74008b12333, isPublish=1, isOriginal=1, author=admin, articlesPart=蘑菇博客, level=0, type=0, outsideLink=null, tagList=[Tag(content=Java, clickCount=1688, sort=1649)], photoList=[http://82.156.177.91:8600/blog/admin/png/2021/10/25/1635174297380.png], blogSort=BlogSort(sortName=后端开发, content=后端开发专题, clickCount=372, sort=6, icon=el-icon-monitor), praiseCount=null, copyright=null, levelKeyword=null, useSort=0, sort=0, openComment=1, orderByDescColumn=null, orderByAscColumn=null, userUid=null, articleSource=0)}','编辑博客',1,'2021-10-25 23:05:52','2021-10-25 23:05:52','中国|浙江省|杭州市|移动',117),('92a80d8102fe1f098fb6e6b69ae6f640','admin','1f01cd1d2f474743b241d74008b12333','112.10.222.237','/picture/delete','POST','com.moxi.mogublog.admin.restapi.PictureRestApi','delete','{\"pictureVO\":PictureVO(fileUid=null, fileUids=null, picName=null, pictureSortUid=null)}','删除图片',1,'2021-10-25 23:04:35','2021-10-25 23:04:35','中国|浙江省|杭州市|移动',590),('930783dfe57646b4d18de5ed58a28d43','admin','1f01cd1d2f474743b241d74008b12333','39.182.27.13','/user/edit','POST','com.moxi.mogublog.admin.restapi.UserRestApi','edit','{\"result\":org.springframework.validation.BeanPropertyBindingResult: 0 errors,\"userVO\":UserVO(userName=mogu2021, passWord=c5dea93b3377f5a40245f518505ab479, nickName=mogu2021, gender=1, avatar=7035807923efe69b1ab6810b01b193a3, email=mogu2021@qq.com, birthday=null, mobile=null, qqNumber=null, weChat=null, occupation=null, summary=null, editorModel=1, source=MOGU, uuid=null, commentStatus=1, startEmailNotification=0, userTag=2, photoUrl=http://106.52.63.60:8600/blog/admin/jpg/2021/12/18/1639827069391.jpg, orderByDescColumn=null, orderByAscColumn=null, backgroundFileUid=null, refresh=false)}','编辑用户',1,'2021-12-18 19:33:42','2021-12-18 19:33:42','中国|浙江省|杭州市|移动',35),('94a90b6effa24f86ef60316650a6df71','admin','1f01cd1d2f474743b241d74008b12333','112.10.222.237','/blog/edit','POST','com.moxi.mogublog.admin.restapi.BlogRestApi','edit','{\"result\":org.springframework.validation.BeanPropertyBindingResult: 0 errors,\"blogVO\":BlogVO(title=测试, summary=测试, content=<p>测试</p>\n, tagUid=7e0e93ea6cdb44ae92e58f48e6496ed7, blogSortUid=a03d7290b1c04b6eaf46659661b47032, fileUid=96e94eeacf3612504a40562b5e466191, adminUid=1f01cd1d2f474743b241d74008b12333, isPublish=1, isOriginal=1, author=admin, articlesPart=蘑菇博客, level=0, type=0, outsideLink=null, tagList=[Tag(content=Java, clickCount=1688, sort=1649)], photoList=[http://82.156.177.91:8600/blog/admin/png/2021/10/25/1635174297779.png], blogSort=BlogSort(sortName=后端开发, content=后端开发专题, clickCount=372, sort=6, icon=el-icon-monitor), praiseCount=null, copyright=null, levelKeyword=null, useSort=0, sort=0, openComment=1, orderByDescColumn=null, orderByAscColumn=null, userUid=null, articleSource=0)}','编辑博客',1,'2021-10-25 23:06:06','2021-10-25 23:06:06','中国|浙江省|杭州市|移动',87),('a125bd631b92802eda3abd1a4434e6c6','admin','1f01cd1d2f474743b241d74008b12333','112.10.222.237','/blog/edit','POST','com.moxi.mogublog.admin.restapi.BlogRestApi','edit','{\"result\":org.springframework.validation.BeanPropertyBindingResult: 0 errors,\"blogVO\":BlogVO(title=测试问题, summary=测试问题, content=<p>测试问题测试问题测试问题</p>\n, tagUid=7e0e93ea6cdb44ae92e58f48e6496ed7, blogSortUid=a03d7290b1c04b6eaf46659661b47032, fileUid=96e94eeacf3612504a40562b5e466191, adminUid=1f01cd1d2f474743b241d74008b12333, isPublish=1, isOriginal=1, author=mogu2022, articlesPart=蘑菇博客, level=0, type=0, outsideLink=null, tagList=[Tag(content=Java, clickCount=1688, sort=1649)], photoList=[http://82.156.177.91:8600/blog/admin/png/2021/10/25/1635174297779.png], blogSort=BlogSort(sortName=后端开发, content=后端开发专题, clickCount=372, sort=6, icon=el-icon-monitor), praiseCount=null, copyright=null, levelKeyword=null, useSort=0, sort=0, openComment=1, orderByDescColumn=null, orderByAscColumn=null, userUid=595ab5582fad346907bec50e09e119cf, articleSource=0)}','编辑博客',1,'2021-10-25 23:06:14','2021-10-25 23:06:14','中国|浙江省|杭州市|移动',105),('a4a7f2029458dd1ab287af62694f0701','admin','1f01cd1d2f474743b241d74008b12333','112.10.222.237','/blog/edit','POST','com.moxi.mogublog.admin.restapi.BlogRestApi','edit','{\"result\":org.springframework.validation.BeanPropertyBindingResult: 0 errors,\"blogVO\":BlogVO(title=go测试, summary=go测试, content=<p>go测试</p>\n<pre><code class=\"language-go\">package main\n\nimport (\n	&quot;context&quot;\n	&quot;fmt&quot;\n	&quot;go.etcd.io/etcd/clientv3&quot;\n	&quot;time&quot;\n)\n\nfunc main() {\n	cli, err := clientv3.New(clientv3.Config {\n		Endpoints: []string{&quot;127.0.0.1:2379&quot;}, // etcd的节点，可以传入多个\n		DialTimeout: 5*time.Second, // 连接超时时间\n	})\n\n	if err != nil {\n		fmt.Printf(&quot;connect to etcd failed, err: %v \\n&quot;, err)\n		return\n	}\n	fmt.Println(&quot;connect to etcd success&quot;)\n\n	// 延迟关闭\n	defer cli.Close()\n\n	// put操作  设置1秒超时\n	ctx, cancel := context.WithTimeout(context.Background(), time.Second)\n	_, err = cli.Put(ctx, &quot;moxi&quot;, &quot;lalala&quot;)\n	cancel()\n	if err != nil {\n		fmt.Printf(&quot;put to etcd failed, err:%v \\n&quot;, err)\n		return\n	}\n\n	// get操作，设置1秒超时\n	ctx, cancel = context.WithTimeout(context.Background(), time.Second)\n	resp, err := cli.Get(ctx, &quot;q1mi&quot;)\n	cancel()\n	if err != nil {\n		fmt.Printf(&quot;get from etcd failed, err:%v \\n&quot;, err)\n		return\n	}\n	fmt.Println(resp)\n}\n</code></pre>\n, tagUid=5626932d452c2ad863d9b3cb0b69d22d, blogSortUid=a03d7290b1c04b6eaf46659661b47032, fileUid=74fdc97330f33eff09bea0cabdfb8c01, adminUid=1f01cd1d2f474743b241d74008b12333, isPublish=1, isOriginal=1, author=陌溪, articlesPart=蘑菇博客, level=0, type=0, outsideLink=null, tagList=[Tag(content=学习笔记, clickCount=217, sort=216)], photoList=[http://82.156.177.91:8600/blog/admin/png/2021/10/25/1635174297380.png], blogSort=BlogSort(sortName=后端开发, content=后端开发专题, clickCount=372, sort=6, icon=el-icon-monitor), praiseCount=null, copyright=null, levelKeyword=null, useSort=0, sort=0, openComment=1, orderByDescColumn=null, orderByAscColumn=null, userUid=null, articleSource=0)}','编辑博客',1,'2021-10-25 23:09:45','2021-10-25 23:09:45','中国|浙江省|杭州市|移动',79),('ae308ccfc0c33f7f4cec75c370940ef3','admin','1f01cd1d2f474743b241d74008b12333','39.182.27.13','/user/edit','POST','com.moxi.mogublog.admin.restapi.UserRestApi','edit','{\"result\":org.springframework.validation.BeanPropertyBindingResult: 0 errors,\"userVO\":UserVO(userName=mogu2019, passWord=972d768bb099b1de8fd2362275256fac, nickName=mogu2019, gender=1, avatar=b98200e65d8db87f6237c77bc00769e2, email=1595833114@qq.com, birthday=null, mobile=null, qqNumber=null, weChat=null, occupation=null, summary=null, editorModel=1, source=MOGU, uuid=null, commentStatus=1, startEmailNotification=0, userTag=0, photoUrl=http://106.52.63.60:8600/blog/admin/jpg/2021/12/18/1639827109215.jpg, orderByDescColumn=null, orderByAscColumn=null, backgroundFileUid=null, refresh=false)}','编辑用户',1,'2021-12-18 19:31:51','2021-12-18 19:31:51','中国|浙江省|杭州市|移动',31),('af1479d29f730c4f523da3895c3e4eaf','admin','1f01cd1d2f474743b241d74008b12333','39.182.27.13','/admin/edit','POST','com.moxi.mogublog.admin.restapi.AdminRestApi','edit','{\"result\":org.springframework.validation.BeanPropertyBindingResult: 0 errors,\"adminVO\":AdminVO(userName=mogu2018, passWord=$2a$10$mPlEFU73rmV3rIZD0fMjMua5Gcj.YOiKV.F1uyCvXIB3ajG6oBLGK, nickName=mogu2018, gender=1, avatar=03ca595e91871ed0bfbed6450cdccf5c, email=1595833114@qq.com, birthday=null, mobile=null, qqNumber=null, weChat=null, occupation=null, summary=null, personResume=<h2 id=\"测试\">测试</h2>\n, github=null, gitee=null, roleUid=ad92f1639508ca405728f4981770793b, storageSize=177619, maxStorageSize=500, userUid=null)}','更新管理员',1,'2021-12-18 19:32:22','2021-12-18 19:32:22','中国|浙江省|杭州市|移动',87),('bbd9b8e215ea760725f4a8a83111658a','admin','1f01cd1d2f474743b241d74008b12333','39.182.27.13','/admin/edit','POST','com.moxi.mogublog.admin.restapi.AdminRestApi','edit','{\"result\":org.springframework.validation.BeanPropertyBindingResult: 0 errors,\"adminVO\":AdminVO(userName=admin, passWord=$2a$10$B0n1cVKwXok9fu9WKmw6wuuLriYmtnaUGfpHdch6OCAtFxa8zmljO, nickName=admin, gender=1, avatar=20c3d4696b46016d37f07df756b7a2e2, email=null, birthday=null, mobile=null, qqNumber=null, weChat=null, occupation=Java开发工程师, summary=种树最好的时候是十年前，其次是现在！, personResume=<h2>源码&amp;文档</h2>\n\n<p>目前蘑菇博客源码已经开源至<a href=\"https://gitee.com/moxi159753/mogu_blog_v2\" target=\"_blank\">码云</a>和<a href=\"https://github.com/moxi624/mogu_blog_v2\" target=\"_blank\">Github</a>中，感兴趣的小伙伴可以star fork关注一下下~</p>\n\n<p>Gitee地址：<a href=\"https://gitee.com/moxi159753/mogu_blog_v2\" target=\"_blank\">https://gitee.com/moxi159753/mogu_blog_v2</a></p>\n\n<p>Github地址：<a href=\"https://github.com/moxi624/mogu_blog_v2\" target=\"_blank\">https://github.com/moxi624/mogu_blog_v2</a></p>\n\n<p>文档地址：<a href=\"http://moxi159753.gitee.io/mogu_blog_doc\" target=\"_blank\">http://moxi159753.gitee.io/mogu_blog_doc</a></p>\n\n<p>备用文档地址：<a href=\"http://doc.moguit.cn/\" target=\"_blank\">http://doc.moguit.cn</a></p>\n\n<p>蘑菇博客笔记：<a href=\"https://gitee.com/moxi159753/LearningNotes\">https://gitee.com/moxi159753/LearningNotes</a></p>\n\n<h2>关于本站</h2>\n\n<p>本站目前部署在阿里云的轻量应用服务器，配置为1核2G5M，学生价为114元/年</p>\n\n<p>因为目前采用的配置比较低，有一些服务都没有启动，目前只启动的服务有 mogu-eureka，mogu-picture，mogu-sms，mogu-web，mogu-admin</p>\n\n<p>如果您想开启全部功能的话 ，推荐采用2核4G的云服务器进行本项目的部署</p>\n\n<p>最低配置：1核2G (需要开启虚拟内存)</p>\n\n<p>推荐配置：2核4G</p>\n\n<blockquote>\n<p>【阿里云】云服务器狂欢特惠，1核2G 5M轻量级应用服务器114元/年【博主使用】&nbsp;<a href=\"https://www.aliyun.com/minisite/goods?userCode=w7aungxw\">点我进入</a></p>\n\n<p>【阿里云】亿元补贴，充值返卷，万份飞天礼包等你来抢，2核2G 最低仅需86元/年&nbsp;<a href=\"https://www.aliyun.com/purchasing/2021?userCode=w7aungxw\">点我传送</a></p>\n\n<p>【腾讯云】云产品限时秒杀，爆款1核2G云服务器，首年99元（老用户重新用微信QQ注册即可）&nbsp;<a href=\"https://curl.qcloud.com/zry6xub9\">点我进入</a></p>\n</blockquote>\n\n<p>&nbsp;</p>\n\n<hr />\n<h2>友链申请</h2>\n\n<p>如果您想和蘑菇博客交换友链，可以登录后，在个人中心的友链申请处进行申请（我会收到邮件通知~），或者也可以在留言板上进行留言，我看到后也会添加上去~</p>\n\n<ul>\n	<li>请确定贵站可以稳定运营，原创文章数量超过20篇</li>\n	<li>原创博客优先，技术类博客优先</li>\n	<li>申请前请先添加下方蘑菇博客友链</li>\n</ul>\n\n<blockquote>\n<p>网站名称：蘑菇博客</p>\n\n<p>网站LOGO：<a href=\"http://picture.moguit.cn/blog/admin/png/2020/11/9/1604885496928.png\" target=\"_blank\">点我查看</a></p>\n\n<p>网站简介：蘑菇博客 - 专注于技术分享的博客平台</p>\n\n<p>网站地址：http://www.moguit.cn</p>\n</blockquote>\n\n<h2>关于我</h2>\n\n<p><strong>陌溪</strong>&nbsp;是一个从三本院校一路摸滚翻爬上来的程序员。目前就职于&nbsp;<strong>字节跳动的Data广告部门</strong>，是字节跳动全线产品的商业变现研发团队。这两天创建了一个&nbsp;<strong>微信公众号【陌溪教你学编程】</strong>，未来将会在公众号上持续性的输出很多原创小知识以及学习资源，欢迎各位小伙伴关注我，和我一起共同学习，同时我也希望各位小伙伴能够给<strong>蘑菇博客</strong>项目<strong>多多 Star支持</strong>，您的<strong>点赞</strong>就是我维护的动力！</p>\n\n<table border=\"1\" cellpadding=\"1\" cellspacing=\"1\">\n	<tbody>\n		<tr>\n			<td>微信公众号【陌溪教你学编程】</td>\n			<td>微信群【陌溪教你学编程】</td>\n		</tr>\n		<tr>\n			<td><img alt=\"\" src=\"http://localhost:8600/blog/admin/jpg/2021/5/28/1622202938766.jpg\" /></td>\n			<td><img alt=\"\" src=\"http://localhost:8600/blog/admin/jpg/2021/5/28/1622202940094.jpg\" /></td>\n		</tr>\n	</tbody>\n</table>\n\n<p>正宗95后，爱编程，爱旅游，爱生活，爱锻炼，从刚研究生入学后，就坚持着写代码</p>\n\n<blockquote>\n<p>意志力和天生才华，都是人们在事实发生了之后再去赋予某个人的优点：杰森是位不可思议的网球选手，因此，他一定生下来就具有这种才华；杰尼年复一年地练习拉小提琴，每天坚持几个小时，因此，他一定有着令人难以置信的意志力。</p>\n\n<p>&mdash;&mdash;《刻意练习：从新手到大师》</p>\n</blockquote>\n\n<p>平时喜欢把学习上遇到的问题以博客的方式记录下来，主要目的是为了巩固自己的知识，在以后遇到问题的时候，能够非常快速的查阅</p>\n\n<blockquote>\n<p>内心没有阳光的人温暖不了别人。用心写博客，知识不是高谈阔论，是现实点点滴滴的积累</p>\n</blockquote>\n\n<p>最近可能随着研究生生涯过半，已经要着手开始写小论文的事情了，博客项目的更新估计会变的比较缓慢，应该不会存在大版本的更新迭代了，不过每天应该会抽出一点点时间，来解决博客存在的问题~</p>\n\n<p>目前博客项目的技术功能也编写的差不多，可能还要做的就是SEO优化，后面一段时间应该注重于网站的稳定性和BUG的解决，要是小伙伴在使用的时候，发现了什么问题，欢迎私聊我，或者在QQ群里提出~</p>\n\n<p>在今年的8、9月份，也该着手于校招了，后面应该更多的时间沉淀在Java的基础学习了</p>\n\n<p><img src=\"http://localhost:8600/blog/admin/jpg/2021/5/28/1622202940219.jpg\" /></p>\n\n<p>回顾2019年，每天也会在项目中，花费一些时间去提交代码，可能有的时候是增加了新功能，有的时候是解决一个BUG，到现在已经成为了一个习惯了，因此博客项目中也添加了比较多的有趣的功能，比如这个文章贡献度</p>\n\n<p><img src=\"http://localhost:8600/blog/admin/jpg/2021/5/28/1622202939943.jpg\" /></p>\n\n<p>哈哈哈，其实它和码云上的代码贡献度是一样的，每次发表一篇博客，就会标记出个点，点越大说明该天发表博客越多，可能是因为自己有些强迫症的原因，不过我也希望能够借此来激励自己养成每天写博客的习惯，通过分享自己学习到的东西，来和各位IT的前辈们共同进步。</p>\n\n<p>当然闲暇之余也会玩玩游戏，有空的时候会在酒馆搓搓炉石~，玩玩农药，有喜欢的小伙伴也可以一起，虽然我贼菜</p>\n\n<hr />\n<h2>项目起因</h2>\n\n<p>本博客项目由我和几个小伙伴参与开发的，最开始的搭建蘑菇博客的初心是为了巩固和学习Java开发的一些知识，因此项目的技术选型都是比较新颖的技术，可能这些技术并不一定适用于博客系统，但是我也想着能尽可能把更多的技术融合进来，毕竟通过自己手把手的操作一遍，也能够算是入门了。我也很庆幸我成功将自己的项目开源出来了，并且坚持下来，蘑菇博客起源是2018年9月，到想在也已经度过了1年半的岁月。我也从最开始只会一点点Jsp和Servlet就出去找工作的傻小子慢慢成长了，在读研之前，我也在公司里呆过，算上来好像将近快一年，很感谢之前在公司里的同事和领导，是他们带我入门企业级的项目开发，让我养成了很多Java项目开发的规范，但是真正在自己手把手搭建一个项目的时候，其实还是有很多的不足之处。</p>\n\n<blockquote>\n<p>苟有恒,何必三更眠五更起,最无益,莫过一日曝十日寒</p>\n</blockquote>\n, github=https://github.com/moxi624/mogu_blog_v2, gitee=https://gitee.com/moxi159753/mogu_blog_v2, roleUid=434994947c5a4ee3a710cd277357c7c3, storageSize=36400660, maxStorageSize=500, userUid=42f5053b1dfb317ac679d3d050a6f19e)}','更新管理员',1,'2021-12-18 19:32:30','2021-12-18 19:32:30','中国|浙江省|杭州市|移动',79),('cf6a7ec1073be59dc0ab1ccc34b49682','admin','1f01cd1d2f474743b241d74008b12333','39.182.27.13','/admin/delete','POST','com.moxi.mogublog.admin.restapi.AdminRestApi','delete','{\"adminUids\":[\"1170c378bc72edc316b1170c3957debd\"]}','批量删除管理员',1,'2021-12-18 19:32:02','2021-12-18 19:32:02','中国|浙江省|杭州市|移动',48),('de38fa137fce7b67ddbd1a3fecb52421','admin','1f01cd1d2f474743b241d74008b12333','39.182.27.13','/systemConfig/editSystemConfig','POST','com.moxi.mogublog.admin.restapi.SystemConfigRestApi','editSystemConfig','{\"systemConfigVO\":SystemConfigVO(qiNiuAccessKey=QKD378sek_yRy0AlpWEzT_U_oni0SfrrxaP2lgWX, qiNiuSecretKey=Vjh0zPBLrflxYn08YNIG4rkRYv7sqtlMccgd8QzL, qiNiuBucket=testmogublog, qiNiuArea=z2, uploadQiNiu=0, uploadLocal=1, picturePriority=0, contentPicturePriority=0, localPictureBaseUrl=http://106.52.63.60:8600, qiNiuPictureBaseUrl=http://testimage.moguit.cn/, email=123456789@qq.com, emailUserName=null, emailPassword=, smtpAddress=null, smtpPort=, startEmailNotification=0, editorModel=0, themeColor=#000303, uploadMinio=0, minioEndPoint=http://121.62.22.36:9090, minioAccessKey=mogu2018, minioSecretKey=mogu2018, minioBucket=mogublog, minioPictureBaseUrl=http://121.62.22.36:9090, dashboardNotification=<p>欢迎来到蘑菇博客项目，开源项目离不开大家的支持，希望小伙伴能随手点赞一下，你的点赞就是我维护的动力~</p>\n\n<p>项目源码：<a href=\"https://gitee.com/moxi159753/mogu_blog_v2\"><span style=\"color:#0000cd\">点我传送</span></a>，项目文档：<a href=\"http://moxi159753.gitee.io/mogu_blog_doc/#/\" target=\"_blank\"><span style=\"color:#0000ff\">点我传送</span></a>，项目官网：<a href=\"http://www.moguit.cn/#/\" target=\"_blank\"><span style=\"color:#0000ff\">点我传送</span></a>，学习笔记：<a href=\"https://gitee.com/moxi159753/LearningNotes\" target=\"_blank\"><span style=\"color:#0000ff\">点我传送</span></a></p>\n\n<p>蘑菇博客使用了一些监控的Spring Cloud组件，但是并不一定都需要部署，必须启动的服务包含</p>\n\n<p><code>nacos</code>，<code>nginx</code>，<code>rabbitmq</code>，&nbsp;<code>redis</code>，<code>mysql</code>，<code>mogu-gateway</code>,&nbsp;&nbsp;<code>mogu-sms</code>，<code>mogu-picture</code>，&nbsp;<code>mogu-web</code>,&nbsp;<code>mogu-admin</code></p>\n\n<p>其它的服务都可以不启动，也不影正常使用，可以根据自身服务器配置来启动</p>\n\n<p>最低配置：1核2G&nbsp;<code>需要开启虚拟内存</code></p>\n\n<p>推荐配置：2核4G 【双十二特惠】</p>\n\n<p>双12活动开始喽~，本次优惠力度非常大，如果有需求的，欢迎点击下面链接购买</p>\n\n<p>【阿里云】云服务器双12狂欢特惠，1核2G 5M轻量级应用服务器114元/年【博主使用】&nbsp;<a href=\"https://www.aliyun.com/minisite/goods?userCode=w7aungxw\"><span style=\"color:#0000ff\">点我传送</span></a></p>\n\n<p>【腾讯云】云产品限时秒杀，爆款1核2G云服务器，首年99元（老用户重新用微信QQ注册即可）&nbsp;<a href=\"https://curl.qcloud.com/zry6xub9\"><span style=\"color:#0000ff\">点我进入</span></a></p>\n\n<p>服务器和域名等服务的购买和续费都会产生一定的费用，为了维持项目的正常运作，如果觉得本项目对您有帮助的话</p>\n\n<p>欢迎朋友能够给予一些支持，非常感谢~（ps.. 小伙伴赞赏的时候可以备注一下下~）</p>\n\n<table border=\"1\" cellpadding=\"1\" cellspacing=\"1\" style=\"width:500px\">\n	<tbody>\n		<tr>\n			<td style=\"text-align:center\">微信</td>\n			<td style=\"text-align:center\">支付宝</td>\n		</tr>\n		<tr>\n			<td><img alt=\"\" src=\"http://demopicture.moguit.cn//blog/admin/png/2020/12/11/1607690861847.png\" /></td>\n			<td><img alt=\"\" src=\"http://demopicture.moguit.cn//blog/admin/png/2020/12/11/1607690798874.png\" /></td>\n		</tr>\n	</tbody>\n</table>\n, openDashboardNotification=1, openEmailActivate=0, searchModel=0)}','修改系统配置',1,'2021-12-18 19:30:30','2021-12-18 19:30:30','中国|浙江省|杭州市|移动',141),('e617f63f9ae37df52f78c5023227ec25','admin','1f01cd1d2f474743b241d74008b12333','112.10.222.237','/picture/add','POST','com.moxi.mogublog.admin.restapi.PictureRestApi','add','{\"result\":org.springframework.validation.BeanPropertyBindingResult: 0 errors,\"pictureVOList\":[PictureVO(fileUid=74fdc97330f33eff09bea0cabdfb8c01, fileUids=null, picName=1635174297379.png, pictureSortUid=29f45d9af53fb31a7d79946970580d20),PictureVO(fileUid=96e94eeacf3612504a40562b5e466191, fileUids=null, picName=1635174297778.png, pictureSortUid=29f45d9af53fb31a7d79946970580d20),PictureVO(fileUid=295f4e11a4b4ce89da861cc8af2fb869, fileUids=null, picName=1635174297898.png, pictureSortUid=29f45d9af53fb31a7d79946970580d20)]}','增加图片',1,'2021-10-25 23:04:59','2021-10-25 23:04:59','中国|浙江省|杭州市|移动',265),('ebc12f6cc8b1d9c5d4442cf6bf2ad428','admin','1f01cd1d2f474743b241d74008b12333','39.182.27.13','/webNavbar/delete','POST','com.moxi.mogublog.admin.restapi.WebNavbarRestApi','delete','{\"result\":org.springframework.validation.BeanPropertyBindingResult: 0 errors,\"webNavbarVO\":WebNavbarVO(name=null, navbarLevel=null, summary=null, icon=null, parentUid=null, url=null, sort=null, isShow=null, isJumpExternalUrl=null)}','删除门户导航栏',1,'2021-12-18 19:34:57','2021-12-18 19:34:57','中国|浙江省|杭州市|移动',54),('f52e117bfb3fd27443ee6ebbffa2a17a','admin','1f01cd1d2f474743b241d74008b12333','112.10.222.237','/blog/edit','POST','com.moxi.mogublog.admin.restapi.BlogRestApi','edit','{\"result\":org.springframework.validation.BeanPropertyBindingResult: 0 errors,\"blogVO\":BlogVO(title=出现了问题, summary=出现了问题, content=<p>出现了问题</p>\n, tagUid=1d1fd6d26c8e40a38637ef6126c45cd0, blogSortUid=a03d7290b1c04b6eaf46659661b47032, fileUid=74fdc97330f33eff09bea0cabdfb8c01, adminUid=1f01cd1d2f474743b241d74008b12333, isPublish=1, isOriginal=1, author=admin, articlesPart=蘑菇博客, level=0, type=0, outsideLink=null, tagList=[Tag(content=Linux, clickCount=337, sort=336)], photoList=[http://82.156.177.91:8600/blog/admin/png/2021/10/25/1635174297380.png], blogSort=BlogSort(sortName=后端开发, content=后端开发专题, clickCount=372, sort=6, icon=el-icon-monitor), praiseCount=null, copyright=null, levelKeyword=null, useSort=0, sort=0, openComment=1, orderByDescColumn=null, orderByAscColumn=null, userUid=6795d72d4b27b24e02acb38723ccc5d6, articleSource=0)}','编辑博客',1,'2021-10-25 23:09:26','2021-10-25 23:09:26','中国|浙江省|杭州市|移动',113);

/*Table structure for table `t_sys_params` */

DROP TABLE IF EXISTS `t_sys_params`;

CREATE TABLE `t_sys_params` (
  `uid` varchar(32) NOT NULL COMMENT '主键',
  `params_type` varchar(1) NOT NULL DEFAULT '1' COMMENT '配置类型 是否系统内置(1:，是 0:否)',
  `params_name` varchar(255) DEFAULT NULL COMMENT '参数名称',
  `params_key` varchar(255) DEFAULT NULL COMMENT '参数键名',
  `remark` varchar(255) DEFAULT NULL COMMENT '备注',
  `params_value` text COMMENT '参数键值',
  `status` tinyint(1) DEFAULT '1' COMMENT '状态',
  `create_time` timestamp NULL DEFAULT NULL COMMENT '创建时间',
  `update_time` timestamp NULL DEFAULT NULL COMMENT '更新时间',
  `sort` int NOT NULL DEFAULT '0' COMMENT '排序字段',
  PRIMARY KEY (`uid`)
) ENGINE=InnoDB DEFAULT CHARSET=utf8 COMMENT='参数配置表';

/*Data for the table `t_sys_params` */

insert  into `t_sys_params`(`uid`,`params_type`,`params_name`,`params_key`,`remark`,`params_value`,`status`,`create_time`,`update_time`,`sort`) values ('099427a9a5305f99ab46bb1c56080d3e','1','文件上传路径','FILE_UPLOAD_PATH','图片本地上传路径','D:/mogu_blog/data/',0,'2020-07-21 22:35:43','2020-08-20 17:55:42',0),('0b2757bec99cb1c4eba3163fc6ab7cf2','1','二级推荐','BLOG_SECOND_COUNT','首页博客 二级推荐数量','2',1,'2020-07-21 22:28:03','2020-07-28 18:02:58',0),('0e5273aeee0058ee8737b94c6d955fe0','1','热门标签数量','HOT_TAG_COUNT','首页 热门标签数量','20',1,'2020-07-21 22:41:04','2020-09-19 15:04:30',0),('13102852ad56f478324ae13e9f83d7a6','1','一级推荐','BLOG_FIRST_COUNT','首页博客 一级推荐数量','5',1,'2020-07-21 22:27:27','2020-08-30 07:59:57',0),('1cbff65d4982066709fdfc3d4d2799eb','1','三级推荐','BLOG_THIRD_COUNT','首页博客 三级推荐数量','3',1,'2020-07-21 22:28:34','2020-07-21 22:28:34',0),('1ee3e63885637fcee9ab7dcdefbabeaa','1','默认密码','SYS_DEFAULT_PASSWORD','管理员默认密码','mogu2018',1,'2020-07-21 17:26:42','2020-10-05 09:34:33',2),('207812ebc591b6754a5d655c24d4a58d','1','最新博客数量','BLOG_NEW_COUNT','首页 最新显示的博客数量','15',1,'2020-07-21 22:26:44','2021-06-02 19:15:42',0),('23b1b89ada85a09bb0075eab906958ce','1','令牌过期时间','TOKEN_EXPIRE_TIME','后端令牌过期时间  1小时','3600',1,'2020-07-21 22:31:58','2020-08-20 17:55:46',0),('3434f8d9895956311c1deeb71a7e52e4','1','友情链接数','FRIENDLY_LINK_COUNT','友情链接数目','20',1,'2020-07-21 22:40:30','2020-07-28 18:32:55',0),('37cb9333403e391030927d915908b007','1','用户积分排行榜','USER_TOP_N','用户积分排行榜人数','50',1,'2021-11-28 19:20:24','2021-12-12 10:40:21',0),('421fca56d62aae2773bbb33d6143fb60','1','加载校验码','SYS_VALID_CODE','加载更多-校验码','445417',1,'2021-08-07 10:17:11','2021-08-30 09:08:35',0),('4ce28737a02c37cea2a1ac5eb36304c9','1','博客发布限制数','USER_PUBLISH_BLOG_COUNT','用户单日博客发布限制','100',1,'2021-10-29 00:09:03','2021-12-15 20:02:11',0),('5522a84437c971392ba4ff9ffd2121f5','1','敏感词','SYS_SENSITIVE_WORD','敏感词','垃圾;辣鸡;傻逼;傻狗;狗子;傻屌;',1,'2021-10-26 12:59:36','2021-10-26 22:09:12',0),('614dea888800aaf04d4f321e4399c636','1','问答发布限制数','USER_PUBLISH_QUESTION_COUNT','问答发布限制数','5',1,'2021-10-29 00:09:35','2021-11-29 12:29:03',0),('62bde28353d8de9b7426d778f899830f','1','网盘最大容量','MAX_STORAGE_SIZE','单个管理员账号，网盘最大容量，单位MB','500',1,'2020-10-09 10:01:25','2020-10-09 10:12:02',0),('7c3c02a3874ca6fe6fd6207b978cf785','1','项目名称','PROJECT_NAME','项目中文名称','蘑菇博客',1,'2020-07-28 17:18:59','2020-07-28 17:18:59',0),('81270e541b3476f61fdae4435407c143','1','热门博客数量','BLOG_HOT_COUNT','热门博客数量','5',1,'2020-07-21 22:26:02','2020-07-21 22:26:02',0),('b677d256d98ced4d057f2691215df949','1','热门分类数','HOT_BLOG_SORT_COUNT','首页显示的热门分类数','5',1,'2021-06-02 18:20:37','2021-11-28 19:28:45',0),('c69da7fccb13d22ee616e0972d5413af','1','四级推荐','BLOG_FOURTH_COUNT','首页博客 四级推荐数量','5',1,'2020-07-21 22:29:11','2020-07-21 22:33:19',0),('d1c75145ad11d7ba66d5f88a12c19079','1','令牌刷新时间','TOKEN_REFRESH_TIME','后端令牌刷新时间 5分钟','300',0,'2020-07-21 22:33:04','2020-08-20 17:55:44',0),('db28ba09b3edec8a479c6f07e742a31b','1','用户令牌存活时间','USER_TOKEN_SURVIVAL_TIME','toekn令牌存活时间7*24=7天','168',0,'2020-07-21 22:41:46','2020-08-20 17:55:39',0);

/*Table structure for table `t_system_config` */

DROP TABLE IF EXISTS `t_system_config`;

CREATE TABLE `t_system_config` (
  `uid` varchar(32) NOT NULL COMMENT '主键',
  `qi_niu_access_key` varchar(255) DEFAULT NULL COMMENT '七牛云公钥',
  `qi_niu_secret_key` varchar(255) DEFAULT NULL COMMENT '七牛云私钥',
  `email` varchar(255) DEFAULT NULL COMMENT '邮箱账号',
  `email_user_name` varchar(255) DEFAULT NULL COMMENT '邮箱发件人用户名',
  `email_password` varchar(255) DEFAULT NULL COMMENT '邮箱密码',
  `smtp_address` varchar(20) DEFAULT NULL COMMENT 'SMTP地址',
  `smtp_port` varchar(6) DEFAULT '1' COMMENT 'SMTP端口',
  `status` tinyint(1) DEFAULT '1' COMMENT '状态',
  `create_time` timestamp NULL DEFAULT NULL COMMENT '创建时间',
  `update_time` timestamp NULL DEFAULT NULL COMMENT '更新时间',
  `qi_niu_bucket` varchar(255) DEFAULT NULL COMMENT '七牛云上传空间',
  `qi_niu_area` varchar(10) DEFAULT NULL COMMENT '七牛云存储区域 华东（z0），华北(z1)，华南(z2)，北美(na0)，东南亚(as0)',
  `upload_qi_niu` varchar(1) DEFAULT '1' COMMENT '图片是否上传七牛云 (0:否， 1：是)',
  `upload_local` varchar(1) DEFAULT '1' COMMENT '图片是否上传本地存储 (0:否， 1：是)',
  `picture_priority` varchar(1) DEFAULT '1' COMMENT '图片显示优先级（ 1 展示 七牛云,  0 本地）',
  `qi_niu_picture_base_url` varchar(255) DEFAULT NULL COMMENT '七牛云域名前缀：http://images.moguit.cn',
  `local_picture_base_url` varchar(255) DEFAULT NULL COMMENT '本地服务器域名前缀：http://localhost:8600',
  `start_email_notification` varchar(1) NOT NULL DEFAULT '0' COMMENT '是否开启邮件通知(0:否， 1:是)',
  `editor_model` tinyint(1) NOT NULL DEFAULT '0' COMMENT '编辑器模式，(0：富文本编辑器CKEditor，1：markdown编辑器Veditor)',
  `theme_color` varchar(10) NOT NULL DEFAULT '#409EFF' COMMENT '主题颜色',
  `minio_end_point` varchar(255) DEFAULT NULL COMMENT 'Minio远程连接地址',
  `minio_access_key` varchar(255) DEFAULT NULL COMMENT 'Minio公钥',
  `minio_secret_key` varchar(255) DEFAULT NULL COMMENT 'Minio私钥',
  `minio_bucket` varchar(255) DEFAULT NULL COMMENT 'Minio桶',
  `upload_minio` tinyint(1) NOT NULL DEFAULT '0' COMMENT '图片是否上传Minio (0:否， 1：是)',
  `minio_picture_base_url` varchar(255) DEFAULT NULL COMMENT 'Minio服务器文件域名前缀',
  `open_dashboard_notification` tinyint(1) NOT NULL DEFAULT '0' COMMENT '是否开启仪表盘通知(0:否， 1:是)',
  `dashboard_notification` longtext COMMENT '仪表盘通知【用于首次登录弹框】',
  `content_picture_priority` tinyint(1) NOT NULL DEFAULT '0' COMMENT '博客详情图片显示优先级（ 0:本地  1: 七牛云 2: Minio）',
  `open_email_activate` tinyint(1) NOT NULL DEFAULT '0' COMMENT '是否开启用户邮件激活功能【0 关闭，1 开启】',
  `search_model` tinyint(1) NOT NULL DEFAULT '0' COMMENT '搜索模式【0:SQL搜索 、1：全文检索】',
  PRIMARY KEY (`uid`)
) ENGINE=InnoDB DEFAULT CHARSET=utf8 COMMENT='系统配置表';

/*Data for the table `t_system_config` */

insert  into `t_system_config`(`uid`,`qi_niu_access_key`,`qi_niu_secret_key`,`email`,`email_user_name`,`email_password`,`smtp_address`,`smtp_port`,`status`,`create_time`,`update_time`,`qi_niu_bucket`,`qi_niu_area`,`upload_qi_niu`,`upload_local`,`picture_priority`,`qi_niu_picture_base_url`,`local_picture_base_url`,`start_email_notification`,`editor_model`,`theme_color`,`minio_end_point`,`minio_access_key`,`minio_secret_key`,`minio_bucket`,`upload_minio`,`minio_picture_base_url`,`open_dashboard_notification`,`dashboard_notification`,`content_picture_priority`,`open_email_activate`,`search_model`) values ('37d492e35dc6e3fbb9dfedfd2079a123','QKD378sek_yRy0AlpWEzT_U_oni0SfrrxaP2lgWX','Vjh0zPBLrflxYn08YNIG4rkRYv7sqtlMccgd8QzL','123456789@qq.com',NULL,'',NULL,'',1,'2020-01-29 19:14:26','2021-12-18 19:30:30','testmogublog','z2','0','1','0','http://testimage.moguit.cn/','http://106.52.63.60:8600','0',0,'#000303','http://121.62.22.36:9090','mogu2018','mogu2018','mogublog',0,'http://121.62.22.36:9090',1,'<p>欢迎来到蘑菇博客项目，开源项目离不开大家的支持，希望小伙伴能随手点赞一下，你的点赞就是我维护的动力~</p>\n\n<p>项目源码：<a href=\"https://gitee.com/moxi159753/mogu_blog_v2\"><span style=\"color:#0000cd\">点我传送</span></a>，项目文档：<a href=\"http://moxi159753.gitee.io/mogu_blog_doc/#/\" target=\"_blank\"><span style=\"color:#0000ff\">点我传送</span></a>，项目官网：<a href=\"http://www.moguit.cn/#/\" target=\"_blank\"><span style=\"color:#0000ff\">点我传送</span></a>，学习笔记：<a href=\"https://gitee.com/moxi159753/LearningNotes\" target=\"_blank\"><span style=\"color:#0000ff\">点我传送</span></a></p>\n\n<p>蘑菇博客使用了一些监控的Spring Cloud组件，但是并不一定都需要部署，必须启动的服务包含</p>\n\n<p><code>nacos</code>，<code>nginx</code>，<code>rabbitmq</code>，&nbsp;<code>redis</code>，<code>mysql</code>，<code>mogu-gateway</code>,&nbsp;&nbsp;<code>mogu-sms</code>，<code>mogu-picture</code>，&nbsp;<code>mogu-web</code>,&nbsp;<code>mogu-admin</code></p>\n\n<p>其它的服务都可以不启动，也不影正常使用，可以根据自身服务器配置来启动</p>\n\n<p>最低配置：1核2G&nbsp;<code>需要开启虚拟内存</code></p>\n\n<p>推荐配置：2核4G 【双十二特惠】</p>\n\n<p>双12活动开始喽~，本次优惠力度非常大，如果有需求的，欢迎点击下面链接购买</p>\n\n<p>【阿里云】云服务器双12狂欢特惠，1核2G 5M轻量级应用服务器114元/年【博主使用】&nbsp;<a href=\"https://www.aliyun.com/minisite/goods?userCode=w7aungxw\"><span style=\"color:#0000ff\">点我传送</span></a></p>\n\n<p>【腾讯云】云产品限时秒杀，爆款1核2G云服务器，首年99元（老用户重新用微信QQ注册即可）&nbsp;<a href=\"https://curl.qcloud.com/zry6xub9\"><span style=\"color:#0000ff\">点我进入</span></a></p>\n\n<p>服务器和域名等服务的购买和续费都会产生一定的费用，为了维持项目的正常运作，如果觉得本项目对您有帮助的话</p>\n\n<p>欢迎朋友能够给予一些支持，非常感谢~（ps.. 小伙伴赞赏的时候可以备注一下下~）</p>\n\n<table border=\"1\" cellpadding=\"1\" cellspacing=\"1\" style=\"width:500px\">\n	<tbody>\n		<tr>\n			<td style=\"text-align:center\">微信</td>\n			<td style=\"text-align:center\">支付宝</td>\n		</tr>\n		<tr>\n			<td><img alt=\"\" src=\"http://demopicture.moguit.cn//blog/admin/png/2020/12/11/1607690861847.png\" /></td>\n			<td><img alt=\"\" src=\"http://demopicture.moguit.cn//blog/admin/png/2020/12/11/1607690798874.png\" /></td>\n		</tr>\n	</tbody>\n</table>\n',0,0,0);

/*Table structure for table `t_tag` */

DROP TABLE IF EXISTS `t_tag`;

CREATE TABLE `t_tag` (
  `uid` varchar(32) NOT NULL COMMENT '唯一uid',
  `content` varchar(1000) DEFAULT NULL COMMENT '标签内容',
  `status` tinyint unsigned NOT NULL DEFAULT '1' COMMENT '状态',
  `click_count` int DEFAULT '0' COMMENT '标签简介',
  `create_time` timestamp NOT NULL DEFAULT '0000-00-00 00:00:00' COMMENT '创建时间',
  `update_time` timestamp NOT NULL DEFAULT '0000-00-00 00:00:00' COMMENT '更新时间',
  `sort` int DEFAULT '0' COMMENT '排序字段，越大越靠前',
  PRIMARY KEY (`uid`)
) ENGINE=InnoDB DEFAULT CHARSET=utf8 COMMENT='标签表';

/*Data for the table `t_tag` */

insert  into `t_tag`(`uid`,`content`,`status`,`click_count`,`create_time`,`update_time`,`sort`) values ('0b51c75ed5744cdcadefe0ad947be9b6','数据库',1,77,'2021-05-19 21:38:27','2021-05-19 21:38:27',77),('15721a34adba068763b5a2fb1991fc57','JVM',1,32,'2021-05-19 21:38:27','2021-05-19 21:38:27',32),('188396dc0efcae369856fe472df1ed09','标签2',0,0,'2020-10-13 10:01:10','2020-10-13 10:01:15',6),('1c76b9848f5f4d71a5e88b20dbaf38f4','RabbitMQ',1,105,'2021-05-19 21:38:27','2021-05-19 21:38:27',105),('1d1fd6d26c8e40a38637ef6126c45cd0','Linux',1,337,'2021-05-19 21:38:27','2021-08-19 23:35:07',336),('2a31dd6c2b1b464e9e222a1198bc739a','虚拟机',1,57,'2021-05-19 21:38:27','2021-05-19 21:38:27',57),('2f5779e877da48958c985d69b311d0d6','大数据',1,71,'2021-05-19 21:38:27','2021-05-19 21:38:27',71),('3c16b9093e9b1bfddbdfcb599b23d835','Nginx',1,31,'2021-05-19 21:38:27','2021-05-19 21:38:27',31),('53c5a0f3142e4f54820315936f78383b','Spring Boot',1,72,'2021-05-19 21:38:27','2021-05-19 21:38:27',72),('5626932d452c2ad863d9b3cb0b69d22d','学习笔记',1,217,'2021-05-19 21:38:27','2021-08-19 23:35:06',216),('5c939107ddb746b989156737805df625','机器学习',1,110,'2021-05-19 21:38:27','2021-05-19 21:38:27',110),('618346963de0fc724e44c6f9120aea9c','Github',1,17,'2021-05-19 21:38:27','2021-05-19 21:38:27',17),('6d35ddd5075f4c0e885ffb2e3b3a0365','Tomcat',1,58,'2021-05-19 21:38:27','2021-05-19 21:38:27',58),('7e0e93ea6cdb44ae92e58f48e6496ed7','Java',1,1689,'2021-05-19 21:38:27','2021-10-25 23:10:23',1649),('8c9d43de144245eb8176854eca5ae244','AI',1,20,'2021-05-19 21:38:27','2021-05-19 21:38:27',20),('8d5ce3e0c0784b95adb7f9e7b76dca93','建站系统',1,100,'2021-05-19 21:38:27','2021-05-19 21:38:27',100),('a9a747d944c24845815356f72723ef8e','前端开发',1,116,'2021-05-19 21:38:27','2021-06-02 15:11:12',115),('b22b9bdc32a442dd65dee82cdc5cf800','计算机网络',1,17,'2021-05-19 21:38:27','2021-05-22 00:11:37',16),('ca928e8718654aa5a802e2f69277b137','面试',1,194,'2021-05-19 21:38:27','2021-08-19 23:35:05',193),('d3c3fc43f38445389c970ff0732a6586','NLP',1,40,'2021-05-19 21:38:27','2021-05-22 00:11:35',39),('dececd440fdc4fa28dffe6404e696dd4','Python',1,20,'2021-05-19 21:38:27','2021-05-22 00:11:30',19),('e2c7913050cf4ab9aa92902316aaf075','校园生活',1,172,'2021-05-19 21:38:27','2021-08-08 12:17:22',170),('e81bc2dca42c4031be7d66fef4a71e16','Spring Cloud',1,109,'2021-05-19 21:38:27','2021-05-19 21:38:27',109),('ebf63989f11741bc89494c52fc6bae4c','Docker',1,96,'2021-05-19 21:38:27','2021-05-19 21:38:27',96),('f5d458db6a044eaebc22232efa1e3b54','深度学习',1,66,'2021-05-19 21:38:27','2021-05-19 21:38:27',66),('f90d3c2fd9434302951130e897a89164','Vue',1,90,'2021-05-19 21:38:27','2021-05-19 21:38:27',90),('fb72516226474cf0bfa0f310bfa75426','Redis',1,61,'2021-05-19 21:38:27','2021-05-19 21:38:27',61);

/*Table structure for table `t_todo` */

DROP TABLE IF EXISTS `t_todo`;

CREATE TABLE `t_todo` (
  `uid` varchar(32) NOT NULL COMMENT '唯一uid',
  `admin_uid` varchar(32) DEFAULT NULL COMMENT '管理员uid',
  `text` varchar(255) DEFAULT NULL COMMENT '内容',
  `done` tinyint unsigned NOT NULL DEFAULT '0' COMMENT '表示事项是否完成（0：未完成 1：已完成）',
  `status` tinyint unsigned NOT NULL DEFAULT '1' COMMENT '状态',
  `create_time` timestamp NOT NULL DEFAULT '0000-00-00 00:00:00' COMMENT '创建时间',
  `update_time` timestamp NOT NULL DEFAULT '0000-00-00 00:00:00' COMMENT '更新时间',
  PRIMARY KEY (`uid`)
) ENGINE=InnoDB DEFAULT CHARSET=utf8 COMMENT='代办事项表';

/*Data for the table `t_todo` */

insert  into `t_todo`(`uid`,`admin_uid`,`text`,`done`,`status`,`create_time`,`update_time`) values ('12575ab33b5c9679cd3f60474cfcc10d','7621746caa93ce605e2de7143a3787b5','希望能随手star支持一下~',0,1,'2020-12-11 20:28:11','2020-12-11 20:28:11'),('1f9081bbb47070772d9092cefc9f72e3','7621746caa93ce605e2de7143a3787b5','欢迎来到蘑菇博客演示环境',0,0,'2020-12-11 20:24:47','2020-12-11 20:26:08'),('2ed69c3adfe60ce3df5bc300f6c6825f','1723ad77a1ca06b29a011471036a2dd6','我是已经完成的代办事项',1,1,'2020-03-23 08:07:49','2020-03-23 08:07:49'),('309d869db882c9e0025f6f181b657cb6','1723ad77a1ca06b29a011471036a2dd6','我是代办事项2',0,1,'2020-03-23 08:07:40','2020-03-23 08:07:40'),('38cd3e190715ec7e41d369677aa237f7','7621746caa93ce605e2de7143a3787b5','你的点赞，就是我维护的动力~',0,1,'2020-12-11 20:28:02','2020-12-11 20:28:02'),('41da90f73049eb428b70235eb791df2c','1f01cd1d2f474743b241d74008b12333','add',1,1,'2020-03-23 08:06:21','2020-09-10 09:11:38'),('4b95b6606fee399c623327f55fb465a5','7621746caa93ce605e2de7143a3787b5','注：为了维护演示环境的正常使用，因此只开放了部分权限，如需体验完整环境，可以下载源码后按照文档教程进行搭建，谢谢~',0,1,'2020-12-11 20:27:46','2020-12-11 20:27:46'),('700f3e94f5b5c9f1b6d0c8599c2e98f2','1723ad77a1ca06b29a011471036a2dd6','我是代办事项5',0,1,'2020-03-23 08:08:16','2020-03-23 08:08:16'),('81576c796f8d1086a7789e088763b8fb','1723ad77a1ca06b29a011471036a2dd6','我是代办事项3',0,1,'2020-03-23 08:08:00','2020-03-23 08:08:00'),('9493f3d7dea2a61ccc38eae41a29b1ff','1f01cd1d2f474743b241d74008b12333','测试',0,1,'2020-10-12 08:35:35','2020-10-12 08:35:35'),('963be23b6ed33c5f53070aec38d19f60','1f01cd1d2f474743b241d74008b12333','测试2',0,1,'2020-10-12 08:35:51','2020-10-12 08:35:51'),('9dd83b398543ce751e81adacfd3704fc','1f01cd1d2f474743b241d74008b12333','测试代办事项',1,1,'2020-09-10 08:57:29','2020-09-10 09:11:37'),('9f78b828b62c638530bef7e6c6b56342','1f01cd1d2f474743b241d74008b12333','测试代办',0,1,'2020-09-16 07:56:49','2020-09-16 07:56:49'),('abfa6e0cc5b4c67e1f2199a95236bd23','1f01cd1d2f474743b241d74008b12333','测试3',0,0,'2020-10-12 08:38:23','2020-10-12 08:38:29'),('b93dc02abbab9c5cb674629632740670','7621746caa93ce605e2de7143a3787b5','如果你刚好来到这里',0,1,'2020-12-11 20:28:17','2020-12-11 20:28:17'),('ba75e80f78960dd44fe3b7489fe115c2','7621746caa93ce605e2de7143a3787b5','欢迎来到蘑菇博客演示环境',0,1,'2020-12-11 20:28:31','2020-12-11 20:28:31'),('d8045d8ae222443c163ff479f413987b','1723ad77a1ca06b29a011471036a2dd6','我是代办事项1',0,1,'2020-03-23 08:07:32','2020-03-23 08:07:32'),('de0979521fdbffdb26776a538c20cbbc','1f01cd1d2f474743b241d74008b12333','测试代办2',1,0,'2020-10-12 08:38:35','2020-10-12 08:38:45'),('f046531905026dab8389ac405389aad2','1723ad77a1ca06b29a011471036a2dd6','我是代办事项4',0,1,'2020-03-23 08:08:10','2020-03-23 08:08:10'),('f221759435272792159eeec80e37d690','7621746caa93ce605e2de7143a3787b5','开源项目离不开大家的支持',0,1,'2020-12-11 20:28:25','2020-12-11 20:28:25'),('faf496c22af2a9cf5b98fd968712ee8a','1f01cd1d2f474743b241d74008b12333','代办事项3',0,0,'2020-09-10 08:57:34','2020-10-12 08:37:46'),('fc471a59421e87e325009003f4ed05b3','1f01cd1d2f474743b241d74008b12333','代办事项',1,1,'2020-09-10 08:57:31','2020-09-10 09:11:36');

/*Table structure for table `t_user` */

DROP TABLE IF EXISTS `t_user`;

CREATE TABLE `t_user` (
  `uid` varchar(32) NOT NULL COMMENT '唯一uid',
  `user_name` varchar(255) NOT NULL COMMENT '用户名',
  `pass_word` varchar(32) NOT NULL COMMENT '密码',
  `gender` tinyint unsigned DEFAULT NULL COMMENT '性别(1:男2:女)',
  `avatar` varchar(100) DEFAULT NULL COMMENT '个人头像',
  `email` varchar(60) DEFAULT NULL COMMENT '邮箱',
  `birthday` date DEFAULT NULL COMMENT '出生年月日',
  `mobile` varchar(50) DEFAULT NULL COMMENT '手机',
  `valid_code` varchar(255) DEFAULT NULL COMMENT '邮箱验证码',
  `summary` varchar(255) CHARACTER SET utf8mb4 COLLATE utf8mb4_general_ci DEFAULT NULL COMMENT '自我简介最多150字',
  `login_count` int unsigned DEFAULT '0' COMMENT '登录次数',
  `last_login_time` datetime DEFAULT NULL COMMENT '最后登录时间',
  `last_login_ip` varchar(50) DEFAULT '127.0.0.1' COMMENT '最后登录IP',
  `status` tinyint unsigned NOT NULL DEFAULT '1' COMMENT '状态',
  `create_time` timestamp NULL DEFAULT NULL COMMENT '创建时间',
  `update_time` timestamp NULL DEFAULT NULL COMMENT '更新时间',
  `nick_name` varchar(255) DEFAULT NULL COMMENT '昵称',
  `source` varchar(255) DEFAULT NULL COMMENT '资料来源',
  `uuid` varchar(255) DEFAULT NULL COMMENT '平台uuid',
  `qq_number` varchar(20) DEFAULT NULL COMMENT 'QQ号',
  `we_chat` varchar(255) DEFAULT NULL COMMENT '微信号',
  `occupation` varchar(255) CHARACTER SET utf8mb4 COLLATE utf8mb4_general_ci DEFAULT NULL COMMENT '职业',
  `comment_status` tinyint(1) NOT NULL DEFAULT '1' COMMENT '评论状态 1:正常 0:禁言',
  `ip_source` varchar(255) DEFAULT NULL COMMENT 'ip来源',
  `browser` varchar(255) DEFAULT NULL COMMENT '浏览器',
  `os` varchar(255) DEFAULT NULL COMMENT '操作系统',
  `start_email_notification` tinyint(1) NOT NULL DEFAULT '0' COMMENT '是否开启邮件通知 1:开启 0:关闭',
  `user_tag` tinyint(1) NOT NULL DEFAULT '0' COMMENT '用户标签：0：普通用户，1：管理员，2：博主 等',
  `loading_valid` tinyint(1) NOT NULL DEFAULT '0' COMMENT '是否通过加载校验【0 未通过，1 已通过】',
  `credits` int NOT NULL DEFAULT '0' COMMENT '积分',
  `background_file_uid` varchar(32) DEFAULT NULL COMMENT '个人中心背景图片',
  `editor_model` tinyint unsigned NOT NULL DEFAULT '1' COMMENT '编辑器模式，(0：富文本编辑器CKEditor，1：markdown编辑器Veditor)',
  PRIMARY KEY (`uid`)
) ENGINE=InnoDB DEFAULT CHARSET=utf8 COMMENT='用户表';

/*Data for the table `t_user` */

insert  into `t_user`(`uid`,`user_name`,`pass_word`,`gender`,`avatar`,`email`,`birthday`,`mobile`,`valid_code`,`summary`,`login_count`,`last_login_time`,`last_login_ip`,`status`,`create_time`,`update_time`,`nick_name`,`source`,`uuid`,`qq_number`,`we_chat`,`occupation`,`comment_status`,`ip_source`,`browser`,`os`,`start_email_notification`,`user_tag`,`loading_valid`,`credits`,`background_file_uid`,`editor_model`) values ('39cdc73206f79b8667bd087a5a6c417e','mogu2019','972d768bb099b1de8fd2362275256fac',1,'b98200e65d8db87f6237c77bc00769e2','1595833114@qq.com',NULL,NULL,NULL,NULL,0,'2021-06-15 14:18:07','0:0:0:0:0:0:0:1',1,'2021-06-14 23:04:13','2021-12-18 19:31:50','mogu2019','MOGU',NULL,NULL,NULL,NULL,1,NULL,'Chrome-90.0.4430.212','Windows',0,0,0,0,NULL,1),('42f5053b1dfb317ac679d3d050a6f19e','mogu2021','c5dea93b3377f5a40245f518505ab479',1,'7035807923efe69b1ab6810b01b193a3','mogu2021@qq.com',NULL,NULL,NULL,NULL,0,'2021-12-18 19:36:45','39.182.27.13',1,'2021-08-11 22:59:50','2021-12-18 19:46:59','mogu2021','MOGU',NULL,NULL,NULL,NULL,1,NULL,'Chrome-94.0.4606.81','Windows',0,2,0,10,NULL,1),('595ab5582fad346907bec50e09e119cf','mogu2022','402bd8a798ba87a4fc28f0c092daed23',1,'352e2dac1cd5f7ec28d48b34ae311b3b','mogu2022@qq.com',NULL,NULL,NULL,NULL,0,'2021-10-10 12:01:36','0:0:0:0:0:0:0:1',1,'2021-08-02 22:56:43','2021-12-18 19:31:24','mogu2022','MOGU',NULL,NULL,NULL,NULL,1,NULL,'Chrome-92.0.4515.107','Windows',0,0,1,0,NULL,1),('6795d72d4b27b24e02acb38723ccc5d6','mogu2018','972d768bb099b1de8fd2362275256fac',1,'fab14ab26dc756a2f31d6d6008363c72','mogublog@163.com',NULL,NULL,NULL,'公众号『陌溪教你学编程』，字节跳动后台开发，开源项目作者',0,'2021-10-08 21:49:35','0:0:0:0:0:0:0:1',1,'2020-12-11 20:51:38','2021-10-08 21:49:35','陌溪','MOGU',NULL,NULL,NULL,'Java开发工程师',1,NULL,'Chrome-92.0.4515.107','Windows',0,0,0,0,NULL,1),('c0c3146ceae6c52d7293a1a9f115b9ee','mogu2020','972d768bb099b1de8fd2362275256fac',1,'f9ca26b3268806a60c5b2367769d33e4','1595833114@qq.com',NULL,NULL,NULL,NULL,0,NULL,'127.0.0.1',1,'2021-06-14 23:05:05','2021-12-18 19:31:36','mogu2020','MOGU',NULL,NULL,NULL,NULL,0,NULL,NULL,NULL,0,2,0,0,NULL,1);

/*Table structure for table `t_user_watch` */

DROP TABLE IF EXISTS `t_user_watch`;

CREATE TABLE `t_user_watch` (
  `uid` varchar(32) NOT NULL COMMENT '唯一uid',
  `user_uid` varchar(32) DEFAULT NULL COMMENT '关注人UID',
  `to_user_uid` varchar(32) DEFAULT NULL COMMENT '被关注者UID',
  `is_admin` tinyint unsigned NOT NULL DEFAULT '0' COMMENT '是否是管理员：0否，1是',
  `status` tinyint unsigned NOT NULL DEFAULT '1' COMMENT '状态',
  `create_time` timestamp NULL DEFAULT NULL COMMENT '创建时间',
  `update_time` timestamp NULL DEFAULT NULL COMMENT '更新时间',
  PRIMARY KEY (`uid`)
) ENGINE=InnoDB DEFAULT CHARSET=utf8 COMMENT='用户关注表';

/*Data for the table `t_user_watch` */

insert  into `t_user_watch`(`uid`,`user_uid`,`to_user_uid`,`is_admin`,`status`,`create_time`,`update_time`) values ('032375b447a930404a49c7214733ce77','42f5053b1dfb317ac679d3d050a6f19e','595ab5582fad346907bec50e09e119cf',0,0,'2021-08-11 23:34:59','2021-10-10 11:53:05'),('06e217a4fc2f61232f271ab7dee7d3c7','6795d72d4b27b24e02acb38723ccc5d6','1f01cd1d2f474743b241d74008b12333',1,0,'2021-10-08 22:02:29','2021-10-08 22:02:30'),('072d78b7b31aba44dfe356f447d85434','6795d72d4b27b24e02acb38723ccc5d6','1f01cd1d2f474743b241d74008b12333',1,0,'2021-10-08 22:01:19','2021-10-08 22:01:20'),('087997c007a8513e91c88a0e6547d435','6795d72d4b27b24e02acb38723ccc5d6','1f01cd1d2f474743b241d74008b12333',1,0,'2021-09-25 20:20:27','2021-10-08 21:59:23'),('0b6660ab348ebd5f1b339e81dbcb0358','6795d72d4b27b24e02acb38723ccc5d6','1f01cd1d2f474743b241d74008b12333',1,1,'2021-10-08 22:02:31','2021-10-08 22:02:31'),('220dc29ff253b5ce7bd37ec285a8f745','595ab5582fad346907bec50e09e119cf','42f5053b1dfb317ac679d3d050a6f19e',0,1,'2021-08-12 22:39:30','2021-08-12 22:39:30'),('39c29bdee249245cafae758d1e713006','595ab5582fad346907bec50e09e119cf','1f01cd1d2f474743b241d74008b12333',1,1,'2021-08-14 16:14:01','2021-08-14 16:14:01'),('3e25f6f34b8869a625f571b119acd3e2','42f5053b1dfb317ac679d3d050a6f19e','595ab5582fad346907bec50e09e119cf',0,0,'2021-10-10 11:55:16','2021-10-10 11:55:18'),('74be5e8b2b2ed0288676a297faff8a74','6795d72d4b27b24e02acb38723ccc5d6','1f01cd1d2f474743b241d74008b12333',1,0,'2021-10-08 22:01:22','2021-10-08 22:02:27'),('e13f3c1c4c0b15e823803fcbbe10f239','42f5053b1dfb317ac679d3d050a6f19e','595ab5582fad346907bec50e09e119cf',0,1,'2021-10-10 11:55:18','2021-10-10 11:55:18');

/*Table structure for table `t_visitor` */

DROP TABLE IF EXISTS `t_visitor`;

CREATE TABLE `t_visitor` (
  `uid` varchar(32) NOT NULL COMMENT '唯一uid',
  `user_name` varchar(255) DEFAULT NULL COMMENT '用户名',
  `email` varchar(255) NOT NULL COMMENT '邮箱',
  `login_count` int unsigned DEFAULT '0' COMMENT '登录次数',
  `last_login_time` datetime DEFAULT NULL COMMENT '最后登录时间',
  `last_login_ip` varchar(50) DEFAULT '127.0.0.1' COMMENT '最后登录IP',
  `status` tinyint unsigned NOT NULL DEFAULT '1' COMMENT '状态',
  `create_time` timestamp NOT NULL DEFAULT '0000-00-00 00:00:00' COMMENT '创建时间',
  `update_time` timestamp NOT NULL DEFAULT '0000-00-00 00:00:00' COMMENT '更新时间',
  PRIMARY KEY (`uid`)
) ENGINE=InnoDB DEFAULT CHARSET=utf8 COMMENT='游客表';

/*Data for the table `t_visitor` */

/*Table structure for table `t_web_config` */

DROP TABLE IF EXISTS `t_web_config`;

CREATE TABLE `t_web_config` (
  `uid` varchar(32) NOT NULL COMMENT '主键',
  `logo` varchar(255) NOT NULL COMMENT 'logo(文件UID)',
  `NAME` varchar(255) CHARACTER SET utf8mb4 COLLATE utf8mb4_general_ci DEFAULT NULL COMMENT '网站名称',
  `summary` varchar(255) CHARACTER SET utf8mb4 COLLATE utf8mb4_general_ci DEFAULT NULL COMMENT '介绍',
  `keyword` varchar(255) CHARACTER SET utf8mb4 COLLATE utf8mb4_general_ci DEFAULT NULL COMMENT '关键字',
  `author` varchar(255) CHARACTER SET utf8mb4 COLLATE utf8mb4_general_ci DEFAULT NULL COMMENT '作者',
  `record_num` varchar(255) CHARACTER SET utf8mb4 COLLATE utf8mb4_general_ci DEFAULT NULL COMMENT '备案号',
  `status` tinyint(1) DEFAULT '1' COMMENT '状态',
  `create_time` timestamp NULL DEFAULT NULL COMMENT '创建时间',
  `update_time` timestamp NULL DEFAULT NULL COMMENT '更新时间',
  `title` varchar(255) CHARACTER SET utf8mb4 COLLATE utf8mb4_general_ci DEFAULT NULL COMMENT '标题',
  `ali_pay` varchar(32) DEFAULT NULL COMMENT '支付宝收款码FileId',
  `weixin_pay` varchar(32) DEFAULT NULL COMMENT '微信收款码FileId',
  `github` varchar(255) DEFAULT NULL COMMENT 'github地址',
  `gitee` varchar(255) DEFAULT NULL COMMENT 'gitee地址',
  `qq_number` varchar(20) DEFAULT NULL COMMENT 'QQ号',
  `qq_group` varchar(20) DEFAULT NULL COMMENT 'QQ群',
  `we_chat` varchar(255) DEFAULT NULL COMMENT '微信号',
  `email` varchar(255) DEFAULT NULL COMMENT '邮箱',
  `show_list` varchar(255) DEFAULT NULL COMMENT '显示的列表（用于控制邮箱、QQ、QQ群、Github、Gitee、微信是否显示在前端）',
  `login_type_list` varchar(255) DEFAULT NULL COMMENT '登录方式列表（用于控制前端登录方式，如账号密码,码云,Github,QQ,微信）',
  `open_comment` varchar(1) DEFAULT '1' COMMENT '是否开启评论(0:否 1:是)',
  `open_mobile_comment` tinyint(1) NOT NULL DEFAULT '0' COMMENT '是否开启移动端评论(0:否， 1:是)',
  `open_admiration` tinyint(1) NOT NULL DEFAULT '0' COMMENT '是否开启赞赏(0:否， 1:是)',
  `open_mobile_admiration` tinyint(1) NOT NULL DEFAULT '0' COMMENT '是否开启移动端赞赏(0:否， 1:是)',
  `open_create_blog` tinyint(1) NOT NULL DEFAULT '0' COMMENT '是否开启用户创作(0:否， 1:是)',
  `link_apply_template` varchar(2018) DEFAULT NULL COMMENT '友链申请模板,添加友链申请模板格式',
  `open_create_question` tinyint(1) NOT NULL DEFAULT '0' COMMENT '是否开启问答 (0:否， 1:是)',
  `open_loading_valid` tinyint unsigned NOT NULL DEFAULT '1' COMMENT '是否开启加载校验，(0：不开启，1：开启)',
  `loading_valid_text` text COMMENT '加载校验文本',
  `loading_valid_file_uid` varchar(32) DEFAULT NULL COMMENT '加载校验图uid',
  PRIMARY KEY (`uid`)
) ENGINE=InnoDB DEFAULT CHARSET=utf8;

/*Data for the table `t_web_config` */

insert  into `t_web_config`(`uid`,`logo`,`NAME`,`summary`,`keyword`,`author`,`record_num`,`status`,`create_time`,`update_time`,`title`,`ali_pay`,`weixin_pay`,`github`,`gitee`,`qq_number`,`qq_group`,`we_chat`,`email`,`show_list`,`login_type_list`,`open_comment`,`open_mobile_comment`,`open_admiration`,`open_mobile_admiration`,`open_create_blog`,`link_apply_template`,`open_create_question`,`open_loading_valid`,`loading_valid_text`,`loading_valid_file_uid`) values ('a331e4933cf54afcbb8c0cb11ec0830e',',0a5331caf040ea332dfedcf3287935dc','蘑菇博客','蘑菇博客','蘑菇博客','陌溪','',1,'2018-11-17 08:15:27','2021-12-18 19:33:13','蘑菇博客','b4bb7ba9905203188eb89895f0e7c121','0a55fb8d7181493e4fe781a08ff522ad','https://github.com/moxi624','https://gitee.com/moxi159753','1595833114','950309755','','1595833114@qq.com','[\"2\",\"3\",\"4\",\"5\",\"1\"]','[\"3\",\"4\",\"1\",\"2\"]','1',0,1,0,1,'',1,1,NULL,NULL);

/*Table structure for table `t_web_navbar` */

DROP TABLE IF EXISTS `t_web_navbar`;

CREATE TABLE `t_web_navbar` (
  `uid` varchar(96) DEFAULT NULL,
  `name` varchar(765) DEFAULT NULL,
  `navbar_level` tinyint(1) DEFAULT NULL,
  `summary` varchar(600) DEFAULT NULL,
  `parent_uid` varchar(96) DEFAULT NULL,
  `url` varchar(765) DEFAULT NULL,
  `icon` varchar(150) DEFAULT NULL,
  `is_show` tinyint(1) DEFAULT NULL,
  `is_jump_external_url` tinyint(1) DEFAULT NULL,
  `sort` int DEFAULT NULL,
  `status` tinyint(1) DEFAULT NULL,
  `create_time` timestamp NOT NULL DEFAULT CURRENT_TIMESTAMP ON UPDATE CURRENT_TIMESTAMP,
  `update_time` timestamp NOT NULL DEFAULT CURRENT_TIMESTAMP ON UPDATE CURRENT_TIMESTAMP
) ENGINE=InnoDB DEFAULT CHARSET=utf8;

/*Data for the table `t_web_navbar` */

insert  into `t_web_navbar`(`uid`,`name`,`navbar_level`,`summary`,`parent_uid`,`url`,`icon`,`is_show`,`is_jump_external_url`,`sort`,`status`,`create_time`,`update_time`) values ('e186d3225e1405a0ee73995347b1c239','首页',1,'首页',NULL,'/','el-icon-remove',1,0,7,1,'2021-02-23 13:17:30','2021-02-23 17:05:31'),('c3e10b3c8d576ed24387934d5d0c0b81','关于我',1,'关于我',NULL,'/about','el-icon-user',1,0,6,1,'2021-02-23 13:18:43','2021-02-23 18:06:14'),('55bca78a37694c5a72b2910adde12d96','归档',1,'归档',NULL,'/sort','el-icon-camera',1,0,5,1,'2021-02-23 13:19:11','2021-02-23 15:30:37'),('abe6c960aa65fba7f728480fd933807f','分类',1,'博客分类',NULL,'/classify','el-icon-folder-checked',1,0,4,0,'2021-02-23 13:19:38','2021-12-18 19:34:57'),('0de9cfa4227c80530e43c534712156f5','标签',1,'博客标签',NULL,'/tag','el-icon-headset',1,0,3,0,'2021-02-23 13:20:01','2021-12-18 19:34:59'),('40277498960cfc2fb428c1ee4429676c','专题',1,'博客专题',NULL,'/subject','el-icon-data-analysis',1,0,2,1,'2021-02-23 13:20:22','2021-02-23 15:30:50'),('0d8a13137502ed28649888cfea40ee80','留言板',1,'留言板',NULL,'/messageBoard','el-icon-money',1,0,1,1,'2021-02-23 13:20:47','2021-02-23 15:30:53'),('94d59134ab64aac6d7994c80c6698f8a','博客源码',1,'博客源码',NULL,'https://gitee.com/moxi159753/mogu_blog_v2','el-icon-zoom-in',0,1,0,1,'2021-02-23 18:07:24','2021-10-07 23:38:24'),('a26eb81119b47bb34f733c4c38432021','博客详情',1,'博客详情页',NULL,'/info','el-icon-user',0,0,0,1,'2021-02-23 18:40:54','2021-02-23 18:40:54'),('7fb0684401ff99073c64dc956a9cb28a','博客列表',1,'博客列表',NULL,'/list','el-icon-picture-outline-round',0,0,0,1,'2021-02-23 18:57:19','2021-02-23 18:57:19'),('25bdfd2a854ea4af1bf1adcd676a711b','学习笔记',2,'学习笔记','94d59134ab64aac6d7994c80c6698f8a','https://gitee.com/moxi159753/LearningNotes','el-icon-folder-opened',1,1,0,1,'2021-02-27 12:43:40','2021-02-27 12:43:40'),('51f9db7329ccd382255c01f4ef371108','博客源码',1,'蘑菇博客源码','94d59134ab64aac6d7994c80c6698f8a','https://gitee.com/moxi159753/mogu_blog_v2','el-icon-tickets',1,1,0,0,'2021-02-27 13:06:13','2021-06-10 08:19:20'),('fcda0fc94ab6c8da6a970e1f654e9ffb','问答',1,'问答',NULL,'/question','el-icon-table-lamp',0,0,3,1,'2021-05-05 16:57:20','2021-10-07 23:38:34'),('43874141052cdc5edde25648dd7699b8','后端开发',1,'后端开发','','/list?sortUid=a03d7290b1c04b6eaf46659661b47032&&title=后端开发','el-icon-paperclip',0,0,0,1,'2021-06-10 08:20:37','2021-08-08 19:39:48');

/*Table structure for table `t_web_visit` */

DROP TABLE IF EXISTS `t_web_visit`;

CREATE TABLE `t_web_visit` (
  `uid` varchar(32) NOT NULL COMMENT '主键',
  `user_uid` varchar(255) DEFAULT NULL COMMENT '用户uid',
  `ip` varchar(255) DEFAULT NULL COMMENT '访问ip地址',
  `behavior` varchar(255) DEFAULT NULL COMMENT '用户行为',
  `module_uid` varchar(255) DEFAULT NULL COMMENT '模块uid（文章uid，标签uid，分类uid）',
  `other_data` varchar(255) DEFAULT NULL COMMENT '附加数据(比如搜索内容)',
  `status` tinyint(1) NOT NULL DEFAULT '1' COMMENT '状态',
  `create_time` timestamp NOT NULL DEFAULT '0000-00-00 00:00:00' COMMENT '创建时间',
  `update_time` timestamp NOT NULL DEFAULT '0000-00-00 00:00:00' COMMENT '更新时间',
  `os` varchar(255) DEFAULT NULL COMMENT '操作系统',
  `browser` varchar(255) DEFAULT NULL COMMENT '浏览器',
  `ip_source` varchar(255) DEFAULT NULL COMMENT 'ip来源',
  PRIMARY KEY (`uid`)
) ENGINE=InnoDB DEFAULT CHARSET=utf8 COMMENT='Web访问记录表';

/*Data for the table `t_web_visit` */

insert  into `t_web_visit`(`uid`,`user_uid`,`ip`,`behavior`,`module_uid`,`other_data`,`status`,`create_time`,`update_time`,`os`,`browser`,`ip_source`) values ('16c0ff601f145d0acf3ef8a1d063f60b',NULL,'112.10.222.237','visit_page',NULL,'INDEX',1,'2021-10-25 22:56:28','2021-10-25 22:56:28','Windows','Chrome-94.0.4606.81','中国|浙江省|杭州市|移动'),('3165c3e27c314d6cfdd7054897e37022',NULL,'112.10.222.237','visit_classify','a03d7290b1c04b6eaf46659661b47032',NULL,1,'2021-10-25 23:10:23','2021-10-25 23:10:23','Windows','Chrome-94.0.4606.81','中国|浙江省|杭州市|移动'),('3961f7b6a714762e803ad3451f27f816','42f5053b1dfb317ac679d3d050a6f19e','39.182.27.13','visit_page',NULL,'INDEX',1,'2021-12-18 19:36:45','2021-12-18 19:36:45','Windows','Chrome-94.0.4606.81','中国|浙江省|杭州市|移动'),('472abde598d3ccfea915ad748b7ee504','42f5053b1dfb317ac679d3d050a6f19e','39.182.27.13','visit_page',NULL,'INDEX',1,'2021-12-18 19:34:37','2021-12-18 19:34:37','Windows','Chrome-94.0.4606.81','中国|浙江省|杭州市|移动'),('4f6c3030874d6fccd68ec3fdd73a546b',NULL,'112.10.222.237','visit_page',NULL,'INDEX',1,'2021-10-25 22:55:41','2021-10-25 22:55:41','Windows','Chrome-94.0.4606.81','中国|浙江省|杭州市|移动'),('5ab98b8a8de32d23aaa58ced271fd86f',NULL,'112.10.222.237','visit_page',NULL,'INDEX',1,'2021-10-25 23:10:29','2021-10-25 23:10:29','Windows','Chrome-94.0.4606.81','中国|浙江省|杭州市|移动'),('5d9e90682ecf407116e0626638f60804','42f5053b1dfb317ac679d3d050a6f19e','39.182.27.13','visit_page',NULL,'INDEX',1,'2021-12-18 19:33:46','2021-12-18 19:33:46','Windows','Chrome-94.0.4606.81','中国|浙江省|杭州市|移动'),('66afb4d5ccc450b02b6e7392432a2b75','42f5053b1dfb317ac679d3d050a6f19e','39.182.27.13','visit_classify','a03d7290b1c04b6eaf46659661b47032',NULL,1,'2021-12-18 19:34:33','2021-12-18 19:34:33','Windows','Chrome-94.0.4606.81','中国|浙江省|杭州市|移动'),('687f531ba0ad773c9f1bd8c15d8a7c14',NULL,'112.10.222.237','visit_tag','7e0e93ea6cdb44ae92e58f48e6496ed7',NULL,1,'2021-10-25 23:10:23','2021-10-25 23:10:23','Windows','Chrome-94.0.4606.81','中国|浙江省|杭州市|移动'),('68ddba546a3e72c3f8dcce4f2209ac09','42f5053b1dfb317ac679d3d050a6f19e','39.182.27.13','visit_page',NULL,'INDEX',1,'2021-12-18 19:34:01','2021-12-18 19:34:01','Windows','Chrome-94.0.4606.81','中国|浙江省|杭州市|移动'),('73ab153defdc275a1a6d7aeea6e85ad8','42f5053b1dfb317ac679d3d050a6f19e','39.182.27.13','publish_comment',NULL,'今天是个好日子',1,'2021-12-18 19:46:39','2021-12-18 19:46:39','Windows','Chrome-94.0.4606.81','中国|浙江省|杭州市|移动'),('74e2441389a86ebcee77bf26b739bf8f','42f5053b1dfb317ac679d3d050a6f19e','39.182.27.13','visit_page',NULL,'关于我',1,'2021-12-18 19:34:25','2021-12-18 19:34:25','Windows','Chrome-94.0.4606.81','中国|浙江省|杭州市|移动'),('775b5d1ce6936bff75d80ee531d8e082',NULL,'39.182.27.13','visit_page',NULL,'INDEX',1,'2021-12-18 19:28:55','2021-12-18 19:28:55','Windows','Chrome-94.0.4606.81','中国|浙江省|杭州市|移动'),('88e63dea9654d14eedd39a1f23a08fef',NULL,'39.182.27.13','visit_page',NULL,'INDEX',1,'2021-12-18 19:30:37','2021-12-18 19:30:37','Windows','Chrome-94.0.4606.81','中国|浙江省|杭州市|移动'),('8df9a4983a1cc4683d3aa050ffa55390','42f5053b1dfb317ac679d3d050a6f19e','39.182.27.13','publish_comment',NULL,'我来测试测试',1,'2021-12-18 19:46:53','2021-12-18 19:46:53','Windows','Chrome-94.0.4606.81','中国|浙江省|杭州市|移动'),('9171b6f8c55ee7c2c74052be3c4f79c0',NULL,'112.10.222.237','visit_page',NULL,'INDEX',1,'2021-10-25 23:06:29','2021-10-25 23:06:29','Windows','Chrome-94.0.4606.81','中国|浙江省|杭州市|移动'),('97cf0c9e543294d5f393d9c7dc7a7556',NULL,'39.182.27.13','visit_page',NULL,'INDEX',1,'2021-12-18 19:27:45','2021-12-18 19:27:45','Windows','Chrome-94.0.4606.81','中国|浙江省|杭州市|移动'),('993333f4962c72d227a2fc36e206c320','42f5053b1dfb317ac679d3d050a6f19e','39.182.27.13','publish_comment',NULL,'开始测试啦',1,'2021-12-18 19:46:47','2021-12-18 19:46:47','Windows','Chrome-94.0.4606.81','中国|浙江省|杭州市|移动'),('9c6446d9c32f2e8aaa3a11f46c57b8d0',NULL,'39.182.27.13','visit_page',NULL,'INDEX',1,'2021-12-18 19:33:16','2021-12-18 19:33:16','Windows','Chrome-94.0.4606.81','中国|浙江省|杭州市|移动'),('a12e8967e3093d18f6425f2a75cd4f28','42f5053b1dfb317ac679d3d050a6f19e','39.182.27.13','publish_comment',NULL,'测试',1,'2021-12-18 19:46:32','2021-12-18 19:46:32','Windows','Chrome-94.0.4606.81','中国|浙江省|杭州市|移动'),('a26183b713589b0600abba094474b634','42f5053b1dfb317ac679d3d050a6f19e','39.182.27.13','publish_comment',NULL,'还可以接受吧\n',1,'2021-12-18 19:46:59','2021-12-18 19:46:59','Windows','Chrome-94.0.4606.81','中国|浙江省|杭州市|移动'),('a42f4c7e1bc4f5474df710fdfefc916d',NULL,'39.182.27.13','visit_page',NULL,'INDEX',1,'2021-12-18 19:27:27','2021-12-18 19:27:27','Windows','Chrome-94.0.4606.81','中国|浙江省|杭州市|移动'),('bbfe56795081b7d4cafe6a3704bee4ea','42f5053b1dfb317ac679d3d050a6f19e','39.182.27.13','visit_page',NULL,'关于我',1,'2021-12-18 19:34:32','2021-12-18 19:34:32','Windows','Chrome-94.0.4606.81','中国|浙江省|杭州市|移动'),('bd25d48abc7753dc9cc6fc4044d388e2',NULL,'112.10.222.237','visit_page',NULL,'INDEX',1,'2021-10-25 22:56:13','2021-10-25 22:56:13','Windows','Chrome-94.0.4606.81','中国|浙江省|杭州市|移动'),('c1f299400b0e2811d7dfbecf7d95ce36','42f5053b1dfb317ac679d3d050a6f19e','39.182.27.13','visit_page',NULL,'INDEX',1,'2021-12-18 19:33:26','2021-12-18 19:33:26','Windows','Chrome-94.0.4606.81','中国|浙江省|杭州市|移动'),('c316caa84ecd1c80e7f22f358556593d','42f5053b1dfb317ac679d3d050a6f19e','39.182.27.13','visit_page',NULL,'INDEX',1,'2021-12-18 19:34:09','2021-12-18 19:34:09','Windows','Chrome-94.0.4606.81','中国|浙江省|杭州市|移动'),('c8e9666eb654644d068007063413e809',NULL,'112.10.222.237','visit_page',NULL,'关于我',1,'2021-10-25 23:10:21','2021-10-25 23:10:21','Windows','Chrome-94.0.4606.81','中国|浙江省|杭州市|移动'),('c95308b254db17284401ad9dfc9d9823',NULL,'39.182.27.13','visit_page',NULL,'INDEX',1,'2021-12-18 19:32:40','2021-12-18 19:32:40','Windows','Chrome-94.0.4606.81','中国|浙江省|杭州市|移动'),('ca5eac0414572daa290e11d7e3bbfe6a','42f5053b1dfb317ac679d3d050a6f19e','39.182.27.13','visit_page',NULL,'INDEX',1,'2021-12-18 19:35:02','2021-12-18 19:35:02','Windows','Chrome-94.0.4606.81','中国|浙江省|杭州市|移动'),('cb12afe1d92f40befcc1dfbb7d5e79df',NULL,'39.182.27.13','visit_page',NULL,'INDEX',1,'2021-12-18 19:32:49','2021-12-18 19:32:49','Windows','Chrome-94.0.4606.81','中国|浙江省|杭州市|移动'),('d87be67d94134a415f97dd09be7455b8',NULL,'112.10.222.237','visit_page',NULL,'关于我',1,'2021-10-25 22:56:20','2021-10-25 22:56:20','Windows','Chrome-94.0.4606.81','中国|浙江省|杭州市|移动'),('dcff316d1aa90bfd3b820ced4f664cf2',NULL,'112.10.222.237','visit_sort',NULL,'2021年09月',1,'2021-10-25 23:10:21','2021-10-25 23:10:21','Windows','Chrome-94.0.4606.81','中国|浙江省|杭州市|移动'),('e4efc06fae830392ce67de0c759fbf5d','42f5053b1dfb317ac679d3d050a6f19e','39.182.27.13','visit_page',NULL,'INDEX',1,'2021-12-18 19:34:30','2021-12-18 19:34:30','Windows','Chrome-94.0.4606.81','中国|浙江省|杭州市|移动'),('eb1f46a06271e2c0d5010fdd3eff75a1',NULL,'112.10.222.237','visit_sort',NULL,'2021年09月',1,'2021-10-25 22:56:19','2021-10-25 22:56:19','Windows','Chrome-94.0.4606.81','中国|浙江省|杭州市|移动'),('f65c412a146fedd60cec5ce91e42fba7',NULL,'112.10.222.237','visit_page',NULL,'INDEX',1,'2021-10-25 23:09:52','2021-10-25 23:09:52','Windows','Chrome-94.0.4606.81','中国|浙江省|杭州市|移动');

/*!40101 SET SQL_MODE=@OLD_SQL_MODE */;
/*!40014 SET FOREIGN_KEY_CHECKS=@OLD_FOREIGN_KEY_CHECKS */;
/*!40014 SET UNIQUE_CHECKS=@OLD_UNIQUE_CHECKS */;
/*!40111 SET SQL_NOTES=@OLD_SQL_NOTES */;
